# Blender v2.82 (sub 7) OBJ File: 'lamp.blend'
# www.blender.org
mtllib lamp.mtl
o Cube.004_Cube.005
v 1.113692 3.663774 0.270241
v 1.113692 3.663774 -0.043889
v 0.839851 2.022539 0.838416
v 0.839851 2.053436 0.856254
v 0.804175 2.022539 0.838416
v 0.804175 2.053436 0.856254
v 1.142910 3.588640 -1.004754
v 1.161623 3.613225 -0.986916
v 1.114522 3.610249 -1.004754
v 1.132951 3.636900 -0.987135
v 0.839851 1.920396 0.087756
v 0.839851 2.219906 -0.431011
v 0.839851 2.250802 -0.413173
v 0.839851 1.951293 0.105594
v 1.113692 3.663774 -0.097402
v 1.152633 3.663774 -0.266584
v 1.152634 3.663774 -0.256285
v 0.830932 2.482783 -0.814974
v 1.113692 3.663774 -0.061727
v 1.113692 3.663774 -0.079565
v 0.804175 2.219906 -0.431011
v 0.804175 1.920396 0.087756
v 0.804175 1.951293 0.105594
v 0.804175 2.250802 -0.413173
v 0.839851 2.322049 0.319650
v 0.839851 2.621559 -0.199116
v 0.891134 2.921069 -0.717882
v 0.891134 2.951965 -0.700044
v 0.839851 2.652455 -0.181278
v 0.839851 2.352946 0.337488
v 0.839851 2.045712 0.851795
v 0.839851 2.037988 0.847335
v 0.839851 2.030263 0.842876
v 0.813094 2.022539 0.838416
v 0.822013 2.022539 0.838416
v 0.830932 2.022539 0.838416
v 0.830932 2.053436 0.856254
v 0.822013 2.053436 0.856254
v 0.813094 2.053436 0.856254
v 0.804175 2.045712 0.851795
v 0.804175 2.037988 0.847335
v 0.804175 2.030263 0.842876
v 0.855458 2.921069 -0.717882
v 0.804175 2.621559 -0.199116
v 0.804175 2.322049 0.319650
v 0.804175 2.352946 0.337488
v 0.804175 2.652455 -0.181278
v 0.855458 2.951965 -0.700044
v 0.839851 2.723702 0.551545
v 0.908805 3.023212 0.032778
v 0.991557 3.350319 -0.485988
v 1.147588 3.594786 -1.000294
v 1.152267 3.600932 -0.995835
v 1.156945 3.607078 -0.991375
v 1.010270 3.374903 -0.468150
v 0.908805 3.054108 0.050616
v 0.839851 2.754599 0.569383
v 0.963169 3.371928 -0.485988
v 0.873129 3.023212 0.032778
v 0.804175 2.723702 0.551545
v 0.804175 2.754599 0.569383
v 0.873129 3.054108 0.050616
v 0.981883 3.396512 -0.468150
v 1.129666 3.630980 -0.992942
v 1.123879 3.622541 -0.995835
v 1.119201 3.616395 -1.000294
v 1.135813 3.594042 -1.004754
v 1.128716 3.599444 -1.004754
v 1.121619 3.604846 -1.004754
v 1.139730 3.631387 -0.985349
v 1.147430 3.624029 -0.986916
v 1.154526 3.618627 -0.986916
v 0.908805 3.125355 0.783439
v 1.058457 3.448523 0.264673
v 0.839851 2.482303 -0.814143
v 1.070841 3.476829 0.282511
v 0.908805 3.156252 0.801277
v 1.025772 3.462823 0.264673
v 0.873129 3.125355 0.783439
v 0.873129 3.156252 0.801277
v 1.038156 3.491128 0.282511
v 0.822013 2.483262 -0.815805
v 0.882048 3.156252 0.801277
v 1.046327 3.487554 0.282511
v 0.890967 3.156252 0.801277
v 1.054499 3.483979 0.282511
v 0.899886 3.156252 0.801277
v 1.062670 3.480403 0.282511
v 0.899886 3.125355 0.783439
v 1.050286 3.452098 0.264673
v 0.822013 3.125355 0.783439
v 0.978942 3.483312 0.264673
v 0.882048 3.125355 0.783439
v 1.033943 3.459248 0.264673
v 0.873129 3.133080 0.787899
v 1.028868 3.469899 0.269132
v 0.873129 3.140804 0.792358
v 1.031964 3.476976 0.273592
v 0.873129 3.148528 0.796818
v 1.035060 3.484052 0.278052
v 1.061553 3.455599 0.269132
v 0.908805 3.133080 0.787899
v 1.064649 3.462676 0.273592
v 0.908805 3.140804 0.792358
v 1.067745 3.469752 0.278051
v 0.908805 3.148528 0.796818
v 0.813094 2.754599 0.569383
v 0.882048 3.054108 0.050616
v 0.988979 3.391110 -0.468150
v 0.822013 2.754599 0.569383
v 0.890967 3.054108 0.050616
v 0.996076 3.385708 -0.468150
v 0.830932 2.754599 0.569383
v 0.899886 3.054108 0.050616
v 1.003173 3.380306 -0.468150
v 0.830932 2.723702 0.551545
v 0.830932 3.023212 0.032778
v 0.929593 3.397486 -0.485988
v 0.822013 2.723702 0.551545
v 0.822013 3.023212 0.032778
v 0.922496 3.402888 -0.485988
v 0.813094 2.723702 0.551545
v 0.882048 3.023212 0.032778
v 0.970266 3.366526 -0.485988
v 1.126297 3.610992 -1.000294
v 1.133394 3.605590 -1.000294
v 1.140491 3.600188 -1.000294
v 1.130976 3.617139 -0.995835
v 1.138073 3.611737 -0.995835
v 1.145170 3.606334 -0.995835
v 1.136446 3.625467 -0.991156
v 1.142751 3.617882 -0.991375
v 1.149848 3.612480 -0.991375
v 0.804175 2.731426 0.556004
v 0.873129 3.030936 0.037238
v 0.967847 3.378074 -0.481528
v 0.804175 2.739151 0.560464
v 0.873129 3.038660 0.041697
v 0.972526 3.384220 -0.477069
v 0.804175 2.746875 0.564923
v 0.873129 3.046384 0.046157
v 0.977204 3.390366 -0.472609
v 0.996235 3.356465 -0.481528
v 0.908805 3.030936 0.037238
v 0.839851 2.731426 0.556004
v 1.000913 3.362611 -0.477069
v 0.908805 3.038660 0.041697
v 0.839851 2.739151 0.560464
v 1.005592 3.368757 -0.472609
v 0.908805 3.046384 0.046157
v 0.839851 2.746875 0.564923
v 0.813094 2.352946 0.337488
v 0.813094 2.652455 -0.181278
v 0.864377 2.951965 -0.700044
v 0.822013 2.352946 0.337488
v 0.822013 2.652455 -0.181278
v 0.873296 2.951965 -0.700044
v 0.830932 2.352946 0.337488
v 0.830932 2.652455 -0.181278
v 0.882215 2.951965 -0.700044
v 0.830932 2.322049 0.319650
v 0.830932 2.621559 -0.199116
v 0.882215 2.921069 -0.717882
v 0.822013 2.322049 0.319650
v 0.822013 2.621559 -0.199116
v 0.873296 2.921069 -0.717882
v 0.813094 2.322049 0.319650
v 0.813094 2.621559 -0.199116
v 0.864377 2.921069 -0.717882
v 0.804175 2.329773 0.324110
v 0.804175 2.629283 -0.194657
v 0.855458 2.928793 -0.713423
v 0.804175 2.337497 0.328569
v 0.804175 2.637007 -0.190197
v 0.855458 2.936517 -0.708963
v 0.804175 2.345222 0.333029
v 0.804175 2.644731 -0.185738
v 0.855458 2.944241 -0.704504
v 0.830932 2.030263 0.842876
v 0.822013 2.030263 0.842876
v 0.813094 2.030263 0.842876
v 0.830932 2.037988 0.847335
v 0.822013 2.037988 0.847335
v 0.813094 2.037988 0.847335
v 0.830932 2.045712 0.851795
v 0.822013 2.045712 0.851795
v 0.813094 2.045712 0.851795
v 0.891134 2.928793 -0.713423
v 0.839851 2.629283 -0.194657
v 0.839851 2.329773 0.324110
v 0.891134 2.936517 -0.708963
v 0.839851 2.637007 -0.190197
v 0.839851 2.337497 0.328569
v 0.891134 2.944241 -0.704504
v 0.839851 2.644731 -0.185738
v 0.839851 2.345222 0.333029
v 0.813094 1.951293 0.105594
v 0.813094 2.250802 -0.413173
v 0.822013 1.951293 0.105594
v 0.822013 2.250802 -0.413173
v 0.830932 1.951293 0.105594
v 0.830932 2.250802 -0.413173
v 0.830932 1.920396 0.087756
v 0.830932 2.219906 -0.431011
v 0.822013 1.920396 0.087756
v 0.822013 2.219906 -0.431011
v 0.813094 1.920396 0.087756
v 0.813094 2.219906 -0.431011
v 0.804175 1.928120 0.092215
v 0.804175 2.227630 -0.426551
v 0.804175 1.935844 0.096675
v 0.804175 2.235354 -0.422092
v 0.804175 1.943568 0.101134
v 0.804175 2.243078 -0.417632
v 1.112942 3.663774 -0.114720
v 1.152634 3.663774 -0.276883
v 1.152633 3.663774 -0.245986
v 1.152634 3.663774 -0.287182
v 0.839851 2.227630 -0.426551
v 0.839851 1.928120 0.092215
v 0.839851 2.235354 -0.422092
v 0.839851 1.935844 0.096675
v 0.839851 2.243078 -0.417632
v 0.839851 1.943568 0.101134
v 1.113692 3.663774 -0.265297
v 1.138647 3.650068 0.791799
v 1.131732 3.633625 0.822695
v 1.098845 3.647454 0.822695
v 0.839851 1.830339 -0.807894
v 0.839851 1.812501 -0.776997
v 0.813094 2.483742 -0.816636
v 0.804175 1.830339 -0.807894
v 0.804175 1.812501 -0.776997
v 0.839851 1.885317 0.294922
v 0.839851 2.404083 0.594432
v 0.839851 2.386245 0.625328
v 0.839851 1.867478 0.325819
v 1.113692 3.663774 0.259942
v 1.152633 3.663774 0.268954
v 1.142898 3.663774 0.287298
v 1.152633 3.663774 0.258655
v 1.113692 3.663774 -0.254998
v 0.804175 2.404083 0.594432
v 0.804175 1.885317 0.294922
v 0.804175 1.867478 0.325819
v 0.804175 2.386245 0.625328
v 0.839851 2.117211 -0.106731
v 0.839851 2.635977 0.192779
v 0.937550 3.171865 0.492289
v 1.136918 3.645957 0.799523
v 1.135189 3.641846 0.807247
v 1.133461 3.637736 0.814971
v 0.930635 3.155421 0.523185
v 0.839851 2.618139 0.223675
v 0.839851 2.099373 -0.075835
v 1.113692 3.663774 0.280539
v 0.804175 2.484222 -0.817467
v 1.133163 3.663774 -0.291688
v 1.133163 3.663774 -0.250492
v 1.113692 3.663774 -0.295679
v 1.113692 3.663774 -0.275596
v 1.142898 3.663774 -0.289434
v 1.142898 3.663774 -0.248239
v 0.904664 3.185694 0.492289
v 0.804175 2.635977 0.192779
v 0.804175 2.117211 -0.106731
v 0.804175 2.099373 -0.075835
v 0.804175 2.618139 0.223675
v 0.897749 3.169251 0.523185
v 1.100574 3.651565 0.814971
v 1.102303 3.655676 0.807247
v 1.104031 3.659787 0.799523
v 1.130425 3.653525 0.791799
v 1.122203 3.656983 0.791799
v 1.113982 3.660440 0.791799
v 1.107067 3.643997 0.822695
v 1.115288 3.640539 0.822695
v 1.123510 3.637082 0.822695
v 0.839851 2.349106 -0.508384
v 0.866138 2.867872 -0.208874
v 1.043134 3.413501 0.090636
v 0.804175 2.474478 -0.818427
v 1.035984 3.397159 0.121532
v 0.866138 2.850034 -0.177978
v 0.839851 2.331268 -0.477488
v 0.839851 1.816961 -0.784722
v 0.839851 1.821420 -0.792446
v 0.839851 1.825880 -0.800170
v 0.813094 1.830339 -0.807894
v 0.822013 1.830339 -0.807894
v 0.830932 1.830339 -0.807894
v 0.830932 1.812501 -0.776997
v 0.822013 1.812501 -0.776997
v 0.813094 1.812501 -0.776997
v 0.804175 1.816961 -0.784722
v 0.804175 1.821420 -0.792446
v 0.804175 1.825880 -0.800170
v 1.010450 3.427801 0.090636
v 0.830462 2.867872 -0.208874
v 0.804175 2.349106 -0.508384
v 0.804175 2.331268 -0.477488
v 0.830462 2.850034 -0.177978
v 1.003299 3.411458 0.121532
v 0.861286 2.733338 -0.801487
v 0.908805 3.099766 -0.610527
v 1.136085 3.625951 -0.311017
v 1.128935 3.609609 -0.280121
v 0.908805 3.081928 -0.579631
v 1.103401 3.640252 -0.311017
v 0.873129 3.099766 -0.610527
v 0.873129 3.081928 -0.579631
v 1.096250 3.623909 -0.280121
v 0.862747 2.748790 -0.802865
v 0.882048 3.081928 -0.579631
v 1.104422 3.620334 -0.280121
v 0.890967 3.081928 -0.579631
v 1.112593 3.616759 -0.280121
v 0.899886 3.081928 -0.579631
v 1.120764 3.613184 -0.280121
v 0.899886 3.099766 -0.610527
v 1.127914 3.629526 -0.311017
v 0.890967 3.099766 -0.610527
v 1.119743 3.633101 -0.311017
v 0.882048 3.099766 -0.610527
v 1.111572 3.636676 -0.311017
v 0.836922 2.760265 -0.806539
v 0.873129 3.095307 -0.602803
v 1.101613 3.636166 -0.303293
v 0.873129 3.090847 -0.595079
v 1.099826 3.632080 -0.295569
v 0.873129 3.086388 -0.587355
v 1.098038 3.627995 -0.287845
v 1.134298 3.621866 -0.303293
v 0.908805 3.095307 -0.602803
v 1.132510 3.617780 -0.295569
v 0.908805 3.090847 -0.595079
v 1.130723 3.613695 -0.287845
v 0.908805 3.086388 -0.587355
v 0.813094 2.331268 -0.477488
v 0.839381 2.850034 -0.177978
v 1.011471 3.407884 0.121532
v 0.822013 2.331268 -0.477488
v 0.848300 2.850034 -0.177978
v 1.019642 3.404308 0.121532
v 0.830932 2.331268 -0.477488
v 0.857219 2.850034 -0.177978
v 1.027813 3.400733 0.121532
v 0.830932 2.349106 -0.508384
v 0.857219 2.867872 -0.208874
v 1.034963 3.417076 0.090636
v 0.822013 2.349106 -0.508384
v 0.848300 2.867872 -0.208874
v 1.026792 3.420651 0.090636
v 0.813094 2.349106 -0.508384
v 0.839381 2.867872 -0.208874
v 1.018621 3.424226 0.090636
v 0.864208 2.764241 -0.804243
v 0.804175 2.344646 -0.500660
v 0.830462 2.863412 -0.201150
v 1.008662 3.423715 0.098360
v 0.804175 2.340187 -0.492936
v 0.830462 2.858953 -0.193426
v 1.006875 3.419630 0.106084
v 0.804175 2.335727 -0.485212
v 0.830462 2.854493 -0.185702
v 1.005087 3.415544 0.113808
v 0.830932 1.825880 -0.800170
v 0.822013 1.825880 -0.800170
v 0.813094 1.825880 -0.800170
v 0.830932 1.821420 -0.792446
v 0.822013 1.821420 -0.792446
v 0.813094 1.821420 -0.792446
v 0.830932 1.816961 -0.784722
v 0.822013 1.816961 -0.784722
v 0.813094 1.816961 -0.784722
v 1.041347 3.409415 0.098360
v 0.866138 2.863412 -0.201150
v 0.839851 2.344646 -0.500660
v 1.039559 3.405330 0.106084
v 0.866138 2.858953 -0.193426
v 0.839851 2.340187 -0.492936
v 1.037772 3.401244 0.113808
v 0.866138 2.854493 -0.185702
v 0.839851 2.335727 -0.485212
v 0.813094 2.099373 -0.075835
v 0.813094 2.618139 0.223675
v 0.905970 3.165793 0.523185
v 0.822013 2.099373 -0.075835
v 0.822013 2.618139 0.223675
v 0.914192 3.162336 0.523185
v 0.830932 2.099373 -0.075835
v 0.830932 2.618139 0.223675
v 0.922414 3.158879 0.523185
v 0.830932 2.117211 -0.106731
v 0.830932 2.635977 0.192779
v 0.929329 3.175322 0.492289
v 0.822013 2.117211 -0.106731
v 0.822013 2.635977 0.192779
v 0.921107 3.178779 0.492289
v 0.813094 2.117211 -0.106731
v 0.813094 2.635977 0.192779
v 0.912885 3.182237 0.492289
v 1.112253 3.656329 0.799523
v 1.120475 3.652872 0.799523
v 1.128696 3.649415 0.799523
v 1.110524 3.652219 0.807247
v 1.118746 3.648761 0.807247
v 1.126968 3.645304 0.807247
v 1.108796 3.648108 0.814971
v 1.117017 3.644650 0.814971
v 1.125239 3.641193 0.814971
v 0.804175 2.112751 -0.099007
v 0.804175 2.631518 0.200503
v 0.902935 3.181583 0.500013
v 0.804175 2.108292 -0.091283
v 0.804175 2.627058 0.208227
v 0.901206 3.177472 0.507737
v 0.804175 2.103832 -0.083559
v 0.804175 2.622599 0.215951
v 0.899477 3.173362 0.515461
v 1.123428 3.663774 -0.252745
v 1.123428 3.663774 -0.293940
v 1.113692 3.663774 -0.296193
v 1.113692 3.663774 -0.285895
v 0.935821 3.167754 0.500013
v 0.839851 2.631518 0.200503
v 0.839851 2.112751 -0.099007
v 0.934093 3.163643 0.507737
v 0.839851 2.627058 0.208227
v 0.839851 2.108292 -0.091283
v 0.932364 3.159532 0.515461
v 0.839851 2.622599 0.215951
v 0.839851 2.103832 -0.083559
v 0.813094 1.867478 0.325819
v 0.813094 2.386245 0.625328
v 0.822013 1.867478 0.325819
v 0.822013 2.386245 0.625328
v 0.830932 1.867478 0.325819
v 0.830932 2.386245 0.625328
v 0.830932 1.885317 0.294922
v 0.830932 2.404083 0.594432
v 0.822013 1.885317 0.294922
v 0.822013 2.404083 0.594432
v 0.813094 1.885317 0.294922
v 0.813094 2.404083 0.594432
v 0.804175 1.880857 0.302646
v 0.804175 2.399623 0.602156
v 0.804175 2.740024 0.819284
v 0.804175 1.876397 0.310370
v 0.804175 2.395164 0.609880
v 0.804175 1.871938 0.318094
v 0.804175 2.390704 0.617604
v 1.152633 3.663774 0.279252
v 1.152633 3.663774 0.289551
v 1.152633 3.663774 0.248356
v 1.148327 3.663774 0.288555
v 1.142898 3.663774 0.246103
v 1.133163 3.663774 0.285045
v 1.133163 3.663774 0.243850
v 0.839851 2.399623 0.602156
v 0.839851 1.880857 0.302646
v 0.839851 2.395164 0.609880
v 0.839851 1.876397 0.310370
v 0.839851 2.390704 0.617604
v 0.839851 1.871938 0.318094
v 1.123427 3.663774 0.241597
v 1.113692 3.663774 0.239344
v 1.113692 3.663774 0.249643
v 1.123427 3.663774 0.282792
v 0.830932 1.768795 0.227648
v 0.822013 1.768795 0.227648
v 0.813094 1.768795 0.268844
v 1.123427 3.663774 -0.050647
v 0.804175 1.768795 0.268844
v 0.813094 1.768795 0.227648
v 1.133163 3.663774 -0.057406
v 0.822013 1.768795 0.268844
v 0.839851 1.768795 0.258545
v 1.142898 3.663774 -0.064165
v 0.839851 1.768795 0.248246
v 0.804175 1.768795 0.258545
v 0.839851 1.768795 0.237947
v 1.152633 3.663774 -0.124438
v 0.839851 1.768795 0.227648
v 1.152633 3.663774 -0.070924
v 0.830932 1.768795 0.268844
v 0.839851 1.768795 0.268844
v 0.855112 2.762916 -0.805008
v 0.839851 1.768795 -0.297590
v 0.839851 1.768795 -0.276993
v 1.152633 3.663774 -0.106600
v 0.804175 1.768795 0.237947
v 1.152633 3.663774 -0.088762
v 0.804175 1.768795 0.227648
v 1.113692 3.663774 -0.115241
v 0.804175 1.768795 0.248246
v 1.123427 3.663774 -0.122000
v 0.839851 1.768795 -0.307889
v 0.813094 1.768795 -0.307889
v 1.152633 3.663774 -0.142276
v 0.822013 1.768795 -0.307889
v 1.142898 3.663774 -0.135517
v 0.804175 1.768795 -0.276993
v 0.804175 1.768795 -0.307889
v 0.804175 1.768795 -0.266694
v 1.105708 3.663774 0.792030
v 0.813094 1.768795 -0.266694
v 0.822013 1.768795 -0.266694
v 1.105708 3.663774 0.791721
v 0.839851 1.768795 -0.266694
v 0.804175 1.768795 -0.287291
v 1.106053 3.663774 0.791799
v 0.804175 1.768795 -0.297590
v 0.839851 1.768795 -0.287291
v 0.830932 1.768795 -0.307889
v 0.830932 1.768795 -0.266694
v 0.804175 1.768795 0.403850
v 0.813094 1.768795 0.421688
v 0.804175 1.768795 0.421688
v 0.822013 1.768795 0.421688
v 0.846017 2.761590 -0.805773
v 0.830932 1.768795 0.421688
v 0.839851 1.768795 0.421688
v 0.839851 1.768795 0.403850
v 0.804175 1.768795 0.386012
v 0.839851 1.768795 0.386012
v 0.839851 1.768795 0.368174
v 0.804175 1.768795 0.368174
v 0.822013 1.768795 0.350336
v 0.830932 1.768795 0.350336
v 0.839851 1.768795 0.350336
v 0.804175 1.768795 0.350336
v 0.813094 1.768795 0.350336
v 0.882215 3.003888 -0.861329
v 0.873296 3.004503 -0.862394
v 0.864377 3.005117 -0.863459
v 0.891134 3.003273 -0.860264
v 0.891134 3.015759 -0.864051
v 0.855458 3.018218 -0.868311
v 0.855458 3.005733 -0.864524
v 0.855458 3.030703 -0.872099
v 0.891134 3.028244 -0.867839
v 0.855458 3.043189 -0.875886
v 0.891134 3.040729 -0.871626
v 0.873296 3.056454 -0.881025
v 0.855458 3.044032 -0.876142
v 0.864377 3.057188 -0.882295
v 0.882215 3.055721 -0.879754
v 0.855458 3.057921 -0.883566
v 0.891134 3.044032 -0.872628
v 0.891134 3.054987 -0.878484
v 0.849268 2.701110 -0.799496
v 0.858364 2.702436 -0.798731
v 0.840173 2.699785 -0.800262
v 0.859825 2.717887 -0.800109
v 0.827827 2.758939 -0.807304
v 0.831078 2.698459 -0.801027
v 0.823444 2.712585 -0.803170
v 0.821983 2.697134 -0.801792
v 0.824905 2.728037 -0.804548
v 0.826366 2.743488 -0.805926
v 0.839851 2.472558 -0.815103
v 0.804175 2.466259 -0.819237
v 0.839851 2.466259 -0.815723
v 0.804175 2.464886 -0.819653
v 0.804175 2.456122 -0.822311
v 0.804175 2.447358 -0.824970
v 0.839851 2.463160 -0.816663
v 0.839851 2.454396 -0.819321
v 0.839851 2.445632 -0.821980
v 0.830932 2.446064 -0.822727
v 0.813094 2.446927 -0.824222
v 0.822013 2.446495 -0.823475
v 0.804175 2.750665 0.815129
v 0.804175 2.761305 0.810973
v 0.818470 2.768660 0.819833
v 0.804175 2.729383 0.823440
v 0.806661 2.731492 0.824657
v 0.819599 2.770781 0.819931
v 0.826316 2.798187 0.821968
v 0.822013 2.793172 0.819073
v 0.804175 2.770781 0.807273
v 0.813094 2.782777 0.813071
v 0.804175 2.772382 0.807070
v 0.863737 3.084563 0.854093
v 0.894795 3.064503 0.888838
v 0.887031 3.069519 0.880151
v 0.875870 3.076727 0.867666
v 0.871502 3.079548 0.862779
v 0.864431 3.103026 0.857791
v 0.864084 3.093795 0.855942
v 0.895489 3.082966 0.892536
v 0.895142 3.073735 0.890687
v 0.879854 3.111975 0.877966
v 0.872890 3.116473 0.870175
v 0.864778 3.112257 0.859640
v 0.865125 3.121488 0.861489
v 0.820485 3.074047 0.872308
v 0.895836 3.092197 0.894385
v 0.896183 3.101429 0.896234
v 0.888419 3.106443 0.887548
v 0.880784 3.112020 0.877888
v 0.880654 3.111458 0.878862
v 0.889803 3.112457 0.877132
v 0.898823 3.112893 0.876376
v 0.843666 3.097528 0.831638
v 0.898581 3.104118 0.873738
v 0.822013 3.107087 0.815081
v 0.843666 3.097528 0.831638
v 0.870796 3.076481 0.868091
v 0.888835 3.077354 0.866579
v 0.897854 3.077791 0.865823
v 0.898339 3.095342 0.871100
v 0.898096 3.086566 0.868461
v 0.830932 2.797238 0.821420
v 0.839851 2.795404 0.820361
v 0.839851 2.768660 0.817727
v 0.839851 2.773897 0.818243
v 0.839851 2.726655 0.821864
v 0.839851 2.757132 0.818863
v 0.830932 2.727955 0.822615
v 0.813094 2.730554 0.824116
v 0.822013 2.729254 0.823365
v 0.839851 2.741893 0.820363
v 0.804175 2.599573 0.837895
v 0.804175 2.588653 0.838970
v 0.813094 2.600111 0.836963
v 0.822013 2.600649 0.836032
v 0.830932 2.601186 0.835101
v 0.839851 2.601724 0.834169
v 0.839851 2.590804 0.835245
v 0.804175 2.577734 0.840046
v 0.804175 2.573569 0.840456
v 0.839851 2.579885 0.836320
v 0.839851 2.573569 0.836942
v 0.804175 2.565845 0.842799
v 0.804175 2.553360 0.846586
v 0.839851 2.568305 0.838539
v 0.839851 2.555819 0.842327
v 0.830932 2.555204 0.843392
v 0.813094 2.553975 0.845521
v 0.822013 2.554590 0.844457
v 1.163728 3.607404 -1.162320
v 0.873874 1.697775 -0.872465
v 1.163728 3.607404 1.163102
v 0.873874 1.697774 0.873248
v -1.161694 3.607404 -1.162320
v -0.871839 1.697775 -0.872465
v -1.161694 3.607404 1.163102
v -0.871839 1.697775 0.873248
v 0.918573 3.352789 -1.037749
v 0.827718 3.113843 -0.944444
v 0.776170 2.888274 -0.890755
v 0.759277 2.655163 -0.872652
v 0.759277 2.413886 -0.872465
v 0.759277 2.175182 -0.872465
v 0.759277 1.936478 -0.872466
v -0.871839 1.936478 0.746075
v -0.871839 2.175182 0.746075
v -0.871839 2.413886 0.746075
v -0.872046 2.655446 0.746075
v -0.890344 2.889412 0.763030
v -0.944511 3.116011 0.814821
v -1.038376 3.355661 0.905966
v 0.909739 3.354907 1.039455
v 0.818670 3.115442 0.945738
v 0.766943 2.889113 0.891696
v 0.750004 2.655372 0.873449
v 0.750004 2.413886 0.873248
v 0.750004 2.175182 0.873248
v 0.750004 1.936478 0.873248
v -0.916538 3.352789 -1.037749
v -0.825684 3.113843 -0.944444
v -0.774136 2.888274 -0.890755
v -0.757243 2.655163 -0.872652
v -0.757243 2.413886 -0.872465
v -0.757243 2.175182 -0.872465
v -0.757243 1.936478 -0.872466
v 0.961410 1.804178 -0.960001
v 0.961410 1.804178 0.960783
v -1.006794 1.833658 -1.007067
v -0.959375 1.804178 0.960784
v -0.726345 1.743625 -0.726496
v -0.726345 1.743625 0.726463
v 0.676935 1.746310 -0.675772
v 0.676935 1.746310 0.676545
v 1.254161 3.603031 -1.252753
v 1.254161 3.603031 1.253535
v -1.252126 3.603031 -1.252753
v -1.252126 3.603031 1.253535
v 0.759277 1.788198 -0.872465
v 0.873874 1.936478 -0.761881
v -0.757243 1.788198 -0.872465
v -0.871839 1.936478 -0.745293
v 1.038758 3.351873 -0.920986
v -0.999106 3.522938 -1.121411
v 1.001140 3.522938 -1.121411
v 0.945632 3.113151 -0.830224
v 0.892094 2.887911 -0.778754
v 0.874054 2.655073 -0.761881
v 0.873874 2.413886 -0.761881
v 0.873874 2.175182 -0.761881
v -1.038376 3.355660 -0.905184
v -0.944511 3.116012 -0.814039
v -0.890344 2.889412 -0.762248
v -0.872046 2.655446 -0.745293
v -0.871839 2.413886 -0.745293
v -0.871839 2.175182 -0.745293
v -0.871839 1.798122 -0.745292
v -0.871839 1.798122 0.746075
v -0.907704 3.354907 1.039455
v -0.871839 1.936478 -0.872466
v -1.116295 3.513669 0.982671
v -1.116295 3.513669 -0.981889
v -0.747969 1.936478 0.873248
v -0.747969 2.175182 0.873248
v -0.747969 2.413886 0.873248
v -0.747969 2.655372 0.873449
v -0.764908 2.889113 0.891696
v -0.816635 3.115442 0.945738
v -1.025705 3.326622 -1.026331
v -0.937500 3.094084 -0.938126
v -0.888163 2.877901 -0.888789
v -0.871839 2.652589 -0.872465
v -0.871839 2.413886 -0.872466
v -0.871839 2.175182 -0.872465
v -1.025705 3.326622 1.027113
v 0.873874 1.936478 0.762663
v -0.985949 3.516103 1.118883
v 0.987983 3.516103 1.118883
v 0.750004 1.795515 0.873248
v -0.747969 1.795515 0.873248
v -0.871839 1.936478 0.873248
v -0.871839 2.175182 0.873248
v -0.871839 2.413886 0.873248
v -0.871839 2.652589 0.873248
v -0.888163 2.877901 0.889572
v -0.937500 3.094084 0.938908
v 1.038757 3.351873 0.921769
v 0.945632 3.113151 0.831007
v 0.892094 2.887911 0.779536
v 0.874054 2.655073 0.762663
v 0.873874 2.413886 0.762663
v 0.873874 2.175182 0.762663
v 0.873874 1.936478 -0.872465
v 0.873874 1.936478 0.873248
v 0.873874 1.785032 -0.761881
v 1.124252 3.525895 -1.005424
v 0.873874 1.785032 0.762663
v 1.124252 3.525895 1.006206
v 1.027739 3.326622 -1.026331
v 0.939535 3.094084 -0.938126
v 0.890198 2.877901 -0.888789
v 0.873874 2.652589 -0.872465
v 0.873874 2.413886 -0.872465
v 0.873874 2.175182 -0.872465
v 1.027739 3.326622 1.027113
v 0.939534 3.094084 0.938908
v 0.890198 2.877901 0.889572
v 0.873874 2.652589 0.873248
v 0.873874 2.413886 0.873248
v 0.873874 2.175182 0.873248
v -0.798554 1.804777 -0.745292
v -0.798554 1.804777 0.746075
v -1.043010 3.520324 0.982671
v -1.043010 3.520324 -0.981888
v -0.798554 1.943133 0.746075
v -0.798554 1.943133 -0.745293
v -0.798554 2.181837 0.746075
v -0.798554 2.181837 -0.745292
v -0.798554 2.420541 0.746075
v -0.798554 2.420541 -0.745293
v -0.798761 2.662101 0.746075
v -0.798761 2.662101 -0.745292
v -0.817059 2.896068 0.763030
v -0.817059 2.896068 -0.762248
v -0.871226 3.122667 0.814821
v -0.871226 3.122667 -0.814039
v -0.965090 3.362316 0.905966
v -0.965090 3.362316 -0.905184
v 0.987983 3.521391 1.060605
v -0.985949 3.521391 1.060605
v -0.747969 1.800803 0.814970
v 0.750004 1.800803 0.814970
v 0.750004 1.941766 0.814970
v -0.747969 1.941766 0.814970
v 0.750004 2.180469 0.814970
v -0.747969 2.180469 0.814970
v 0.750004 2.419173 0.814970
v -0.747969 2.419173 0.814970
v 0.750004 2.660659 0.815172
v -0.747969 2.660659 0.815171
v 0.766943 2.894401 0.833418
v -0.764908 2.894401 0.833418
v 0.818670 3.120729 0.887460
v -0.816635 3.120729 0.887460
v 0.909739 3.360194 0.981177
v -0.907704 3.360194 0.981177
v 1.063383 3.531398 -1.005424
v 1.063383 3.531398 1.006206
v 0.813005 1.790535 0.762663
v 0.813005 1.790535 -0.761881
v 0.813005 1.941981 -0.761881
v 0.813005 1.941981 0.762663
v 0.813005 2.180685 -0.761881
v 0.813005 2.180685 0.762663
v 0.813005 2.419389 -0.761881
v 0.813005 2.419388 0.762663
v 0.813185 2.660576 -0.761881
v 0.813185 2.660576 0.762663
v 0.831226 2.893414 -0.778754
v 0.831226 2.893414 0.779536
v 0.884763 3.118654 -0.830224
v 0.884763 3.118654 0.831007
v 0.977889 3.357376 -0.920986
v 0.977889 3.357376 0.921769
v 0.759277 1.793285 -0.816251
v -0.757243 1.793285 -0.816251
v -0.999106 3.528026 -1.065197
v 1.001140 3.528026 -1.065197
v -0.757243 1.941566 -0.816251
v 0.759277 1.941566 -0.816251
v -0.757243 2.180269 -0.816251
v 0.759277 2.180269 -0.816251
v -0.757243 2.418973 -0.816251
v 0.759277 2.418973 -0.816251
v -0.757243 2.660251 -0.816438
v 0.759277 2.660251 -0.816438
v -0.774136 2.893362 -0.834540
v 0.776170 2.893362 -0.834540
v -0.825684 3.118930 -0.888230
v 0.827718 3.118930 -0.888230
v -0.916538 3.357876 -0.981534
v 0.918573 3.357876 -0.981534
v -1.006794 1.712175 -1.007067
v -0.959375 1.688323 0.960783
v 0.961410 1.688323 -0.960001
v 0.961410 1.688323 0.960783
v 0.604704 1.132956 0.604679
v 0.604704 1.132956 -0.604720
v -0.604695 1.132956 0.604679
v -0.604696 1.132956 -0.604720
v -0.709004 1.597107 -0.709029
v -0.604696 1.474508 -0.604720
v -0.604696 1.474508 0.604679
v -0.709004 1.597107 0.708987
v 0.709012 1.597107 -0.709029
v 0.604704 1.474508 -0.604720
v 0.604704 1.474508 0.604679
v 0.709012 1.597107 0.708988
v -0.902617 0.860467 -0.902641
v 0.902625 0.860467 -0.902642
v 0.902625 0.860467 0.902600
v -0.902617 0.860467 0.902600
v -0.704456 0.860467 0.704439
v 0.704464 0.860467 0.704439
v 0.704464 0.860467 -0.704481
v -0.704456 0.860467 -0.704481
v 0.704464 1.013439 0.704439
v 0.602778 1.132956 0.602753
v 0.704464 1.013439 -0.704481
v 0.602778 1.132956 -0.602794
v -0.602770 1.132956 0.602753
v -0.704456 1.013439 0.704439
v -0.602770 1.132956 -0.602794
v -0.704456 1.013439 -0.704481
v -0.902617 0.692859 -0.902641
v -0.902617 0.692859 0.902600
v 0.902625 0.692859 -0.902642
v 0.902625 0.692859 0.902600
v 1.254161 3.770444 1.253535
v -1.252126 3.770444 1.253535
v 1.254161 3.770444 -1.252753
v -1.252126 3.770444 -1.252752
v 0.730643 4.058665 0.730017
v -0.728608 4.058665 0.730017
v 0.730643 4.058665 -0.729235
v -0.728608 4.058665 -0.729235
v 0.974976 3.744164 0.996428
v 1.019131 3.770444 1.018505
v 0.997054 3.744164 0.974350
v -0.972942 3.744164 0.996428
v -0.995019 3.744164 0.974350
v -1.017097 3.770444 1.018505
v 0.997054 3.744164 -0.973568
v 1.019131 3.770444 -1.017723
v 0.974976 3.744164 -0.995645
v -0.995019 3.744164 -0.973568
v -0.972942 3.744164 -0.995645
v -1.017096 3.770444 -1.017723
v 0.974976 3.776443 0.996428
v 0.997054 3.776443 0.974350
v 0.981443 3.788984 0.980817
v -0.972942 3.776443 0.996428
v -0.979408 3.788984 0.980817
v -0.995019 3.776443 0.974350
v 0.997054 3.776443 -0.973568
v 0.974976 3.776443 -0.995645
v 0.981443 3.788984 -0.980034
v -0.995019 3.776443 -0.973568
v -0.979408 3.788984 -0.980034
v -0.972942 3.776443 -0.995645
v -1.110587 3.663774 -0.252232
v -1.110586 3.663774 0.061897
v -0.836745 2.022539 -0.820408
v -0.836746 2.053436 -0.838246
v -0.801069 2.022539 -0.820408
v -0.801069 2.053436 -0.838246
v -1.139804 3.588640 1.022762
v -1.158517 3.613224 1.004924
v -1.111416 3.610248 1.022762
v -1.129845 3.636900 1.005144
v -0.836746 1.920396 -0.069748
v -0.836746 2.219906 0.449019
v -0.836746 2.250802 0.431181
v -0.836746 1.951293 -0.087586
v -1.110586 3.663774 0.115411
v -1.149528 3.663774 0.284592
v -1.149528 3.663774 0.274293
v -0.827826 2.482782 0.832982
v -1.110586 3.663774 0.079735
v -1.110587 3.663774 0.097573
v -0.801070 2.219906 0.449019
v -0.801069 1.920396 -0.069748
v -0.801069 1.951293 -0.087586
v -0.801070 2.250802 0.431181
v -0.836746 2.322049 -0.301642
v -0.836746 2.621559 0.217124
v -0.883754 2.921069 0.735890
v -0.883753 2.951965 0.718052
v -0.836746 2.652455 0.199286
v -0.836746 2.352946 -0.319480
v -0.836745 2.045712 -0.833787
v -0.836745 2.037987 -0.829327
v -0.836745 2.030263 -0.824868
v -0.809988 2.022539 -0.820408
v -0.818907 2.022539 -0.820408
v -0.827826 2.022539 -0.820408
v -0.827827 2.053436 -0.838246
v -0.818908 2.053436 -0.838246
v -0.809989 2.053436 -0.838246
v -0.801069 2.045712 -0.833787
v -0.801069 2.037987 -0.829327
v -0.801069 2.030263 -0.824868
v -0.848078 2.921069 0.735890
v -0.801070 2.621559 0.217124
v -0.801069 2.322049 -0.301642
v -0.801069 2.352946 -0.319480
v -0.801070 2.652455 0.199286
v -0.848077 2.951965 0.718052
v -0.836746 2.723702 -0.533536
v -0.905699 3.023212 -0.014770
v -0.988451 3.350319 0.503996
v -1.144482 3.594786 1.018303
v -1.149161 3.600932 1.013843
v -1.153839 3.607078 1.009384
v -1.007164 3.374903 0.486158
v -0.905700 3.054108 -0.032608
v -0.836746 2.754599 -0.551375
v -0.960063 3.371927 0.503996
v -0.870023 3.023212 -0.014770
v -0.801069 2.723702 -0.533536
v -0.801069 2.754599 -0.551375
v -0.870024 3.054108 -0.032608
v -0.978777 3.396512 0.486158
v -1.126560 3.630980 1.010950
v -1.120773 3.622540 1.013843
v -1.116095 3.616395 1.018303
v -1.132707 3.594042 1.022762
v -1.125610 3.599444 1.022762
v -1.118513 3.604846 1.022762
v -1.136624 3.631387 1.003358
v -1.144324 3.624028 1.004924
v -1.151421 3.618626 1.004924
v -0.905699 3.125355 -0.765431
v -1.055351 3.448523 -0.246665
v -0.836746 2.482302 0.832151
v -1.067736 3.476828 -0.264503
v -0.905699 3.156251 -0.783269
v -1.022667 3.462823 -0.246665
v -0.870023 3.125355 -0.765431
v -0.870023 3.156251 -0.783269
v -1.035051 3.491128 -0.264503
v -0.818907 2.483262 0.833813
v -0.878942 3.156251 -0.783269
v -1.043222 3.487554 -0.264503
v -0.887861 3.156251 -0.783269
v -1.051393 3.483978 -0.264503
v -0.896780 3.156251 -0.783269
v -1.059565 3.480403 -0.264503
v -0.896780 3.125355 -0.765431
v -1.047180 3.452098 -0.246665
v -0.818908 3.125355 -0.765431
v -0.975837 3.483312 -0.246665
v -0.878942 3.125355 -0.765431
v -1.030838 3.459248 -0.246665
v -0.870023 3.133079 -0.769890
v -1.025763 3.469899 -0.251124
v -0.870023 3.140803 -0.774350
v -1.028859 3.476976 -0.255584
v -0.870023 3.148527 -0.778810
v -1.031955 3.484052 -0.260043
v -1.058447 3.455599 -0.251124
v -0.905699 3.133079 -0.769890
v -1.061543 3.462676 -0.255584
v -0.905699 3.140803 -0.774350
v -1.064640 3.469752 -0.260043
v -0.905699 3.148527 -0.778810
v -0.809988 2.754599 -0.551375
v -0.878943 3.054108 -0.032608
v -0.985874 3.391110 0.486158
v -0.818908 2.754599 -0.551375
v -0.887862 3.054108 -0.032608
v -0.992971 3.385708 0.486158
v -0.827827 2.754599 -0.551375
v -0.896781 3.054108 -0.032608
v -1.000067 3.380306 0.486158
v -0.827827 2.723702 -0.533536
v -0.827827 3.023212 -0.014770
v -0.926487 3.397485 0.503996
v -0.818908 2.723702 -0.533536
v -0.818908 3.023212 -0.014770
v -0.919390 3.402888 0.503996
v -0.809988 2.723702 -0.533536
v -0.878942 3.023212 -0.014770
v -0.967160 3.366525 0.503996
v -1.123192 3.610992 1.018303
v -1.130289 3.605590 1.018303
v -1.137385 3.600188 1.018303
v -1.127870 3.617138 1.013843
v -1.134967 3.611736 1.013843
v -1.142064 3.606334 1.013843
v -1.133340 3.625467 1.009164
v -1.139645 3.617882 1.009384
v -1.146742 3.612480 1.009383
v -0.801069 2.731426 -0.537996
v -0.870023 3.030936 -0.019230
v -0.964742 3.378073 0.499536
v -0.801069 2.739150 -0.542455
v -0.870024 3.038660 -0.023689
v -0.969420 3.384220 0.495077
v -0.801069 2.746874 -0.546915
v -0.870024 3.046384 -0.028149
v -0.974099 3.390366 0.490617
v -0.993129 3.356465 0.499536
v -0.905700 3.030936 -0.019230
v -0.836746 2.731426 -0.537996
v -0.997808 3.362611 0.495077
v -0.905700 3.038660 -0.023689
v -0.836746 2.739150 -0.542455
v -1.002486 3.368757 0.490617
v -0.905700 3.046384 -0.028149
v -0.836746 2.746874 -0.546915
v -0.809988 2.352946 -0.319480
v -0.809989 2.652455 0.199286
v -0.856996 2.951965 0.718052
v -0.818908 2.352946 -0.319480
v -0.818908 2.652455 0.199286
v -0.865915 2.951965 0.718052
v -0.827827 2.352946 -0.319480
v -0.827827 2.652455 0.199286
v -0.874834 2.951965 0.718052
v -0.827827 2.322049 -0.301642
v -0.827827 2.621559 0.217124
v -0.874835 2.921069 0.735890
v -0.818908 2.322049 -0.301642
v -0.818908 2.621559 0.217124
v -0.865916 2.921069 0.735890
v -0.809988 2.322049 -0.301642
v -0.809989 2.621559 0.217124
v -0.856997 2.921069 0.735890
v -0.801069 2.329773 -0.306102
v -0.801070 2.629283 0.212665
v -0.848078 2.928793 0.731431
v -0.801069 2.337497 -0.310561
v -0.801070 2.637007 0.208205
v -0.848078 2.936517 0.726971
v -0.801069 2.345222 -0.315021
v -0.801070 2.644731 0.203746
v -0.848078 2.944241 0.722512
v -0.827826 2.030263 -0.824868
v -0.818907 2.030263 -0.824868
v -0.809988 2.030263 -0.824868
v -0.827826 2.037987 -0.829327
v -0.818907 2.037987 -0.829327
v -0.809988 2.037987 -0.829327
v -0.827826 2.045712 -0.833787
v -0.818907 2.045712 -0.833787
v -0.809988 2.045712 -0.833787
v -0.883754 2.928793 0.731431
v -0.836746 2.629283 0.212665
v -0.836746 2.329773 -0.306102
v -0.883754 2.936517 0.726971
v -0.836746 2.637007 0.208205
v -0.836746 2.337497 -0.310561
v -0.883754 2.944241 0.722512
v -0.836746 2.644731 0.203746
v -0.836746 2.345222 -0.315021
v -0.809988 1.951293 -0.087586
v -0.809989 2.250802 0.431181
v -0.818908 1.951293 -0.087586
v -0.818908 2.250802 0.431181
v -0.827827 1.951293 -0.087586
v -0.827827 2.250802 0.431181
v -0.827827 1.920396 -0.069748
v -0.827827 2.219906 0.449019
v -0.818908 1.920396 -0.069748
v -0.818908 2.219906 0.449019
v -0.809988 1.920396 -0.069748
v -0.809989 2.219906 0.449019
v -0.801069 1.928120 -0.074207
v -0.801070 2.227630 0.444559
v -0.801069 1.935844 -0.078667
v -0.801070 2.235354 0.440100
v -0.801069 1.943568 -0.083126
v -0.801070 2.243078 0.435640
v -1.109836 3.663774 0.132728
v -1.149528 3.663774 0.294891
v -1.149528 3.663774 0.263995
v -1.149528 3.663774 0.305190
v -0.836746 2.227630 0.444559
v -0.836746 1.928120 -0.074207
v -0.836746 2.235354 0.440100
v -0.836746 1.935844 -0.078667
v -0.836746 2.243078 0.435640
v -0.836746 1.943568 -0.083126
v -1.110587 3.663774 0.283305
v -1.135541 3.650068 -0.773790
v -1.128627 3.633625 -0.804687
v -1.095740 3.647454 -0.804687
v -0.836746 1.830339 0.825902
v -0.836746 1.812501 0.795005
v -0.809988 2.483742 0.834644
v -0.801070 1.830339 0.825902
v -0.801070 1.812501 0.795006
v -0.836746 1.885316 -0.276914
v -0.836746 2.404083 -0.576424
v -0.836746 2.386245 -0.607320
v -0.836746 1.867478 -0.307810
v -1.110587 3.663774 -0.241934
v -1.149528 3.663774 -0.250945
v -1.139793 3.663774 -0.269290
v -1.149528 3.663774 -0.240647
v -1.110587 3.663774 0.273006
v -0.801069 2.404083 -0.576424
v -0.801070 1.885316 -0.276914
v -0.801070 1.867478 -0.307810
v -0.801069 2.386245 -0.607320
v -0.836746 2.117211 0.124739
v -0.836746 2.635977 -0.174771
v -0.934445 3.171864 -0.474281
v -1.133813 3.645957 -0.781515
v -1.132084 3.641846 -0.789239
v -1.130355 3.637735 -0.796963
v -0.927530 3.155421 -0.505177
v -0.836746 2.618139 -0.205667
v -0.836746 2.099373 0.093843
v -1.110587 3.663774 -0.262531
v -0.801069 2.484222 0.835475
v -1.130057 3.663774 0.309696
v -1.130057 3.663774 0.268500
v -1.110587 3.663774 0.313687
v -1.110587 3.663774 0.293604
v -1.139793 3.663774 0.307443
v -1.139792 3.663774 0.266247
v -0.901558 3.185694 -0.474281
v -0.801070 2.635977 -0.174771
v -0.801069 2.117211 0.124739
v -0.801069 2.099373 0.093843
v -0.801070 2.618139 -0.205667
v -0.894643 3.169250 -0.505177
v -1.097469 3.651565 -0.796963
v -1.099197 3.655676 -0.789239
v -1.100926 3.659786 -0.781515
v -1.127320 3.653525 -0.773790
v -1.119098 3.656982 -0.773791
v -1.110876 3.660440 -0.773791
v -1.103962 3.643997 -0.804687
v -1.112183 3.640539 -0.804687
v -1.120405 3.637082 -0.804687
v -0.836746 2.349105 0.526392
v -0.836746 2.867872 0.226882
v -1.040029 3.413501 -0.072628
v -0.801069 2.474477 0.836435
v -1.032879 3.397158 -0.103524
v -0.836746 2.850034 0.195986
v -0.836746 2.331267 0.495496
v -0.836746 1.816961 0.802729
v -0.836746 1.821420 0.810454
v -0.836746 1.825880 0.818178
v -0.809989 1.830339 0.825902
v -0.818908 1.830339 0.825902
v -0.827827 1.830339 0.825902
v -0.827827 1.812501 0.795005
v -0.818908 1.812501 0.795006
v -0.809989 1.812501 0.795006
v -0.801070 1.816961 0.802730
v -0.801070 1.821420 0.810454
v -0.801070 1.825880 0.818178
v -1.007344 3.427801 -0.072628
v -0.801070 2.867872 0.226882
v -0.801070 2.349105 0.526392
v -0.801070 2.331267 0.495496
v -0.801070 2.850034 0.195986
v -1.000194 3.411458 -0.103524
v -0.858180 2.733338 0.819495
v -0.905700 3.099766 0.628535
v -1.132980 3.625951 0.329026
v -1.125829 3.609609 0.298129
v -0.905700 3.081928 0.597639
v -1.100295 3.640251 0.329025
v -0.870023 3.099766 0.628535
v -0.870023 3.081928 0.597639
v -1.093145 3.623909 0.298129
v -0.859641 2.748790 0.820873
v -0.878943 3.081928 0.597639
v -1.101316 3.620334 0.298129
v -0.887862 3.081928 0.597639
v -1.109487 3.616759 0.298129
v -0.896781 3.081928 0.597639
v -1.117658 3.613184 0.298129
v -0.896781 3.099766 0.628535
v -1.124808 3.629526 0.329026
v -0.887862 3.099766 0.628535
v -1.116637 3.633101 0.329026
v -0.878943 3.099766 0.628535
v -1.108466 3.636676 0.329025
v -0.833816 2.760265 0.824547
v -0.870023 3.095307 0.620811
v -1.098507 3.636166 0.321302
v -0.870023 3.090847 0.613087
v -1.096720 3.632080 0.313577
v -0.870023 3.086388 0.605363
v -1.094932 3.627995 0.305853
v -1.131192 3.621866 0.321301
v -0.905700 3.095307 0.620811
v -1.129405 3.617780 0.313577
v -0.905700 3.090847 0.613087
v -1.127617 3.613694 0.305853
v -0.905700 3.086388 0.605363
v -0.809989 2.331267 0.495496
v -0.809989 2.850034 0.195986
v -1.008365 3.407883 -0.103524
v -0.818908 2.331267 0.495496
v -0.818908 2.850034 0.195986
v -1.016536 3.404308 -0.103524
v -0.827827 2.331267 0.495496
v -0.827827 2.850034 0.195986
v -1.024708 3.400733 -0.103524
v -0.827827 2.349105 0.526392
v -0.827827 2.867872 0.226882
v -1.031857 3.417076 -0.072628
v -0.818908 2.349105 0.526392
v -0.818908 2.867872 0.226882
v -1.023686 3.420650 -0.072627
v -0.809989 2.349105 0.526392
v -0.809989 2.867872 0.226882
v -1.015515 3.424226 -0.072628
v -0.861102 2.764241 0.822251
v -0.801070 2.344646 0.518668
v -0.801070 2.863412 0.219158
v -1.005557 3.423715 -0.080352
v -0.801070 2.340186 0.510944
v -0.801070 2.858953 0.211434
v -1.003769 3.419630 -0.088076
v -0.801070 2.335727 0.503220
v -0.801070 2.854493 0.203710
v -1.001981 3.415544 -0.095800
v -0.827827 1.825880 0.818178
v -0.818908 1.825880 0.818178
v -0.809989 1.825880 0.818178
v -0.827827 1.821420 0.810454
v -0.818908 1.821420 0.810454
v -0.809989 1.821420 0.810454
v -0.827827 1.816961 0.802729
v -0.818908 1.816961 0.802730
v -0.809989 1.816961 0.802730
v -1.038241 3.409415 -0.080352
v -0.836746 2.863412 0.219158
v -0.836746 2.344646 0.518668
v -1.036454 3.405329 -0.088076
v -0.836746 2.858953 0.211434
v -0.836746 2.340186 0.510944
v -1.034666 3.401244 -0.095800
v -0.836746 2.854493 0.203710
v -0.836746 2.335727 0.503220
v -0.809988 2.099373 0.093843
v -0.809989 2.618139 -0.205667
v -0.902865 3.165793 -0.505177
v -0.818908 2.099373 0.093843
v -0.818908 2.618139 -0.205667
v -0.911087 3.162336 -0.505177
v -0.827827 2.099373 0.093843
v -0.827827 2.618139 -0.205667
v -0.919308 3.158878 -0.505177
v -0.827827 2.117211 0.124739
v -0.827827 2.635977 -0.174771
v -0.926223 3.175322 -0.474281
v -0.818908 2.117211 0.124739
v -0.818908 2.635977 -0.174771
v -0.918001 3.178779 -0.474281
v -0.809988 2.117211 0.124739
v -0.809989 2.635977 -0.174771
v -0.909780 3.182236 -0.474281
v -1.109148 3.656329 -0.781515
v -1.117369 3.652872 -0.781515
v -1.125591 3.649414 -0.781515
v -1.107419 3.652218 -0.789239
v -1.115641 3.648761 -0.789239
v -1.123862 3.645303 -0.789239
v -1.105690 3.648108 -0.796963
v -1.113912 3.644650 -0.796963
v -1.122134 3.641193 -0.796963
v -0.801069 2.112751 0.117015
v -0.801070 2.631518 -0.182495
v -0.899829 3.181583 -0.482005
v -0.801069 2.108292 0.109291
v -0.801070 2.627058 -0.190219
v -0.898101 3.177472 -0.489729
v -0.801069 2.103832 0.101567
v -0.801070 2.622599 -0.197943
v -0.896372 3.173361 -0.497453
v -1.120322 3.663774 0.270753
v -1.120322 3.663774 0.311949
v -1.110587 3.663774 0.314201
v -1.110587 3.663774 0.303903
v -0.932716 3.167753 -0.482005
v -0.836746 2.631518 -0.182495
v -0.836746 2.112751 0.117015
v -0.930987 3.163643 -0.489729
v -0.836746 2.627058 -0.190219
v -0.836746 2.108292 0.109291
v -0.929259 3.159532 -0.497453
v -0.836746 2.622599 -0.197943
v -0.836746 2.103832 0.101567
v -0.809989 1.867478 -0.307810
v -0.809989 2.386245 -0.607320
v -0.818908 1.867478 -0.307810
v -0.818908 2.386245 -0.607320
v -0.827827 1.867478 -0.307810
v -0.827827 2.386245 -0.607320
v -0.827827 1.885316 -0.276914
v -0.827827 2.404083 -0.576424
v -0.818908 1.885316 -0.276914
v -0.818908 2.404083 -0.576424
v -0.809989 1.885316 -0.276914
v -0.809989 2.404083 -0.576424
v -0.801070 1.880857 -0.284638
v -0.801069 2.399623 -0.584148
v -0.801069 2.740024 -0.801276
v -0.801070 1.876397 -0.292362
v -0.801069 2.395164 -0.591872
v -0.801070 1.871938 -0.300086
v -0.801069 2.390704 -0.599596
v -1.149528 3.663774 -0.261244
v -1.149528 3.663774 -0.271543
v -1.149528 3.663774 -0.230348
v -1.145221 3.663774 -0.270546
v -1.139793 3.663774 -0.228095
v -1.130057 3.663774 -0.267037
v -1.130057 3.663774 -0.225842
v -0.836746 2.399623 -0.584148
v -0.836746 1.880857 -0.284638
v -0.836746 2.395164 -0.591872
v -0.836746 1.876397 -0.292362
v -0.836746 2.390704 -0.599596
v -0.836746 1.871938 -0.300086
v -1.120322 3.663774 -0.223589
v -1.110587 3.663774 -0.221336
v -1.110587 3.663774 -0.231635
v -1.120322 3.663774 -0.264784
v -0.827827 1.768795 -0.209640
v -0.818908 1.768795 -0.209640
v -0.809989 1.768795 -0.250836
v -1.120322 3.663774 0.068655
v -0.801070 1.768795 -0.250836
v -0.809989 1.768795 -0.209640
v -1.130057 3.663774 0.075414
v -0.818908 1.768795 -0.250836
v -0.836746 1.768795 -0.240537
v -1.139792 3.663774 0.082173
v -0.836746 1.768795 -0.230238
v -0.801070 1.768795 -0.240537
v -0.836746 1.768795 -0.219939
v -1.149528 3.663774 0.142446
v -0.836746 1.768795 -0.209640
v -1.149528 3.663774 0.088932
v -0.827827 1.768795 -0.250836
v -0.836746 1.768795 -0.250836
v -0.852007 2.762916 0.823016
v -0.836746 1.768795 0.315598
v -0.836746 1.768795 0.295001
v -1.149528 3.663774 0.124608
v -0.801070 1.768795 -0.219939
v -1.149528 3.663774 0.106770
v -0.801070 1.768795 -0.209640
v -1.110586 3.663774 0.133249
v -0.801070 1.768795 -0.230238
v -1.120322 3.663774 0.140008
v -0.836746 1.768795 0.325897
v -0.809989 1.768795 0.325897
v -1.149528 3.663774 0.160284
v -0.818908 1.768795 0.325897
v -1.139792 3.663774 0.153526
v -0.801070 1.768795 0.295001
v -0.801070 1.768795 0.325897
v -0.801070 1.768795 0.284702
v -1.102603 3.663774 -0.774022
v -0.809989 1.768795 0.284702
v -0.818908 1.768795 0.284702
v -1.102603 3.663774 -0.773713
v -0.836746 1.768795 0.284702
v -0.801070 1.768795 0.305300
v -1.102947 3.663774 -0.773791
v -0.801070 1.768795 0.315598
v -0.836746 1.768795 0.305300
v -0.827827 1.768795 0.325897
v -0.827827 1.768795 0.284702
v -0.801069 1.768795 -0.385842
v -0.809988 1.768795 -0.403680
v -0.801069 1.768795 -0.403680
v -0.818908 1.768795 -0.403680
v -0.842912 2.761590 0.823781
v -0.827827 1.768795 -0.403680
v -0.836746 1.768795 -0.403680
v -0.836746 1.768795 -0.385842
v -0.801069 1.768795 -0.368004
v -0.836746 1.768795 -0.368004
v -0.836746 1.768795 -0.350166
v -0.801069 1.768795 -0.350166
v -0.818908 1.768795 -0.332328
v -0.827827 1.768795 -0.332328
v -0.836746 1.768795 -0.332328
v -0.801070 1.768795 -0.332328
v -0.809989 1.768795 -0.332328
v -0.874834 3.003888 0.879337
v -0.865915 3.004503 0.880402
v -0.856996 3.005117 0.881467
v -0.883753 3.003273 0.878272
v -0.883753 3.015759 0.882060
v -0.848077 3.018218 0.886319
v -0.848077 3.005732 0.882532
v -0.848077 3.030703 0.890107
v -0.883753 3.028244 0.885847
v -0.848077 3.043189 0.893894
v -0.883753 3.040729 0.889634
v -0.865915 3.056454 0.899033
v -0.848077 3.044032 0.894150
v -0.856996 3.057188 0.900303
v -0.874834 3.055721 0.897762
v -0.848077 3.057921 0.901574
v -0.883753 3.044032 0.890636
v -0.883753 3.054987 0.896492
v -0.846162 2.701110 0.817504
v -0.855258 2.702435 0.816739
v -0.837067 2.699785 0.818270
v -0.856719 2.717887 0.818117
v -0.824721 2.758939 0.825312
v -0.827972 2.698459 0.819035
v -0.820338 2.712585 0.821178
v -0.818877 2.697134 0.819800
v -0.821799 2.728036 0.822556
v -0.823260 2.743488 0.823934
v -0.836746 2.472558 0.833111
v -0.801069 2.466259 0.837245
v -0.836746 2.466259 0.833731
v -0.801069 2.464886 0.837661
v -0.801069 2.456122 0.840319
v -0.801069 2.447358 0.842978
v -0.836746 2.463160 0.834671
v -0.836746 2.454396 0.837330
v -0.836746 2.445632 0.839988
v -0.827826 2.446064 0.840735
v -0.809988 2.446927 0.842230
v -0.818907 2.446495 0.841483
v -0.801069 2.750664 -0.797121
v -0.801069 2.761305 -0.792965
v -0.815365 2.768659 -0.801825
v -0.801069 2.729383 -0.805431
v -0.803556 2.731492 -0.806649
v -0.816493 2.770781 -0.801923
v -0.823211 2.798187 -0.803960
v -0.818908 2.793172 -0.801065
v -0.801069 2.770781 -0.789265
v -0.809989 2.782777 -0.795063
v -0.801069 2.772382 -0.789062
v -0.860632 3.084563 -0.836085
v -0.891690 3.064503 -0.870830
v -0.883926 3.069518 -0.862143
v -0.872765 3.076727 -0.849658
v -0.868397 3.079548 -0.844771
v -0.861326 3.103025 -0.839783
v -0.860979 3.093794 -0.837934
v -0.892384 3.082966 -0.874528
v -0.892037 3.073735 -0.872679
v -0.876748 3.111975 -0.859958
v -0.869785 3.116473 -0.852167
v -0.861673 3.112257 -0.841632
v -0.862020 3.121488 -0.843481
v -0.817380 3.074047 -0.854300
v -0.892731 3.092197 -0.876377
v -0.893078 3.101428 -0.878226
v -0.885313 3.106443 -0.869540
v -0.877679 3.112020 -0.859880
v -0.877549 3.111458 -0.860854
v -0.886698 3.112457 -0.859124
v -0.895717 3.112893 -0.858368
v -0.840560 3.097527 -0.813630
v -0.895475 3.104117 -0.855730
v -0.818908 3.107087 -0.797072
v -0.840560 3.097527 -0.813630
v -0.867691 3.076481 -0.850083
v -0.885730 3.077354 -0.848571
v -0.894749 3.077791 -0.847815
v -0.895233 3.095342 -0.853091
v -0.894991 3.086566 -0.850453
v -0.827827 2.797238 -0.803412
v -0.836746 2.795404 -0.802353
v -0.836746 2.768659 -0.799719
v -0.836746 2.773897 -0.800235
v -0.836746 2.726655 -0.803856
v -0.836746 2.757132 -0.800854
v -0.827827 2.727954 -0.804607
v -0.809989 2.730554 -0.806107
v -0.818908 2.729254 -0.805357
v -0.836746 2.741893 -0.802355
v -0.801069 2.599573 -0.819887
v -0.801069 2.588653 -0.820962
v -0.809989 2.600111 -0.818955
v -0.818908 2.600648 -0.818024
v -0.827827 2.601186 -0.817092
v -0.836746 2.601724 -0.816161
v -0.836746 2.590804 -0.817237
v -0.801069 2.577734 -0.822038
v -0.801069 2.573569 -0.822448
v -0.836746 2.579885 -0.818312
v -0.836746 2.573569 -0.818934
v -0.801069 2.565845 -0.824791
v -0.801069 2.553360 -0.828578
v -0.836746 2.568305 -0.820531
v -0.836746 2.555819 -0.824319
v -0.827827 2.555204 -0.825384
v -0.809989 2.553975 -0.827513
v -0.818908 2.554589 -0.826448
v 0.278510 3.615985 -1.119543
v -0.035619 3.615985 -1.119542
v 0.846686 1.974750 -0.845701
v 0.864524 2.005647 -0.845701
v 0.846686 1.974750 -0.810025
v 0.864524 2.005647 -0.810025
v -0.996484 3.540851 -1.113236
v -0.978646 3.565435 -1.131950
v -0.996484 3.562459 -1.084849
v -0.978866 3.589111 -1.103277
v 0.096025 1.872607 -0.845702
v -0.422741 2.172117 -0.845702
v -0.404903 2.203013 -0.845701
v 0.113864 1.903503 -0.845701
v -0.089133 3.615985 -1.119542
v -0.258314 3.615985 -1.132443
v -0.248016 3.615985 -1.132443
v -0.806704 2.434993 -0.836783
v -0.053457 3.615985 -1.119542
v -0.071295 3.615985 -1.119542
v -0.422741 2.172117 -0.810025
v 0.096025 1.872607 -0.810025
v 0.113864 1.903503 -0.810025
v -0.404903 2.203013 -0.810025
v 0.327920 2.274260 -0.845701
v -0.190846 2.573770 -0.845702
v -0.709612 2.873280 -0.892709
v -0.691774 2.904176 -0.892709
v -0.173008 2.604666 -0.845702
v 0.345758 2.305156 -0.845701
v 0.860065 1.997923 -0.845701
v 0.855605 1.990198 -0.845701
v 0.851146 1.982474 -0.845701
v 0.846686 1.974750 -0.818944
v 0.846686 1.974750 -0.827863
v 0.846686 1.974750 -0.836782
v 0.864524 2.005647 -0.836782
v 0.864524 2.005647 -0.827863
v 0.864524 2.005647 -0.818944
v 0.860065 1.997923 -0.810025
v 0.855605 1.990198 -0.810025
v 0.851146 1.982474 -0.810025
v -0.709612 2.873280 -0.857033
v -0.190846 2.573770 -0.810025
v 0.327920 2.274260 -0.810025
v 0.345758 2.305156 -0.810025
v -0.173008 2.604666 -0.810025
v -0.691774 2.904176 -0.857033
v 0.559814 2.675913 -0.845701
v 0.041048 2.975423 -0.914655
v -0.477718 3.302530 -0.997407
v -0.992025 3.546997 -1.117914
v -0.987565 3.553143 -1.122593
v -0.983106 3.559289 -1.127271
v -0.459880 3.327114 -1.016120
v 0.058886 3.006319 -0.914655
v 0.577652 2.706810 -0.845701
v -0.477718 3.324138 -0.969019
v 0.041048 2.975423 -0.878979
v 0.559814 2.675913 -0.810025
v 0.577652 2.706810 -0.810025
v 0.058886 3.006319 -0.878979
v -0.459880 3.348723 -0.987733
v -0.984672 3.583191 -1.099992
v -0.987565 3.574751 -1.094205
v -0.992025 3.568605 -1.089527
v -0.996484 3.546253 -1.106139
v -0.996484 3.551655 -1.099042
v -0.996484 3.557057 -1.091945
v -0.977080 3.583597 -1.110056
v -0.978646 3.576239 -1.117756
v -0.978646 3.570837 -1.124853
v 0.791709 3.077566 -0.914655
v 0.272943 3.400733 -1.064307
v -0.805873 2.434513 -0.845702
v 0.290781 3.429039 -1.076692
v 0.809547 3.108463 -0.914655
v 0.272943 3.415034 -1.031623
v 0.791709 3.077566 -0.878979
v 0.809547 3.108463 -0.878979
v 0.290781 3.443339 -1.044007
v -0.807535 2.435473 -0.827864
v 0.809547 3.108463 -0.887898
v 0.290781 3.439764 -1.052178
v 0.809547 3.108463 -0.896817
v 0.290781 3.436189 -1.060349
v 0.809547 3.108463 -0.905736
v 0.290781 3.432614 -1.068520
v 0.791709 3.077566 -0.905736
v 0.272943 3.404309 -1.056136
v 0.791709 3.077566 -0.827863
v 0.272943 3.435523 -0.984793
v 0.791709 3.077566 -0.887898
v 0.272943 3.411458 -1.039794
v 0.796168 3.085290 -0.878979
v 0.277402 3.422110 -1.034719
v 0.800628 3.093014 -0.878979
v 0.281862 3.429187 -1.037815
v 0.805087 3.100739 -0.878979
v 0.286321 3.436263 -1.040911
v 0.277402 3.407810 -1.067403
v 0.796168 3.085290 -0.914655
v 0.281862 3.414886 -1.070499
v 0.800628 3.093014 -0.914655
v 0.286321 3.421963 -1.073595
v 0.805087 3.100739 -0.914655
v 0.577652 2.706810 -0.818944
v 0.058886 3.006319 -0.887898
v -0.459880 3.343321 -0.994830
v 0.577652 2.706810 -0.827863
v 0.058886 3.006319 -0.896817
v -0.459880 3.337919 -1.001927
v 0.577652 2.706810 -0.836782
v 0.058886 3.006319 -0.905736
v -0.459880 3.332516 -1.009024
v 0.559814 2.675913 -0.836782
v 0.041048 2.975423 -0.836782
v -0.477718 3.349697 -0.935443
v 0.559814 2.675913 -0.827863
v 0.041048 2.975423 -0.827863
v -0.477718 3.355099 -0.928346
v 0.559814 2.675913 -0.818944
v 0.041048 2.975423 -0.887898
v -0.477718 3.318736 -0.976116
v -0.992025 3.563203 -1.096624
v -0.992025 3.557801 -1.103721
v -0.992025 3.552399 -1.110818
v -0.987565 3.569349 -1.101302
v -0.987565 3.563947 -1.108399
v -0.987565 3.558545 -1.115496
v -0.982886 3.577677 -1.106772
v -0.983106 3.570093 -1.113077
v -0.983106 3.564691 -1.120174
v 0.564274 2.683637 -0.810025
v 0.045508 2.983147 -0.878979
v -0.473259 3.330284 -0.973698
v 0.568733 2.691361 -0.810025
v 0.049967 2.990871 -0.878979
v -0.468799 3.336431 -0.978376
v 0.573193 2.699085 -0.810025
v 0.054427 2.998595 -0.878979
v -0.464340 3.342577 -0.983054
v -0.473259 3.308676 -1.002085
v 0.045508 2.983147 -0.914655
v 0.564274 2.683637 -0.845701
v -0.468799 3.314822 -1.006764
v 0.049967 2.990871 -0.914655
v 0.568733 2.691361 -0.845701
v -0.464340 3.320968 -1.011442
v 0.054427 2.998595 -0.914655
v 0.573193 2.699085 -0.845701
v 0.345758 2.305156 -0.818944
v -0.173008 2.604666 -0.818944
v -0.691774 2.904176 -0.865952
v 0.345758 2.305156 -0.827863
v -0.173008 2.604666 -0.827863
v -0.691774 2.904176 -0.874871
v 0.345758 2.305156 -0.836782
v -0.173008 2.604666 -0.836783
v -0.691774 2.904176 -0.883790
v 0.327920 2.274260 -0.836782
v -0.190846 2.573770 -0.836783
v -0.709612 2.873280 -0.883790
v 0.327920 2.274260 -0.827863
v -0.190846 2.573770 -0.827863
v -0.709612 2.873280 -0.874871
v 0.327920 2.274260 -0.818944
v -0.190846 2.573770 -0.818944
v -0.709612 2.873280 -0.865952
v 0.332379 2.281984 -0.810025
v -0.186387 2.581494 -0.810025
v -0.705153 2.881004 -0.857033
v 0.336839 2.289708 -0.810025
v -0.181927 2.589218 -0.810025
v -0.700693 2.888728 -0.857033
v 0.341298 2.297432 -0.810025
v -0.177468 2.596942 -0.810025
v -0.696234 2.896452 -0.857033
v 0.851146 1.982474 -0.836782
v 0.851146 1.982474 -0.827863
v 0.851146 1.982474 -0.818944
v 0.855605 1.990198 -0.836782
v 0.855605 1.990198 -0.827863
v 0.855605 1.990198 -0.818944
v 0.860065 1.997923 -0.836782
v 0.860065 1.997923 -0.827863
v 0.860065 1.997923 -0.818944
v -0.705153 2.881004 -0.892709
v -0.186387 2.581494 -0.845702
v 0.332379 2.281984 -0.845701
v -0.700693 2.888728 -0.892709
v -0.181927 2.589218 -0.845702
v 0.336839 2.289708 -0.845701
v -0.696234 2.896452 -0.892709
v -0.177468 2.596942 -0.845702
v 0.341298 2.297432 -0.845701
v 0.113864 1.903503 -0.818944
v -0.404903 2.203013 -0.818944
v 0.113864 1.903503 -0.827863
v -0.404903 2.203013 -0.827863
v 0.113864 1.903503 -0.836782
v -0.404903 2.203013 -0.836782
v 0.096025 1.872607 -0.836782
v -0.422741 2.172117 -0.836783
v 0.096025 1.872607 -0.827863
v -0.422741 2.172117 -0.827863
v 0.096025 1.872607 -0.818944
v -0.422741 2.172117 -0.818944
v 0.100485 1.880331 -0.810025
v -0.418281 2.179841 -0.810025
v 0.104945 1.888055 -0.810025
v -0.413822 2.187565 -0.810025
v 0.109404 1.895779 -0.810025
v -0.409362 2.195289 -0.810025
v -0.106450 3.615985 -1.118792
v -0.268613 3.615985 -1.132443
v -0.237717 3.615985 -1.132443
v -0.278912 3.615985 -1.132443
v -0.418281 2.179841 -0.845702
v 0.100485 1.880331 -0.845701
v -0.413822 2.187565 -0.845702
v 0.104945 1.888055 -0.845702
v -0.409362 2.195289 -0.845702
v 0.109404 1.895779 -0.845701
v -0.257027 3.615985 -1.093502
v 0.800068 3.602279 -1.144497
v 0.830965 3.585835 -1.137582
v 0.830965 3.599665 -1.104696
v -0.799624 1.782550 -0.845702
v -0.768728 1.764712 -0.845702
v -0.808366 2.435953 -0.818944
v -0.799624 1.782550 -0.810026
v -0.768728 1.764712 -0.810026
v 0.303192 1.837528 -0.845702
v 0.602702 2.356294 -0.845702
v 0.633598 2.338455 -0.845702
v 0.334088 1.819689 -0.845702
v 0.268211 3.615985 -1.119543
v 0.277223 3.615985 -1.158484
v 0.295568 3.615985 -1.148749
v 0.266924 3.615985 -1.158484
v -0.246729 3.615985 -1.093502
v 0.602702 2.356294 -0.810025
v 0.303192 1.837528 -0.810025
v 0.334088 1.819689 -0.810025
v 0.633598 2.338455 -0.810025
v -0.098461 2.069422 -0.845702
v 0.201049 2.588188 -0.871652
v 0.500558 3.124075 -0.943401
v 0.807792 3.598168 -1.142769
v 0.815516 3.594057 -1.141040
v 0.823241 3.589946 -1.139311
v 0.531455 3.107632 -0.936486
v 0.231945 2.570350 -0.871652
v -0.067565 2.051584 -0.845702
v 0.288809 3.615985 -1.119543
v -0.809197 2.436433 -0.810025
v -0.283418 3.615985 -1.112972
v -0.242223 3.615985 -1.112972
v -0.287409 3.615985 -1.093502
v -0.267326 3.615985 -1.093502
v -0.281165 3.615985 -1.122708
v -0.239970 3.615985 -1.122708
v 0.500558 3.137905 -0.910514
v 0.201049 2.588188 -0.835976
v -0.098461 2.069422 -0.810026
v -0.067565 2.051584 -0.810026
v 0.231945 2.570350 -0.835976
v 0.531455 3.121462 -0.903599
v 0.823241 3.603776 -1.106425
v 0.815517 3.607887 -1.108153
v 0.807792 3.611998 -1.109882
v 0.800068 3.605736 -1.136276
v 0.800068 3.609193 -1.128054
v 0.800068 3.612651 -1.119832
v 0.830965 3.596208 -1.112918
v 0.830965 3.592750 -1.121139
v 0.830965 3.589293 -1.129361
v -0.500114 2.301316 -0.845702
v -0.200604 2.820083 -0.890365
v 0.098906 3.365712 -1.048985
v -0.810157 2.426688 -0.810025
v 0.129802 3.349369 -1.041835
v -0.169708 2.802244 -0.890365
v -0.469218 2.283478 -0.845702
v -0.776452 1.769172 -0.845702
v -0.784176 1.773631 -0.845702
v -0.791900 1.778091 -0.845702
v -0.799624 1.782550 -0.818945
v -0.799624 1.782550 -0.827864
v -0.799624 1.782550 -0.836783
v -0.768728 1.764712 -0.836783
v -0.768728 1.764712 -0.827864
v -0.768728 1.764712 -0.818945
v -0.776452 1.769172 -0.810026
v -0.784176 1.773631 -0.810026
v -0.791900 1.778091 -0.810026
v 0.098905 3.380012 -1.016300
v -0.200604 2.820083 -0.854689
v -0.500114 2.301316 -0.810026
v -0.469218 2.283478 -0.810026
v -0.169708 2.802244 -0.854689
v 0.129802 3.363669 -1.009150
v -0.793217 2.685549 -0.867136
v -0.602258 3.051977 -0.914656
v -0.302748 3.578162 -1.115895
v -0.271851 3.561820 -1.108745
v -0.571361 3.034139 -0.914656
v -0.302748 3.592462 -1.083210
v -0.602258 3.051977 -0.878980
v -0.571361 3.034139 -0.878980
v -0.271851 3.576120 -1.076060
v -0.794595 2.701000 -0.868597
v -0.571361 3.034139 -0.887899
v -0.271851 3.572545 -1.084231
v -0.571361 3.034139 -0.896818
v -0.271851 3.568970 -1.092402
v -0.571361 3.034139 -0.905737
v -0.271851 3.565395 -1.100574
v -0.602258 3.051977 -0.905737
v -0.302748 3.581737 -1.107724
v -0.602258 3.051977 -0.896818
v -0.302748 3.585312 -1.099552
v -0.602258 3.051977 -0.887899
v -0.302748 3.588887 -1.091381
v -0.798269 2.712476 -0.842772
v -0.594533 3.047518 -0.878980
v -0.295024 3.588377 -1.081423
v -0.586809 3.043058 -0.878980
v -0.287300 3.584291 -1.079635
v -0.579085 3.038599 -0.878979
v -0.279575 3.580205 -1.077848
v -0.295024 3.574076 -1.114107
v -0.594533 3.047518 -0.914656
v -0.287299 3.569991 -1.112320
v -0.586809 3.043058 -0.914656
v -0.279575 3.565905 -1.110532
v -0.579085 3.038599 -0.914656
v -0.469218 2.283478 -0.818945
v -0.169708 2.802244 -0.863608
v 0.129802 3.360094 -1.017321
v -0.469218 2.283478 -0.827864
v -0.169708 2.802244 -0.872527
v 0.129802 3.356519 -1.025492
v -0.469218 2.283478 -0.836783
v -0.169708 2.802244 -0.881446
v 0.129802 3.352944 -1.033664
v -0.500114 2.301316 -0.836783
v -0.200604 2.820083 -0.881446
v 0.098905 3.369287 -1.040814
v -0.500114 2.301316 -0.827864
v -0.200604 2.820083 -0.872527
v 0.098905 3.372861 -1.032642
v -0.500114 2.301316 -0.818945
v -0.200604 2.820083 -0.863608
v 0.098905 3.376436 -1.024471
v -0.795973 2.716452 -0.870058
v -0.492390 2.296857 -0.810025
v -0.192880 2.815623 -0.854689
v 0.106630 3.375926 -1.014512
v -0.484666 2.292397 -0.810026
v -0.185156 2.811163 -0.854689
v 0.114354 3.371840 -1.012725
v -0.476942 2.287938 -0.810026
v -0.177432 2.806704 -0.854689
v 0.122078 3.367755 -1.010937
v -0.791900 1.778091 -0.836783
v -0.791900 1.778091 -0.827864
v -0.791900 1.778091 -0.818945
v -0.784176 1.773631 -0.836783
v -0.784176 1.773631 -0.827864
v -0.784176 1.773631 -0.818945
v -0.776452 1.769172 -0.836783
v -0.776452 1.769172 -0.827864
v -0.776452 1.769172 -0.818945
v 0.106630 3.361626 -1.047197
v -0.192880 2.815623 -0.890365
v -0.492390 2.296857 -0.845702
v 0.114354 3.357540 -1.045410
v -0.185156 2.811163 -0.890365
v -0.484666 2.292397 -0.845702
v 0.122078 3.353455 -1.043622
v -0.177432 2.806704 -0.890365
v -0.476942 2.287938 -0.845702
v -0.067565 2.051584 -0.818945
v 0.231945 2.570350 -0.844895
v 0.531455 3.118004 -0.911821
v -0.067565 2.051584 -0.827864
v 0.231945 2.570350 -0.853814
v 0.531455 3.114547 -0.920043
v -0.067565 2.051584 -0.836783
v 0.231945 2.570350 -0.862733
v 0.531455 3.111089 -0.928264
v -0.098461 2.069422 -0.836783
v 0.201049 2.588188 -0.862733
v 0.500558 3.127532 -0.935179
v -0.098461 2.069422 -0.827864
v 0.201049 2.588188 -0.853814
v 0.500558 3.130990 -0.926957
v -0.098461 2.069422 -0.818945
v 0.201049 2.588188 -0.844895
v 0.500558 3.134448 -0.918736
v 0.807792 3.608540 -1.118104
v 0.807792 3.605083 -1.126325
v 0.807792 3.601625 -1.134547
v 0.815516 3.604429 -1.116375
v 0.815517 3.600972 -1.124597
v 0.815516 3.597515 -1.132818
v 0.823241 3.600318 -1.114646
v 0.823241 3.596861 -1.122868
v 0.823241 3.593404 -1.131090
v -0.090737 2.064962 -0.810025
v 0.208773 2.583729 -0.835976
v 0.508283 3.133794 -0.908785
v -0.083013 2.060503 -0.810025
v 0.216497 2.579269 -0.835976
v 0.516007 3.129683 -0.907057
v -0.075289 2.056043 -0.810025
v 0.224221 2.574810 -0.835976
v 0.523731 3.125572 -0.905328
v -0.244476 3.615985 -1.103237
v -0.285671 3.615985 -1.103237
v -0.287924 3.615985 -1.093502
v -0.277625 3.615985 -1.093502
v 0.508283 3.119965 -0.941672
v 0.208773 2.583729 -0.871652
v -0.090737 2.064962 -0.845702
v 0.516007 3.115854 -0.939943
v 0.216497 2.579269 -0.871652
v -0.083013 2.060503 -0.845702
v 0.523731 3.111743 -0.938215
v 0.224221 2.574810 -0.871652
v -0.075289 2.056043 -0.845702
v 0.334088 1.819689 -0.818944
v 0.633598 2.338455 -0.818944
v 0.334088 1.819689 -0.827864
v 0.633598 2.338455 -0.827863
v 0.334088 1.819689 -0.836783
v 0.633598 2.338455 -0.836783
v 0.303192 1.837528 -0.836783
v 0.602702 2.356294 -0.836783
v 0.303192 1.837527 -0.827863
v 0.602702 2.356294 -0.827863
v 0.303192 1.837527 -0.818944
v 0.602702 2.356294 -0.818944
v 0.310916 1.833068 -0.810025
v 0.610426 2.351834 -0.810025
v 0.827554 2.692235 -0.810025
v 0.318640 1.828608 -0.810025
v 0.618150 2.347375 -0.810025
v 0.326364 1.824149 -0.810025
v 0.625874 2.342915 -0.810025
v 0.287522 3.615985 -1.158484
v 0.297821 3.615985 -1.158484
v 0.256626 3.615985 -1.158484
v 0.296824 3.615985 -1.154177
v 0.254373 3.615985 -1.148749
v 0.293315 3.615985 -1.139013
v 0.252120 3.615985 -1.139013
v 0.610426 2.351834 -0.845702
v 0.310916 1.833068 -0.845702
v 0.618150 2.347375 -0.845702
v 0.318640 1.828608 -0.845702
v 0.625874 2.342915 -0.845702
v 0.326364 1.824149 -0.845702
v 0.249867 3.615985 -1.129278
v 0.247614 3.615985 -1.119543
v 0.257913 3.615985 -1.119542
v 0.291062 3.615985 -1.129278
v 0.235918 1.721006 -0.836783
v 0.235918 1.721006 -0.827864
v 0.277113 1.721006 -0.818945
v -0.042378 3.615985 -1.129278
v 0.277113 1.721006 -0.810026
v 0.235918 1.721006 -0.818944
v -0.049136 3.615985 -1.139013
v 0.277113 1.721006 -0.827864
v 0.266815 1.721006 -0.845702
v -0.055895 3.615985 -1.148748
v 0.256516 1.721006 -0.845702
v 0.266815 1.721006 -0.810026
v 0.246217 1.721006 -0.845702
v -0.116169 3.615985 -1.158484
v 0.235918 1.721006 -0.845702
v -0.062654 3.615985 -1.158484
v 0.277113 1.721006 -0.836783
v 0.277114 1.721006 -0.845702
v -0.796738 2.715127 -0.860963
v -0.289320 1.721006 -0.845702
v -0.268723 1.721006 -0.845702
v -0.098330 3.615985 -1.158484
v 0.246217 1.721006 -0.810025
v -0.080492 3.615985 -1.158484
v 0.235918 1.721006 -0.810025
v -0.106971 3.615985 -1.119543
v 0.256516 1.721006 -0.810025
v -0.113730 3.615985 -1.129278
v -0.299619 1.721006 -0.845702
v -0.299619 1.721006 -0.818945
v -0.134006 3.615985 -1.158484
v -0.299619 1.721006 -0.827864
v -0.127248 3.615985 -1.148749
v -0.268723 1.721006 -0.810026
v -0.299619 1.721006 -0.810025
v -0.258424 1.721006 -0.810026
v 0.800300 3.615985 -1.111559
v -0.258424 1.721006 -0.818945
v -0.258424 1.721006 -0.827864
v 0.799991 3.615985 -1.111559
v -0.258424 1.721006 -0.845702
v -0.279022 1.721006 -0.810026
v 0.800068 3.615985 -1.111903
v -0.289320 1.721006 -0.810025
v -0.279022 1.721006 -0.845702
v -0.299619 1.721006 -0.836783
v -0.258424 1.721006 -0.836783
v 0.412120 1.721006 -0.810025
v 0.429958 1.721006 -0.818944
v 0.429958 1.721006 -0.810025
v 0.429958 1.721006 -0.827863
v -0.797504 2.713801 -0.851867
v 0.429958 1.721006 -0.836782
v 0.429958 1.721006 -0.845701
v 0.412120 1.721006 -0.845701
v 0.394282 1.721006 -0.810025
v 0.394282 1.721006 -0.845701
v 0.376444 1.721006 -0.845701
v 0.376444 1.721006 -0.810025
v 0.358606 1.721006 -0.827863
v 0.358606 1.721006 -0.836782
v 0.358606 1.721006 -0.845701
v 0.358606 1.721006 -0.810025
v 0.358606 1.721006 -0.818944
v -0.853059 2.956099 -0.883790
v -0.854124 2.956713 -0.874871
v -0.855189 2.957328 -0.865952
v -0.851994 2.955484 -0.892709
v -0.855782 2.967969 -0.892709
v -0.860042 2.970428 -0.857033
v -0.856254 2.957943 -0.857033
v -0.863829 2.982914 -0.857033
v -0.859569 2.980455 -0.892710
v -0.867616 2.995399 -0.857033
v -0.863356 2.992940 -0.892709
v -0.872755 3.008665 -0.874871
v -0.867872 2.996243 -0.857033
v -0.874026 3.009399 -0.865952
v -0.871485 3.007932 -0.883790
v -0.875296 3.010132 -0.857033
v -0.864358 2.996243 -0.892709
v -0.870214 3.007198 -0.892709
v -0.791227 2.653321 -0.855119
v -0.790461 2.654646 -0.864214
v -0.791992 2.651995 -0.846023
v -0.791839 2.670098 -0.865675
v -0.799034 2.711150 -0.833677
v -0.792757 2.650670 -0.836928
v -0.794900 2.664796 -0.829294
v -0.793522 2.649344 -0.827833
v -0.796278 2.680247 -0.830755
v -0.797656 2.695698 -0.832216
v -0.806833 2.424769 -0.845702
v -0.810967 2.418469 -0.810025
v -0.807453 2.418469 -0.845702
v -0.811383 2.417097 -0.810025
v -0.814042 2.408333 -0.810025
v -0.816700 2.399569 -0.810025
v -0.808393 2.415371 -0.845702
v -0.811052 2.406607 -0.845702
v -0.813710 2.397843 -0.845702
v -0.814458 2.398274 -0.836783
v -0.815952 2.399137 -0.818944
v -0.815205 2.398706 -0.827864
v 0.823398 2.702876 -0.810025
v 0.819243 2.713516 -0.810025
v 0.828103 2.720870 -0.824321
v 0.831709 2.681594 -0.810025
v 0.832927 2.683702 -0.812512
v 0.828201 2.722992 -0.825449
v 0.830238 2.750398 -0.832167
v 0.827342 2.745383 -0.827864
v 0.815543 2.722992 -0.810025
v 0.821341 2.734988 -0.818944
v 0.815339 2.724593 -0.810026
v 0.862363 3.036774 -0.869588
v 0.897108 3.016714 -0.900646
v 0.888421 3.021729 -0.892881
v 0.875936 3.028938 -0.881721
v 0.871049 3.031759 -0.877353
v 0.866061 3.055237 -0.870282
v 0.864212 3.046005 -0.869935
v 0.900806 3.035177 -0.901340
v 0.898956 3.025946 -0.900993
v 0.886236 3.064186 -0.885704
v 0.878445 3.068684 -0.878740
v 0.867910 3.064468 -0.870629
v 0.869759 3.073699 -0.870976
v 0.880578 3.026258 -0.826336
v 0.902655 3.044408 -0.901687
v 0.904504 3.053639 -0.902034
v 0.895818 3.058654 -0.894269
v 0.886158 3.064231 -0.886634
v 0.887131 3.063669 -0.886505
v 0.885402 3.064668 -0.895654
v 0.884646 3.065104 -0.904673
v 0.839908 3.049738 -0.849517
v 0.882008 3.056329 -0.904431
v 0.823350 3.059298 -0.827863
v 0.839908 3.049738 -0.849517
v 0.876361 3.028692 -0.876647
v 0.874849 3.029565 -0.894686
v 0.874093 3.030002 -0.903705
v 0.879369 3.047553 -0.904189
v 0.876731 3.038777 -0.903947
v 0.829690 2.749449 -0.836783
v 0.828631 2.747615 -0.845702
v 0.825997 2.720870 -0.845702
v 0.826513 2.726108 -0.845702
v 0.830134 2.678866 -0.845702
v 0.827132 2.709343 -0.845702
v 0.830885 2.680166 -0.836783
v 0.832385 2.682765 -0.818944
v 0.831635 2.681465 -0.827864
v 0.828633 2.694104 -0.845702
v 0.846164 2.551784 -0.810025
v 0.847240 2.540864 -0.810025
v 0.845233 2.552322 -0.818944
v 0.844302 2.552860 -0.827863
v 0.843370 2.553397 -0.836782
v 0.842439 2.553935 -0.845701
v 0.843514 2.543015 -0.845701
v 0.848316 2.529944 -0.810025
v 0.848726 2.525780 -0.810025
v 0.844590 2.532095 -0.845701
v 0.845212 2.525780 -0.845701
v 0.851069 2.518056 -0.810025
v 0.854856 2.505571 -0.810025
v 0.846809 2.520515 -0.845702
v 0.850596 2.508030 -0.845701
v 0.851661 2.507415 -0.836782
v 0.853791 2.506186 -0.818944
v 0.852726 2.506800 -0.827863
v -0.256898 3.615985 1.112749
v 0.057231 3.615985 1.112748
v -0.825074 1.974750 0.838907
v -0.842912 2.005647 0.838907
v -0.825074 1.974750 0.803231
v -0.842912 2.005647 0.803231
v 1.018097 3.540851 1.100518
v 1.000259 3.565435 1.119232
v 1.018097 3.562459 1.072131
v 1.000478 3.589111 1.090559
v -0.074413 1.872607 0.838907
v 0.444353 2.172117 0.838907
v 0.426515 2.203013 0.838907
v -0.092251 1.903503 0.838907
v 0.110745 3.615985 1.112748
v 0.279927 3.615985 1.151690
v 0.269628 3.615985 1.151690
v 0.828317 2.434993 0.829988
v 0.075070 3.615985 1.112748
v 0.092908 3.615985 1.112748
v 0.444353 2.172117 0.803231
v -0.074413 1.872607 0.803231
v -0.092251 1.903503 0.803231
v 0.426515 2.203013 0.803231
v -0.306307 2.274260 0.838907
v 0.212459 2.573770 0.838907
v 0.731225 2.873280 0.885915
v 0.713387 2.904176 0.885915
v 0.194621 2.604666 0.838907
v -0.324145 2.305156 0.838907
v -0.838452 1.997923 0.838907
v -0.833993 1.990198 0.838907
v -0.829533 1.982474 0.838907
v -0.825074 1.974750 0.812150
v -0.825074 1.974750 0.821069
v -0.825074 1.974750 0.829988
v -0.842912 2.005647 0.829988
v -0.842912 2.005647 0.821069
v -0.842912 2.005647 0.812150
v -0.838452 1.997923 0.803231
v -0.833993 1.990199 0.803231
v -0.829533 1.982474 0.803231
v 0.731225 2.873280 0.850239
v 0.212459 2.573770 0.803231
v -0.306307 2.274260 0.803231
v -0.324145 2.305156 0.803231
v 0.194621 2.604666 0.803231
v 0.713387 2.904176 0.850239
v -0.538202 2.675913 0.838907
v -0.019436 2.975423 0.907861
v 0.499331 3.302530 0.990613
v 1.013637 3.546997 1.105197
v 1.009178 3.553143 1.109875
v 1.004718 3.559289 1.114553
v 0.481493 3.327114 1.009326
v -0.037274 3.006319 0.907861
v -0.556040 2.706810 0.838907
v 0.499331 3.324139 0.962225
v -0.019436 2.975423 0.872185
v -0.538202 2.675913 0.803231
v -0.556040 2.706810 0.803231
v -0.037274 3.006319 0.872185
v 0.481493 3.348723 0.980939
v 1.006285 3.583191 1.087275
v 1.009178 3.574751 1.081488
v 1.013637 3.568605 1.076809
v 1.018097 3.546253 1.093422
v 1.018097 3.551655 1.086325
v 1.018097 3.557057 1.079228
v 0.998692 3.583597 1.097339
v 1.000259 3.576239 1.105038
v 1.000259 3.570837 1.112135
v -0.770096 3.077566 0.907861
v -0.251330 3.400733 1.057513
v 0.827486 2.434513 0.838907
v -0.269168 3.429039 1.069898
v -0.787934 3.108463 0.907861
v -0.251330 3.415034 1.024829
v -0.770096 3.077566 0.872185
v -0.787934 3.108463 0.872185
v -0.269168 3.443339 1.037213
v 0.829148 2.435473 0.821069
v -0.787934 3.108463 0.881104
v -0.269168 3.439764 1.045384
v -0.787934 3.108462 0.890023
v -0.269168 3.436189 1.053555
v -0.787934 3.108463 0.898942
v -0.269168 3.432614 1.061726
v -0.770096 3.077566 0.898942
v -0.251330 3.404309 1.049342
v -0.770096 3.077566 0.821069
v -0.251330 3.435523 0.977999
v -0.770096 3.077566 0.881104
v -0.251330 3.411458 1.033000
v -0.774556 3.085290 0.872185
v -0.255790 3.422110 1.027925
v -0.779015 3.093014 0.872185
v -0.260249 3.429187 1.031021
v -0.783475 3.100739 0.872185
v -0.264709 3.436263 1.034117
v -0.255790 3.407810 1.060609
v -0.774556 3.085290 0.907861
v -0.260249 3.414886 1.063705
v -0.779015 3.093014 0.907861
v -0.264709 3.421963 1.066801
v -0.783475 3.100739 0.907861
v -0.556040 2.706810 0.812150
v -0.037274 3.006319 0.881104
v 0.481493 3.343321 0.988036
v -0.556040 2.706810 0.821069
v -0.037274 3.006319 0.890023
v 0.481493 3.337919 0.995133
v -0.556040 2.706810 0.829988
v -0.037274 3.006319 0.898942
v 0.481493 3.332516 1.002230
v -0.538202 2.675913 0.829988
v -0.019435 2.975423 0.829988
v 0.499331 3.349696 0.928649
v -0.538202 2.675913 0.821069
v -0.019435 2.975423 0.821069
v 0.499331 3.355099 0.921552
v -0.538202 2.675913 0.812150
v -0.019436 2.975423 0.881104
v 0.499331 3.318736 0.969322
v 1.013637 3.563203 1.083906
v 1.013637 3.557801 1.091003
v 1.013637 3.552399 1.098100
v 1.009178 3.569349 1.088584
v 1.009178 3.563947 1.095681
v 1.009178 3.558545 1.102778
v 1.004499 3.577678 1.094054
v 1.004718 3.570093 1.100360
v 1.004718 3.564691 1.107457
v -0.542661 2.683637 0.803231
v -0.023895 2.983147 0.872185
v 0.494871 3.330285 0.966904
v -0.547121 2.691361 0.803231
v -0.028355 2.990871 0.872185
v 0.490412 3.336431 0.971582
v -0.551580 2.699085 0.803231
v -0.032814 2.998595 0.872185
v 0.485952 3.342577 0.976260
v 0.494871 3.308676 0.995291
v -0.023895 2.983147 0.907861
v -0.542661 2.683637 0.838907
v 0.490412 3.314822 0.999970
v -0.028355 2.990871 0.907861
v -0.547121 2.691361 0.838907
v 0.485952 3.320968 1.004648
v -0.032814 2.998595 0.907861
v -0.551580 2.699085 0.838907
v -0.324145 2.305156 0.812150
v 0.194621 2.604666 0.812150
v 0.713387 2.904176 0.859158
v -0.324145 2.305156 0.821069
v 0.194621 2.604666 0.821069
v 0.713387 2.904176 0.868077
v -0.324145 2.305156 0.829988
v 0.194621 2.604666 0.829988
v 0.713387 2.904176 0.876996
v -0.306307 2.274260 0.829988
v 0.212459 2.573770 0.829988
v 0.731225 2.873280 0.876996
v -0.306307 2.274260 0.821069
v 0.212459 2.573770 0.821069
v 0.731225 2.873280 0.868077
v -0.306307 2.274260 0.812150
v 0.212459 2.573770 0.812150
v 0.731225 2.873280 0.859158
v -0.310767 2.281984 0.803231
v 0.207999 2.581494 0.803231
v 0.726766 2.881004 0.850239
v -0.315226 2.289708 0.803231
v 0.203540 2.589218 0.803231
v 0.722306 2.888728 0.850239
v -0.319686 2.297432 0.803231
v 0.199080 2.596942 0.803231
v 0.717847 2.896452 0.850239
v -0.829533 1.982474 0.829988
v -0.829533 1.982474 0.821069
v -0.829533 1.982474 0.812150
v -0.833993 1.990198 0.829988
v -0.833993 1.990199 0.821069
v -0.833993 1.990198 0.812150
v -0.838452 1.997923 0.829988
v -0.838452 1.997923 0.821069
v -0.838452 1.997923 0.812150
v 0.726766 2.881004 0.885915
v 0.207999 2.581494 0.838907
v -0.310767 2.281984 0.838907
v 0.722306 2.888728 0.885915
v 0.203540 2.589218 0.838907
v -0.315226 2.289708 0.838907
v 0.717847 2.896452 0.885915
v 0.199080 2.596942 0.838907
v -0.319686 2.297432 0.838907
v -0.092251 1.903503 0.812150
v 0.426515 2.203013 0.812150
v -0.092251 1.903503 0.821069
v 0.426515 2.203013 0.821069
v -0.092251 1.903503 0.829988
v 0.426515 2.203013 0.829988
v -0.074413 1.872607 0.829988
v 0.444353 2.172117 0.829988
v -0.074413 1.872607 0.821069
v 0.444353 2.172117 0.821069
v -0.074413 1.872607 0.812150
v 0.444353 2.172117 0.812150
v -0.078872 1.880331 0.803231
v 0.439894 2.179841 0.803231
v -0.083332 1.888055 0.803231
v 0.435434 2.187565 0.803231
v -0.087791 1.895779 0.803231
v 0.430975 2.195289 0.803231
v 0.128063 3.615985 1.111998
v 0.290226 3.615985 1.151690
v 0.259329 3.615985 1.151690
v 0.300525 3.615985 1.151690
v 0.439894 2.179841 0.838907
v -0.078872 1.880331 0.838907
v 0.435434 2.187565 0.838907
v -0.083332 1.888055 0.838907
v 0.430975 2.195289 0.838907
v -0.087791 1.895779 0.838907
v 0.278640 3.615985 1.112749
v -0.778456 3.602279 1.137703
v -0.809352 3.585835 1.130788
v -0.809352 3.599665 1.097902
v 0.821237 1.782550 0.838908
v 0.790340 1.764712 0.838907
v 0.829979 2.435953 0.812150
v 0.821237 1.782550 0.803232
v 0.790340 1.764712 0.803231
v -0.281579 1.837527 0.838907
v -0.581089 2.356294 0.838907
v -0.611986 2.338456 0.838907
v -0.312476 1.819689 0.838907
v -0.246599 3.615985 1.112749
v -0.255611 3.615985 1.151690
v -0.273955 3.615985 1.141955
v -0.245312 3.615985 1.151690
v 0.268341 3.615985 1.112749
v -0.581089 2.356294 0.803231
v -0.281579 1.837528 0.803231
v -0.312476 1.819689 0.803231
v -0.611986 2.338456 0.803231
v 0.120074 2.069422 0.838907
v -0.179436 2.588188 0.864858
v -0.478946 3.124075 0.936607
v -0.786180 3.598168 1.135974
v -0.793904 3.594057 1.134246
v -0.801628 3.589946 1.132517
v -0.509842 3.107632 0.929692
v -0.210332 2.570350 0.864858
v 0.089177 2.051584 0.838907
v -0.267196 3.615985 1.112749
v 0.830810 2.436433 0.803231
v 0.305031 3.615985 1.132219
v 0.263835 3.615985 1.132219
v 0.309022 3.615985 1.112749
v 0.288939 3.615985 1.112749
v 0.302778 3.615985 1.141955
v 0.261582 3.615985 1.141954
v -0.478946 3.137905 0.903720
v -0.179436 2.588188 0.829182
v 0.120074 2.069422 0.803231
v 0.089177 2.051584 0.803231
v -0.210332 2.570350 0.829182
v -0.509842 3.121462 0.896805
v -0.801628 3.603776 1.099630
v -0.793904 3.607887 1.101359
v -0.786180 3.611998 1.103088
v -0.778456 3.605736 1.129481
v -0.778456 3.609194 1.121260
v -0.778456 3.612651 1.113038
v -0.809352 3.596208 1.106123
v -0.809352 3.592750 1.114345
v -0.809352 3.589293 1.122567
v 0.521727 2.301316 0.838907
v 0.222217 2.820083 0.883571
v -0.077293 3.365712 1.042191
v 0.831770 2.426688 0.803231
v -0.108189 3.349369 1.035040
v 0.191321 2.802245 0.883571
v 0.490830 2.283478 0.838907
v 0.798064 1.769172 0.838908
v 0.805788 1.773631 0.838907
v 0.813513 1.778091 0.838907
v 0.821237 1.782550 0.812150
v 0.821237 1.782550 0.821070
v 0.821237 1.782550 0.829988
v 0.790340 1.764712 0.829988
v 0.790340 1.764712 0.821069
v 0.790340 1.764712 0.812151
v 0.798064 1.769172 0.803231
v 0.805788 1.773631 0.803231
v 0.813513 1.778091 0.803231
v -0.077293 3.380012 1.009506
v 0.222217 2.820083 0.847895
v 0.521727 2.301316 0.803231
v 0.490830 2.283478 0.803231
v 0.191321 2.802244 0.847895
v -0.108189 3.363669 1.002356
v 0.814830 2.685549 0.860342
v 0.623870 3.051977 0.907861
v 0.324360 3.578162 1.135141
v 0.293464 3.561820 1.127991
v 0.592974 3.034139 0.907861
v 0.324360 3.592462 1.102457
v 0.623870 3.051977 0.872185
v 0.592974 3.034139 0.872185
v 0.293464 3.576120 1.095307
v 0.816208 2.701000 0.861803
v 0.592974 3.034139 0.881104
v 0.293464 3.572545 1.103478
v 0.592974 3.034139 0.890023
v 0.293464 3.568970 1.111649
v 0.592974 3.034139 0.898942
v 0.293464 3.565395 1.119820
v 0.623870 3.051977 0.898942
v 0.324360 3.581737 1.126970
v 0.623870 3.051977 0.890023
v 0.324360 3.585312 1.118799
v 0.623870 3.051977 0.881104
v 0.324360 3.588887 1.110628
v 0.819881 2.712476 0.835978
v 0.616146 3.047518 0.872185
v 0.316636 3.588377 1.100669
v 0.608422 3.043058 0.872185
v 0.308912 3.584291 1.098882
v 0.600698 3.038599 0.872185
v 0.301188 3.580205 1.097094
v 0.316636 3.574076 1.133354
v 0.616146 3.047518 0.907861
v 0.308912 3.569991 1.131566
v 0.608422 3.043058 0.907862
v 0.301188 3.565905 1.129779
v 0.600698 3.038599 0.907862
v 0.490830 2.283478 0.812150
v 0.191321 2.802244 0.856814
v -0.108189 3.360094 1.010527
v 0.490830 2.283478 0.821069
v 0.191321 2.802245 0.865733
v -0.108189 3.356519 1.018698
v 0.490830 2.283478 0.829988
v 0.191321 2.802244 0.874652
v -0.108189 3.352944 1.026869
v 0.521727 2.301316 0.829989
v 0.222217 2.820083 0.874652
v -0.077293 3.369287 1.034019
v 0.521727 2.301316 0.821069
v 0.222217 2.820083 0.865733
v -0.077293 3.372861 1.025848
v 0.521727 2.301316 0.812150
v 0.222217 2.820082 0.856814
v -0.077293 3.376437 1.017677
v 0.817586 2.716452 0.863264
v 0.514003 2.296857 0.803231
v 0.214493 2.815623 0.847895
v -0.085017 3.375926 1.007718
v 0.506279 2.292397 0.803231
v 0.206769 2.811163 0.847895
v -0.092741 3.371840 1.005931
v 0.498555 2.287938 0.803231
v 0.199045 2.806704 0.847895
v -0.100465 3.367755 1.004143
v 0.813513 1.778091 0.829988
v 0.813513 1.778091 0.821070
v 0.813513 1.778091 0.812150
v 0.805788 1.773631 0.829988
v 0.805788 1.773631 0.821069
v 0.805788 1.773631 0.812151
v 0.798064 1.769172 0.829988
v 0.798064 1.769172 0.821070
v 0.798064 1.769172 0.812150
v -0.085017 3.361626 1.040403
v 0.214493 2.815623 0.883571
v 0.514003 2.296857 0.838907
v -0.092741 3.357540 1.038616
v 0.206769 2.811164 0.883571
v 0.506279 2.292397 0.838907
v -0.100465 3.353455 1.036828
v 0.199045 2.806704 0.883571
v 0.498555 2.287938 0.838907
v 0.089177 2.051584 0.812150
v -0.210332 2.570350 0.838101
v -0.509842 3.118004 0.905027
v 0.089177 2.051584 0.821069
v -0.210332 2.570350 0.847020
v -0.509842 3.114547 0.913249
v 0.089177 2.051584 0.829988
v -0.210332 2.570350 0.855939
v -0.509842 3.111089 0.921470
v 0.120074 2.069422 0.829988
v -0.179436 2.588188 0.855939
v -0.478946 3.127532 0.928385
v 0.120074 2.069422 0.821069
v -0.179436 2.588188 0.847020
v -0.478946 3.130990 0.920163
v 0.120074 2.069422 0.812150
v -0.179436 2.588188 0.838101
v -0.478946 3.134448 0.911942
v -0.786180 3.608540 1.111310
v -0.786180 3.605083 1.119531
v -0.786180 3.601625 1.127753
v -0.793904 3.604429 1.109581
v -0.793904 3.600972 1.117803
v -0.793904 3.597515 1.126024
v -0.801628 3.600318 1.107852
v -0.801628 3.596861 1.116074
v -0.801628 3.593404 1.124295
v 0.112350 2.064962 0.803231
v -0.187160 2.583729 0.829182
v -0.486670 3.133794 0.901991
v 0.104626 2.060503 0.803231
v -0.194884 2.579269 0.829182
v -0.494394 3.129683 0.900263
v 0.096901 2.056043 0.803231
v -0.202608 2.574810 0.829182
v -0.502118 3.125572 0.898534
v 0.266088 3.615985 1.122484
v 0.307283 3.615985 1.122484
v 0.309536 3.615985 1.112749
v 0.299238 3.615985 1.112749
v -0.486670 3.119965 0.934878
v -0.187160 2.583729 0.864858
v 0.112350 2.064962 0.838908
v -0.494394 3.115854 0.933149
v -0.194884 2.579269 0.864858
v 0.104626 2.060503 0.838907
v -0.502118 3.111743 0.931420
v -0.202608 2.574810 0.864858
v 0.096901 2.056043 0.838907
v -0.312476 1.819689 0.812150
v -0.611986 2.338456 0.812150
v -0.312476 1.819689 0.821070
v -0.611986 2.338456 0.821069
v -0.312476 1.819689 0.829988
v -0.611986 2.338456 0.829988
v -0.281579 1.837528 0.829989
v -0.581089 2.356294 0.829988
v -0.281579 1.837528 0.821069
v -0.581089 2.356294 0.821069
v -0.281579 1.837528 0.812150
v -0.581089 2.356294 0.812150
v -0.289303 1.833068 0.803231
v -0.588813 2.351834 0.803231
v -0.805941 2.692235 0.803231
v -0.297028 1.828608 0.803231
v -0.596537 2.347375 0.803231
v -0.304752 1.824149 0.803231
v -0.604261 2.342915 0.803231
v -0.265909 3.615985 1.151690
v -0.276208 3.615985 1.151690
v -0.235013 3.615985 1.151690
v -0.275212 3.615985 1.147383
v -0.232760 3.615985 1.141954
v -0.271702 3.615985 1.132219
v -0.230507 3.615985 1.132219
v -0.588813 2.351834 0.838907
v -0.289303 1.833068 0.838907
v -0.596537 2.347375 0.838907
v -0.297028 1.828608 0.838907
v -0.604261 2.342915 0.838907
v -0.304752 1.824149 0.838907
v -0.228254 3.615985 1.122484
v -0.226001 3.615985 1.112748
v -0.236300 3.615985 1.112748
v -0.269450 3.615985 1.122484
v -0.214306 1.721006 0.829988
v -0.214306 1.721006 0.821070
v -0.255501 1.721006 0.812150
v 0.063990 3.615985 1.122484
v -0.255501 1.721006 0.803231
v -0.214306 1.721006 0.812150
v 0.070749 3.615985 1.132219
v -0.255501 1.721006 0.821069
v -0.245202 1.721006 0.838907
v 0.077508 3.615985 1.141954
v -0.234903 1.721006 0.838907
v -0.245202 1.721006 0.803231
v -0.224604 1.721006 0.838907
v 0.137781 3.615985 1.151690
v -0.214306 1.721006 0.838907
v 0.084267 3.615985 1.151690
v -0.255501 1.721006 0.829988
v -0.255501 1.721006 0.838907
v 0.818351 2.715126 0.854169
v 0.310933 1.721006 0.838908
v 0.290335 1.721006 0.838908
v 0.119943 3.615985 1.151690
v -0.224604 1.721006 0.803231
v 0.102105 3.615985 1.151690
v -0.214306 1.721006 0.803231
v 0.128584 3.615985 1.112748
v -0.234903 1.721006 0.803231
v 0.135343 3.615985 1.122484
v 0.321232 1.721006 0.838908
v 0.321232 1.721006 0.812150
v 0.155619 3.615985 1.151690
v 0.321232 1.721006 0.821070
v 0.148860 3.615985 1.141954
v 0.290335 1.721006 0.803231
v 0.321232 1.721006 0.803231
v 0.280037 1.721006 0.803231
v -0.778687 3.615985 1.104765
v 0.280037 1.721006 0.812151
v 0.280037 1.721006 0.821070
v -0.778378 3.615985 1.104765
v 0.280037 1.721006 0.838907
v 0.300634 1.721006 0.803231
v -0.778456 3.615985 1.105109
v 0.310933 1.721006 0.803232
v 0.300634 1.721006 0.838907
v 0.321232 1.721006 0.829988
v 0.280037 1.721006 0.829989
v -0.390508 1.721006 0.803231
v -0.408346 1.721006 0.812150
v -0.408346 1.721006 0.803231
v -0.408346 1.721006 0.821069
v 0.819116 2.713801 0.845073
v -0.408346 1.721006 0.829988
v -0.408346 1.721006 0.838907
v -0.390508 1.721006 0.838907
v -0.372670 1.721006 0.803231
v -0.372670 1.721006 0.838907
v -0.354832 1.721006 0.838907
v -0.354832 1.721006 0.803231
v -0.336994 1.721006 0.821069
v -0.336994 1.721006 0.829988
v -0.336994 1.721006 0.838907
v -0.336994 1.721006 0.803231
v -0.336994 1.721006 0.812150
v 0.874672 2.956099 0.876996
v 0.875737 2.956713 0.868077
v 0.876802 2.957328 0.859158
v 0.873607 2.955484 0.885915
v 0.877394 2.967969 0.885915
v 0.881654 2.970429 0.850239
v 0.877867 2.957943 0.850239
v 0.885442 2.982914 0.850239
v 0.881182 2.980455 0.885915
v 0.889229 2.995399 0.850239
v 0.884969 2.992940 0.885915
v 0.894368 3.008665 0.868077
v 0.889485 2.996243 0.850239
v 0.895638 3.009399 0.859158
v 0.893097 3.007932 0.876996
v 0.896909 3.010132 0.850239
v 0.885971 2.996243 0.885915
v 0.891827 3.007198 0.885915
v 0.812839 2.653321 0.848324
v 0.812074 2.654646 0.857420
v 0.813604 2.651995 0.839229
v 0.813452 2.670098 0.858881
v 0.820647 2.711150 0.826883
v 0.814370 2.650670 0.830134
v 0.816513 2.664796 0.822500
v 0.815135 2.649344 0.821039
v 0.817891 2.680247 0.823961
v 0.819269 2.695698 0.825422
v 0.828445 2.424769 0.838907
v 0.832579 2.418469 0.803231
v 0.829066 2.418469 0.838907
v 0.832996 2.417097 0.803231
v 0.835654 2.408333 0.803231
v 0.838313 2.399569 0.803231
v 0.830006 2.415371 0.838907
v 0.832664 2.406607 0.838907
v 0.835323 2.397843 0.838907
v 0.836070 2.398274 0.829988
v 0.837565 2.399137 0.812150
v 0.836818 2.398706 0.821069
v -0.801786 2.702876 0.803231
v -0.797630 2.713516 0.803231
v -0.806490 2.720870 0.817527
v -0.810097 2.681594 0.803231
v -0.811314 2.683702 0.805718
v -0.806588 2.722992 0.818655
v -0.808626 2.750398 0.825373
v -0.805730 2.745383 0.821069
v -0.793930 2.722992 0.803231
v -0.799728 2.734988 0.812150
v -0.793727 2.724593 0.803231
v -0.840750 3.036774 0.862794
v -0.875495 3.016714 0.893852
v -0.866809 3.021729 0.886088
v -0.854323 3.028938 0.874927
v -0.849436 3.031759 0.870559
v -0.844448 3.055237 0.863488
v -0.842599 3.046005 0.863141
v -0.879193 3.035177 0.894546
v -0.877344 3.025945 0.894199
v -0.864623 3.064186 0.878910
v -0.856833 3.068684 0.871946
v -0.846297 3.064468 0.863835
v -0.848146 3.073699 0.864182
v -0.858965 3.026258 0.819541
v -0.881042 3.044408 0.894893
v -0.882891 3.053639 0.895240
v -0.874205 3.058654 0.887475
v -0.864545 3.064231 0.879840
v -0.865519 3.063669 0.879711
v -0.863789 3.064668 0.888860
v -0.863033 3.065104 0.897879
v -0.818296 3.049738 0.842722
v -0.860395 3.056329 0.897637
v -0.801738 3.059298 0.821069
v -0.818296 3.049738 0.842722
v -0.854748 3.028692 0.869852
v -0.853236 3.029565 0.887891
v -0.852480 3.030002 0.896911
v -0.857757 3.047553 0.897395
v -0.855119 3.038777 0.897153
v -0.808077 2.749449 0.829988
v -0.807018 2.747615 0.838907
v -0.804384 2.720870 0.838907
v -0.804900 2.726108 0.838907
v -0.808521 2.678866 0.838907
v -0.805520 2.709343 0.838907
v -0.809272 2.680165 0.829988
v -0.810773 2.682765 0.812150
v -0.810022 2.681465 0.821069
v -0.807020 2.694104 0.838907
v -0.824552 2.551784 0.803231
v -0.825628 2.540864 0.803231
v -0.823620 2.552322 0.812150
v -0.822689 2.552860 0.821069
v -0.821758 2.553397 0.829988
v -0.820826 2.553935 0.838907
v -0.821902 2.543015 0.838907
v -0.826703 2.529945 0.803231
v -0.827113 2.525780 0.803231
v -0.822977 2.532095 0.838907
v -0.823599 2.525780 0.838907
v -0.829456 2.518056 0.803231
v -0.833244 2.505571 0.803231
v -0.825196 2.520515 0.838907
v -0.828984 2.508030 0.838907
v -0.830049 2.507415 0.829988
v -0.832179 2.506186 0.812150
v -0.831114 2.506800 0.821069
vt 0.649249 -0.072747
vt 0.798498 -0.072747
vt 0.798498 0.018193
vt 0.649249 0.014344
vt 0.649249 -0.072747
vt 0.798498 -0.072747
vt 0.798498 0.076502
vt 0.649249 0.076502
vt 0.562500 0.437500
vt 0.625000 0.437500
vt 0.625000 0.500000
vt 0.562500 0.500000
vt 0.562500 0.687500
vt 0.625000 0.687500
vt 0.625000 0.709610
vt 0.566723 0.708215
vt 0.562500 0.708148
vt 0.052253 1.121246
vt 0.201502 1.121246
vt 0.201502 1.163435
vt 0.052253 1.163128
vt 1.246246 1.121246
vt 1.395495 1.121246
vt 1.395495 1.172583
vt 1.246246 1.172948
vt 0.649249 -0.072747
vt 0.798498 -0.072747
vt 0.798498 0.003432
vt 0.649249 0.005024
vt 0.562500 0.687500
vt 0.625000 0.687500
vt 0.625000 0.750000
vt 0.562500 0.750000
vt 0.562500 0.937500
vt 0.625000 0.937500
vt 0.625000 1.000000
vt 0.562500 1.000000
vt 0.312500 0.687500
vt 0.375000 0.687500
vt 0.375000 0.750000
vt 0.312500 0.750000
vt 1.246246 1.121246
vt 1.395495 1.121246
vt 1.395495 1.270495
vt 1.246246 1.270495
vt 0.649249 -0.072747
vt 0.798498 -0.072747
vt 0.798498 -0.051141
vt 0.649249 -0.050617
vt 0.625000 0.562500
vt 0.687500 0.562500
vt 0.687500 0.625000
vt 0.625000 0.625000
vt 0.798498 0.971997
vt 0.947747 0.971997
vt 0.947747 1.067846
vt 0.798498 1.065902
vt 0.947747 0.822747
vt 1.096997 0.822747
vt 1.096997 0.971997
vt 0.750000 0.625000
vt 0.750000 0.665953
vt 0.687500 0.665138
vt 0.750000 0.562500
vt 0.812500 0.562500
vt 0.812500 0.625000
vt 1.246246 0.971997
vt 1.246246 1.071735
vt 1.096997 1.069791
vt 1.246246 0.822747
vt 1.395495 0.822747
vt 1.395495 0.971997
vt 1.395495 1.073680
vt -0.395495 0.822747
vt -0.246246 0.822747
vt -0.246246 0.971997
vt -0.395495 0.971997
vt 0.125000 0.625000
vt 0.187500 0.625000
vt 0.187500 0.673214
vt 0.125000 0.674028
vt -0.096997 0.822747
vt -0.096997 0.971997
vt 0.250000 0.625000
vt 0.250000 0.670709
vt 0.052253 0.822747
vt 0.052253 0.971997
vt 0.312500 0.625000
vt 0.312500 0.671586
vt 0.201502 0.822747
vt 0.201502 0.971997
vt 0.375000 0.625000
vt 0.375000 0.670771
vt 0.375000 0.562500
vt 0.437500 0.562500
vt 0.437500 0.625000
vt 0.437500 0.669159
vt 0.500000 0.562500
vt 0.500000 0.625000
vt 0.500000 0.667548
vt 0.562500 0.562500
vt 0.562500 0.625000
vt 0.562500 0.665936
vt 0.625000 0.664324
vt 0.201502 -0.072747
vt 0.350751 -0.072747
vt 0.350751 -0.049569
vt 0.201502 -0.049046
vt 0.500000 -0.072747
vt 0.500000 -0.050093
vt 0.201502 -0.221997
vt 0.350751 -0.221997
vt 0.500000 -0.221997
vt 0.649249 -0.221997
vt 0.798498 -0.221997
vt 0.798498 1.121246
vt 0.947747 1.121246
vt 0.947747 1.270495
vt 0.798498 1.270495
vt 1.096997 1.121246
vt 1.096997 1.270495
vt 0.625000 0.562500
vt 0.687500 0.562500
vt 0.687500 0.625000
vt 0.625000 0.625000
vt 0.798498 0.971997
vt 0.947747 0.971997
vt 0.750000 0.562500
vt 0.750000 0.625000
vt 1.096997 0.971997
vt 0.812500 0.562500
vt 0.812500 0.625000
vt 1.246246 0.971997
vt 0.875000 0.562500
vt 0.875000 0.625000
vt 1.395495 0.971997
vt 0.125000 0.687500
vt 0.187500 0.687500
vt 0.187500 0.750000
vt 0.125000 0.750000
vt 0.250000 0.687500
vt 0.250000 0.750000
vt -0.395495 0.822747
vt -0.246246 0.822747
vt -0.246246 0.971997
vt -0.395495 0.971997
vt 0.125000 0.625000
vt 0.187500 0.625000
vt -0.096997 0.822747
vt -0.096997 0.971997
vt 0.250000 0.625000
vt 0.052253 0.822747
vt 0.052253 0.971997
vt 0.052253 1.121246
vt -0.096997 1.121246
vt 0.201502 0.822747
vt 0.201502 0.971997
vt 0.201502 1.121246
vt 0.375000 0.937500
vt 0.437500 0.937500
vt 0.437500 1.000000
vt 0.375000 1.000000
vt 0.500000 0.937500
vt 0.500000 1.000000
vt 0.437500 0.750000
vt 0.437500 0.812500
vt 0.375000 0.812500
vt 0.437500 0.875000
vt 0.375000 0.875000
vt 0.500000 0.750000
vt 0.500000 0.812500
vt 0.500000 0.875000
vt 0.562500 0.812500
vt 0.562500 0.875000
vt 0.625000 0.812500
vt 0.625000 0.875000
vt 0.437500 0.687500
vt 0.500000 0.687500
vt 0.375000 0.562500
vt 0.437500 0.562500
vt 0.437500 0.625000
vt 0.375000 0.625000
vt 0.500000 0.562500
vt 0.500000 0.625000
vt 0.562500 0.562500
vt 0.562500 0.625000
vt 0.201502 -0.072747
vt 0.350751 -0.072747
vt 0.350751 0.008538
vt 0.201502 0.010911
vt 0.500000 -0.072747
vt 0.500000 0.006617
vt 0.413681 0.007538
vt 0.201502 -0.520495
vt 0.350751 -0.520495
vt 0.350751 -0.371246
vt 0.201502 -0.371246
vt 0.350751 -0.221997
vt 0.201502 -0.221997
vt 0.500000 -0.520495
vt 0.500000 -0.371246
vt 0.500000 -0.221997
vt 0.649249 -0.520495
vt 0.649249 -0.371246
vt 0.649249 -0.221997
vt 0.798498 -0.520495
vt 0.798498 -0.371246
vt 0.798498 -0.221997
vt 0.798498 1.121246
vt 0.947747 1.121246
vt 0.947747 1.173679
vt 0.798498 1.174045
vt 0.687500 0.687500
vt 0.750000 0.687500
vt 0.750000 0.709304
vt 0.687500 0.709457
vt 0.812500 0.687500
vt 0.812500 0.709151
vt 0.687500 0.500000
vt 0.687500 0.562500
vt 0.625000 0.562500
vt 0.687500 0.625000
vt 0.625000 0.625000
vt 0.750000 0.500000
vt 0.750000 0.562500
vt 0.750000 0.625000
vt 0.812500 0.500000
vt 0.812500 0.562500
vt 0.812500 0.625000
vt 1.096997 0.971997
vt 1.246246 0.971997
vt 1.096997 1.121246
vt 0.875000 0.500000
vt 0.875000 0.562500
vt 1.246246 0.822747
vt 1.395495 0.822747
vt 1.395495 0.971997
vt 0.875000 0.625000
vt 0.875000 0.687500
vt -0.395495 1.121246
vt -0.246246 1.121246
vt -0.246246 1.162515
vt -0.395495 1.162209
vt 0.187500 0.687500
vt 0.250000 0.687500
vt 0.250000 0.704911
vt 0.187500 0.704782
vt 0.312500 0.687500
vt 0.312500 0.705039
vt 0.125000 0.500000
vt 0.187500 0.500000
vt 0.187500 0.562500
vt 0.125000 0.562500
vt -0.395495 0.822747
vt -0.246246 0.822747
vt -0.246246 0.971997
vt -0.395495 0.971997
vt 0.125000 0.625000
vt 0.187500 0.625000
vt 0.125000 0.687500
vt 0.250000 0.500000
vt 0.250000 0.562500
vt 0.250000 0.625000
vt 0.312500 0.500000
vt 0.312500 0.562500
vt 0.312500 0.625000
vt 0.375000 0.500000
vt 0.375000 0.562500
vt 0.375000 0.625000
vt 0.375000 0.687500
vt 0.437500 0.687500
vt 0.437500 0.706161
vt 0.375000 0.705167
vt 0.500000 0.687500
vt 0.500000 0.707154
vt 0.437500 0.500000
vt 0.437500 0.562500
vt 0.437500 0.625000
vt 0.500000 0.500000
vt 0.500000 0.562500
vt 0.500000 0.625000
vt 0.562500 0.562500
vt 0.562500 0.625000
vt 0.375000 0.437500
vt 0.437500 0.437500
vt 0.500000 0.437500
vt 0.375000 0.250000
vt 0.437500 0.250000
vt 0.437500 0.312500
vt 0.375000 0.312500
vt 0.437500 0.375000
vt 0.375000 0.375000
vt 0.500000 0.250000
vt 0.500000 0.312500
vt 0.500000 0.375000
vt 0.562500 0.250000
vt 0.562500 0.312500
vt 0.562500 0.375000
vt 0.625000 0.250000
vt 0.625000 0.312500
vt 0.625000 0.375000
vt 0.201502 -0.072747
vt 0.350751 -0.072747
vt 0.350751 0.076502
vt 0.201502 0.076502
vt 0.500000 -0.072747
vt 0.500000 0.076502
vt 0.201502 -0.371246
vt 0.350751 -0.371246
vt 0.350751 -0.221997
vt 0.201502 -0.221997
vt 0.500000 -0.371246
vt 0.500000 -0.221997
vt 0.649249 -0.371246
vt 0.649249 -0.221997
vt 0.798498 -0.371246
vt 0.798498 -0.221997
vt 0.798498 0.822747
vt 0.947747 0.822747
vt 0.947747 0.971997
vt 0.798498 0.971997
vt 0.625000 0.625000
vt 0.687500 0.625000
vt 0.687500 0.673609
vt 0.625000 0.673709
vt 1.096997 0.822747
vt 1.096997 0.971997
vt 1.096997 1.087834
vt 0.947747 1.088073
vt 1.246246 0.822747
vt 1.246246 0.971997
vt 1.246246 1.087595
vt 1.395495 0.822747
vt 1.395495 0.971997
vt 1.395495 1.087356
vt -0.395495 0.822747
vt -0.246246 0.822747
vt -0.246246 0.971997
vt -0.395495 0.971997
vt 0.125000 0.625000
vt 0.187500 0.625000
vt 0.187500 0.672193
vt 0.125000 0.672103
vt 0.187500 0.562500
vt 0.250000 0.562500
vt 0.250000 0.625000
vt 0.250000 0.672283
vt -0.096997 0.822747
vt 0.052253 0.822747
vt 0.052253 0.971997
vt -0.096997 0.971997
vt 0.312500 0.625000
vt 0.312500 0.672373
vt 0.312500 0.562500
vt 0.375000 0.562500
vt 0.375000 0.625000
vt 0.375000 0.672463
vt 0.437500 0.562500
vt 0.437500 0.625000
vt 0.437500 0.672680
vt 0.500000 0.562500
vt 0.500000 0.625000
vt 0.500000 0.672897
vt 0.562500 0.562500
vt 0.562500 0.625000
vt 0.562500 0.673287
vt 0.509787 0.672931
vt 0.625000 0.562500
vt 0.201502 -0.072747
vt 0.350751 -0.072747
vt 0.350751 0.006646
vt 0.201502 0.002797
vt 0.500000 -0.072747
vt 0.500000 0.010495
vt 0.201502 -0.221997
vt 0.350751 -0.221997
vt 0.500000 -0.221997
vt 0.649249 -0.221997
vt 0.798498 -0.221997
vt 0.649249 -0.072747
vt 0.798498 -0.072747
vt 0.798498 -0.044356
vt 0.649249 -0.043073
vt 0.649249 -0.072747
vt 0.798498 -0.072747
vt 0.798498 0.022360
vt 0.649249 0.023643
vt 0.562500 0.687500
vt 0.625000 0.687500
vt 0.625000 0.750000
vt 0.562500 0.750000
vt 0.562500 0.937500
vt 0.625000 0.937500
vt 0.625000 1.000000
vt 0.562500 1.000000
vt 0.052253 1.121246
vt 0.201502 1.121246
vt 0.201502 1.270456
vt 0.196191 1.270495
vt 0.052253 1.270495
vt 0.812500 0.687500
vt 0.875000 0.687500
vt 0.875000 0.750000
vt 0.812500 0.750000
vt 0.649249 -0.072747
vt 0.798498 -0.072747
vt 0.798498 0.076502
vt 0.649249 0.076502
vt 0.562500 0.437500
vt 0.625000 0.437500
vt 0.625000 0.500000
vt 0.562500 0.500000
vt 0.562500 0.687500
vt 0.625000 0.687500
vt 0.625000 0.720681
vt 0.562500 0.720143
vt 0.312500 0.687500
vt 0.375000 0.687500
vt 0.375000 0.718532
vt 0.312500 0.719002
vt 0.812500 0.687500
vt 0.875000 0.687500
vt 0.875000 0.722561
vt 0.847353 0.722353
vt 0.812500 0.722091
vt 0.562500 0.687500
vt 0.625000 0.687500
vt 0.625000 0.692742
vt 0.562500 0.692205
vt 0.312500 0.687500
vt 0.375000 0.687500
vt 0.375000 0.690593
vt 0.312500 0.691064
vt 0.812500 0.687500
vt 0.875000 0.687500
vt 0.875000 0.694623
vt 0.812500 0.694153
vt 0.687500 0.687500
vt 0.687500 0.693213
vt 0.750000 0.687500
vt 0.750000 0.693683
vt 0.798498 0.971997
vt 0.947747 0.971997
vt 0.947747 1.121246
vt 0.798498 1.121246
vt 1.096997 0.971997
vt 1.096997 1.121246
vt 1.246246 0.971997
vt 1.246246 1.121246
vt 1.395495 0.971997
vt 1.395495 1.121246
vt 0.125000 0.687500
vt 0.187500 0.687500
vt 0.187500 0.692004
vt 0.125000 0.692474
vt 0.250000 0.687500
vt 0.250000 0.691534
vt -0.395495 0.971997
vt -0.246246 0.971997
vt -0.246246 1.121246
vt -0.395495 1.121246
vt 0.187500 0.625000
vt 0.250000 0.625000
vt 0.312500 0.625000
vt 0.375000 0.625000
vt 0.437500 0.687500
vt 0.437500 0.691131
vt 0.378122 0.690620
vt 0.500000 0.687500
vt 0.500000 0.691668
vt 0.437500 0.625000
vt 0.500000 0.625000
vt 0.562500 0.625000
vt 0.625000 0.625000
vt 0.201502 -0.371246
vt 0.350751 -0.371246
vt 0.350751 -0.221997
vt 0.201502 -0.221997
vt 0.350751 -0.122303
vt 0.201502 -0.125466
vt 0.500000 -0.371246
vt 0.500000 -0.221997
vt 0.500000 -0.119141
vt 0.649249 -0.371246
vt 0.649249 -0.221997
vt 0.649249 -0.115979
vt 0.798498 -0.371246
vt 0.798498 -0.221997
vt 0.798498 -0.112816
vt 0.687500 0.687500
vt 0.687500 0.721151
vt 0.750000 0.687500
vt 0.750000 0.721621
vt 1.096997 1.121246
vt 1.246246 1.121246
vt 1.246246 1.203849
vt 1.096997 1.202726
vt 0.687500 0.500000
vt 0.687500 0.562500
vt 0.625000 0.562500
vt 0.798498 0.822747
vt 0.947747 0.822747
vt 0.947747 0.971997
vt 0.798498 0.971997
vt 0.947747 1.121246
vt 0.798498 1.121246
vt 0.947747 0.673498
vt 1.096997 0.673498
vt 1.096997 0.822747
vt 1.096997 0.971997
vt 1.246246 0.673498
vt 1.246246 0.822747
vt 1.246246 0.971997
vt 1.395495 0.673498
vt 1.395495 0.822747
vt 1.395495 0.971997
vt 1.395495 1.121246
vt 0.125000 0.687500
vt 0.187500 0.687500
vt 0.187500 0.719942
vt 0.125000 0.720412
vt 0.250000 0.687500
vt 0.250000 0.719472
vt 0.125000 0.500000
vt 0.187500 0.500000
vt 0.187500 0.562500
vt 0.125000 0.562500
vt 0.187500 0.625000
vt 0.125000 0.625000
vt 0.250000 0.500000
vt 0.250000 0.562500
vt 0.250000 0.625000
vt 0.312500 0.500000
vt 0.312500 0.562500
vt 0.312500 0.625000
vt 0.375000 0.500000
vt 0.375000 0.562500
vt 0.375000 0.625000
vt 0.437500 0.687500
vt 0.437500 0.719069
vt 0.500000 0.687500
vt 0.500000 0.719606
vt 0.437500 0.500000
vt 0.437500 0.562500
vt 0.437500 0.625000
vt 0.500000 0.500000
vt 0.500000 0.562500
vt 0.500000 0.625000
vt 0.562500 0.562500
vt 0.562500 0.625000
vt 0.625000 0.625000
vt 0.375000 0.437500
vt 0.437500 0.437500
vt 0.500000 0.437500
vt 0.375000 0.250000
vt 0.437500 0.250000
vt 0.437500 0.312500
vt 0.375000 0.312500
vt 0.437500 0.375000
vt 0.375000 0.375000
vt 0.500000 0.250000
vt 0.500000 0.312500
vt 0.500000 0.375000
vt 0.562500 0.250000
vt 0.562500 0.312500
vt 0.562500 0.375000
vt 0.625000 0.250000
vt 0.625000 0.312500
vt 0.625000 0.375000
vt 0.201502 -0.072747
vt 0.350751 -0.072747
vt 0.350751 0.076502
vt 0.201502 0.076502
vt 0.500000 -0.072747
vt 0.500000 0.076502
vt 0.201502 -0.371246
vt 0.350751 -0.371246
vt 0.350751 -0.221997
vt 0.201502 -0.221997
vt 0.500000 -0.371246
vt 0.500000 -0.221997
vt 0.649249 -0.371246
vt 0.649249 -0.221997
vt 0.798498 -0.371246
vt 0.798498 -0.221997
vt 0.687500 0.687500
vt 0.687500 0.750000
vt 0.750000 0.687500
vt 0.750000 0.750000
vt 0.625000 0.562500
vt 0.687500 0.562500
vt 0.687500 0.625000
vt 0.625000 0.625000
vt 0.798498 0.971997
vt 0.947747 0.971997
vt 0.947747 1.121246
vt 0.798498 1.121246
vt 0.947747 0.822747
vt 1.096997 0.822747
vt 1.096997 0.971997
vt 0.750000 0.625000
vt 0.750000 0.562500
vt 0.812500 0.562500
vt 0.812500 0.625000
vt 1.246246 0.822747
vt 1.395495 0.822747
vt 1.395495 0.971997
vt 1.246246 0.971997
vt 1.395495 1.121246
vt 1.246246 1.121246
vt -0.395495 1.121246
vt -0.246246 1.121246
vt -0.246246 1.270495
vt -0.395495 1.270495
vt -0.096997 1.121246
vt -0.096997 1.270495
vt 0.125000 0.562500
vt 0.187500 0.562500
vt 0.187500 0.625000
vt 0.125000 0.625000
vt -0.395495 0.971997
vt -0.246246 0.971997
vt 0.250000 0.562500
vt 0.250000 0.625000
vt -0.096997 0.971997
vt 0.312500 0.562500
vt 0.312500 0.625000
vt 0.052253 0.971997
vt 0.375000 0.562500
vt 0.375000 0.625000
vt 0.201502 0.971997
vt 0.375000 0.937500
vt 0.437500 0.937500
vt 0.437500 1.000000
vt 0.375000 1.000000
vt 0.500000 0.937500
vt 0.500000 1.000000
vt 0.375000 0.812500
vt 0.437500 0.812500
vt 0.437500 0.875000
vt 0.375000 0.875000
vt 0.437500 0.750000
vt 0.500000 0.750000
vt 0.500000 0.812500
vt 0.500000 0.875000
vt 0.562500 0.812500
vt 0.562500 0.875000
vt 0.625000 0.812500
vt 0.625000 0.875000
vt 0.375000 0.687500
vt 0.437500 0.687500
vt 0.376871 0.750000
vt 0.375000 0.749984
vt 0.500000 0.687500
vt 0.437500 0.562500
vt 0.437500 0.625000
vt 0.500000 0.562500
vt 0.500000 0.625000
vt 0.562500 0.562500
vt 0.562500 0.625000
vt 0.649249 -0.327529
vt 0.798498 -0.323680
vt 0.350751 -0.335227
vt 0.500000 -0.331378
vt 0.201502 -0.449839
vt 0.350751 -0.451122
vt 0.562500 0.055914
vt 0.625000 0.055377
vt 0.625000 0.062500
vt 0.562500 0.062500
vt 0.201502 -0.072747
vt 0.350751 -0.072747
vt 0.350751 0.026209
vt 0.201502 0.027492
vt 0.500000 -0.072747
vt 0.500000 0.024926
vt 0.201502 -0.520495
vt 0.350751 -0.520495
vt 0.350751 -0.371246
vt 0.201502 -0.371246
vt 0.350751 -0.221997
vt 0.201502 -0.221997
vt 0.500000 -0.520495
vt 0.500000 -0.371246
vt 0.500000 -0.221997
vt 0.649249 -0.520495
vt 0.649249 -0.371246
vt 0.649249 -0.221997
vt 0.798498 -0.520495
vt 0.798498 -0.371246
vt 0.798498 -0.221997
vt 0.625000 0.562500
vt 0.687500 0.562500
vt 0.687500 0.625000
vt 0.625000 0.625000
vt 0.687500 0.666482
vt 0.642422 0.666595
vt 0.625000 0.666341
vt 0.750000 0.562500
vt 0.750000 0.625000
vt 0.750000 0.666325
vt 0.812500 0.562500
vt 0.812500 0.625000
vt 0.812500 0.666169
vt 0.649249 -0.453688
vt 0.798498 -0.454971
vt 1.246246 0.822747
vt 1.395495 0.822747
vt 1.395495 0.971997
vt 1.246246 0.971997
vt 0.875000 0.625000
vt 0.875000 0.666012
vt -0.395495 0.822747
vt -0.246246 0.822747
vt -0.246246 0.971997
vt -0.395495 0.971997
vt -0.246246 1.085107
vt -0.395495 1.084580
vt -0.096997 0.822747
vt -0.096997 0.971997
vt -0.096997 1.083938
vt -0.169009 1.085381
vt 0.052253 0.822747
vt 0.052253 0.971997
vt 0.052253 1.080947
vt 0.312500 0.562500
vt 0.375000 0.562500
vt 0.375000 0.625000
vt 0.312500 0.625000
vt 0.375000 0.669372
vt 0.312500 0.670624
vt 0.687500 0.554199
vt 0.743555 0.553261
vt 0.750000 0.553270
vt 0.625000 0.555246
vt 0.812500 0.552106
vt 0.875000 0.551060
vt 0.875000 0.553452
vt 0.812500 0.553361
vt 0.437500 0.562500
vt 0.437500 0.625000
vt 0.437500 0.668575
vt 0.381841 0.669238
vt 0.434973 0.299557
vt 0.434973 0.299527
vt 0.434940 0.299549
vt 0.500000 0.562500
vt 0.500000 0.625000
vt 0.500000 0.667830
vt 0.562500 0.562500
vt 0.562500 0.625000
vt 0.562500 0.667085
vt 0.434268 0.387942
vt 0.433246 0.388652
vt 0.434195 0.387993
vt 0.434195 0.386253
vt 0.434195 0.384514
vt 0.434195 0.382775
vt 0.434195 0.381035
vt 0.433246 0.381694
vt 0.432296 0.382354
vt 0.431347 0.383013
vt 0.430398 0.383672
vt 0.430398 0.385411
vt 0.430398 0.387150
vt 0.430398 0.388890
vt 0.430398 0.390629
vt 0.431347 0.389970
vt 0.430398 0.401746
vt 0.430398 0.402750
vt 0.430398 0.403754
vt 0.430398 0.404758
vt 0.431347 0.404978
vt 0.432296 0.405198
vt 0.433246 0.405417
vt 0.434195 0.405637
vt 0.434195 0.405587
vt 0.434195 0.404633
vt 0.434195 0.403629
vt 0.434195 0.402624
vt 0.434195 0.401620
vt 0.433246 0.401401
vt 0.432296 0.401181
vt 0.431347 0.400961
vt 0.430398 0.400742
vt 0.430398 0.350531
vt 0.430398 0.351535
vt 0.430398 0.352539
vt 0.431347 0.352759
vt 0.432296 0.352979
vt 0.433246 0.353198
vt 0.434195 0.353418
vt 0.434195 0.352414
vt 0.434195 0.351410
vt 0.434195 0.350405
vt 0.434195 0.349401
vt 0.433246 0.349181
vt 0.432296 0.348962
vt 0.431347 0.348742
vt 0.430818 0.348620
vt 0.430398 0.348522
vt 0.430398 0.349527
vt 0.500000 -0.452406
vt 0.201502 -0.339076
vt 0.201502 -0.072747
vt 0.350751 -0.072747
vt 0.350751 -0.040507
vt 0.201502 -0.039224
vt 0.500000 -0.072747
vt 0.500000 -0.041790
vt 0.312500 0.552941
vt 0.375000 0.553988
vt 0.312500 0.562500
vt 0.201502 -0.221997
vt 0.350751 -0.221997
vt 0.750000 0.553153
vt 0.500000 -0.221997
vt 0.649249 -0.221997
vt 0.125000 0.549802
vt 0.187500 0.550848
vt 0.187500 0.552483
vt 0.125000 0.552575
vt 0.798498 -0.221997
vt 0.437500 0.056989
vt 0.500000 0.056452
vt 0.500000 0.062500
vt 0.437500 0.062500
vt 0.375000 0.057526
vt 0.375000 0.062500
vt 0.375000 0.752224
vt 0.312500 0.548462
vt 0.375000 0.548462
vt 0.625000 0.524417
vt 0.687500 0.524417
vt 0.687500 0.562500
vt 0.853478 0.665737
vt 0.854593 0.665737
vt 0.854593 0.664450
vt 0.854593 0.663162
vt 0.854593 0.661875
vt 0.854593 0.660588
vt 0.853478 0.660588
vt 0.852364 0.660588
vt 0.851249 0.660588
vt 0.850134 0.660588
vt 0.850134 0.661875
vt 0.850134 0.663162
vt 0.850134 0.664450
vt 0.850134 0.665737
vt 0.851249 0.665737
vt 0.852364 0.665737
vt 0.854593 0.583459
vt 0.854593 0.581229
vt 0.854593 0.579000
vt 0.854593 0.576770
vt 0.854593 0.574540
vt 0.853478 0.574540
vt 0.852363 0.574540
vt 0.851249 0.574540
vt 0.850134 0.574540
vt 0.850134 0.576770
vt 0.850134 0.579000
vt 0.850134 0.581229
vt 0.850134 0.583459
vt 0.851249 0.583459
vt 0.852364 0.583459
vt 0.853478 0.583459
vt 0.851249 0.593646
vt 0.850134 0.593646
vt 0.850134 0.594933
vt 0.850134 0.596220
vt 0.850134 0.597508
vt 0.850134 0.598795
vt 0.851249 0.598795
vt 0.852364 0.598795
vt 0.853478 0.598795
vt 0.854593 0.598795
vt 0.854593 0.597508
vt 0.854593 0.596220
vt 0.854593 0.594933
vt 0.854593 0.593646
vt 0.853478 0.593646
vt 0.852363 0.593646
vt 0.437500 0.521061
vt 0.500000 0.521598
vt 0.250000 0.520523
vt 0.312500 0.520523
vt 0.500000 0.527641
vt 0.562500 0.526029
vt 0.375000 0.530865
vt 0.437500 0.529253
vt 0.947747 0.731807
vt 1.096997 0.731807
vt -0.246246 0.789224
vt -0.096997 0.789224
vt 0.437500 0.548999
vt 1.246246 0.727640
vt 1.395495 0.727640
vt 0.750000 0.550611
vt 0.812500 0.550611
vt 0.187500 0.520523
vt -0.395495 0.722508
vt -0.246246 0.722508
vt -0.246246 0.822747
vt -0.395495 0.822747
vt 0.500000 0.549536
vt 0.625000 0.522673
vt 0.687500 0.522673
vt 0.625000 0.550611
vt 0.687500 0.550611
vt 1.246246 0.731807
vt 1.395495 0.731807
vt 0.052253 0.789224
vt 0.947747 0.727640
vt 1.096997 0.727640
vt 0.562500 0.550074
vt 0.312500 0.530865
vt 0.375000 0.520523
vt 0.250000 0.530865
vt 0.750000 0.522673
vt 0.812500 0.522673
vt 0.562500 0.522135
vt 0.125000 0.548462
vt 0.187500 0.548462
vt 0.187500 0.562500
vt 0.125000 0.562500
vt 0.187500 0.530865
vt 0.125000 0.530865
vt 0.125000 0.562500
vt 0.875000 0.550611
vt 0.875000 0.562500
vt 0.735218 0.437500
vt 0.729392 0.437500
vt 0.729407 0.440133
vt 0.729426 0.443255
vt 0.730880 0.443101
vt 0.732335 0.442947
vt 0.733789 0.442794
vt 0.735243 0.442640
vt 0.735228 0.439518
vt 0.649249 -0.336349
vt 0.798498 -0.337356
vt 0.201502 -0.412209
vt 0.350751 -0.414582
vt 0.187500 0.584417
vt 0.250000 0.584257
vt 0.798498 0.861291
vt 0.947747 0.861672
vt 1.246246 0.862435
vt 1.395495 0.862816
vt 0.562500 0.579965
vt 0.625000 0.578641
vt 0.734308 0.625000
vt 0.728122 0.625000
vt 0.727947 0.630021
vt 0.729511 0.629756
vt 0.731074 0.629491
vt 0.732636 0.629225
vt 0.734198 0.628960
vt 0.312500 0.584097
vt 0.375000 0.583938
vt 0.125000 0.584577
vt 0.125000 0.625000
vt 0.735204 0.436468
vt 0.735164 0.433548
vt 0.735123 0.430628
vt 0.733663 0.430772
vt 0.732203 0.430916
vt 0.730743 0.431059
vt 0.729283 0.431203
vt 0.729335 0.434123
vt 0.729384 0.437043
vt 0.739292 0.532963
vt 0.739071 0.528013
vt 0.738850 0.523063
vt 0.738632 0.518113
vt 0.738414 0.513163
vt 0.736955 0.512738
vt 0.735495 0.512313
vt 0.734036 0.511889
vt 0.732578 0.511464
vt 0.732785 0.516414
vt 0.732993 0.521364
vt 0.733202 0.526314
vt 0.733412 0.531264
vt 0.734881 0.531689
vt 0.736351 0.532114
vt 0.737821 0.532538
vt 0.437500 0.582613
vt 0.500000 0.581289
vt 0.734324 0.623900
vt 0.734383 0.619740
vt 0.734443 0.615580
vt 0.734502 0.611420
vt 0.732969 0.611625
vt 0.731435 0.611830
vt 0.729900 0.612035
vt 0.728366 0.612240
vt 0.728283 0.616399
vt 0.728203 0.620559
vt 0.728127 0.624719
vt 0.201502 -0.334478
vt 0.350751 -0.334997
vt 0.500000 -0.335515
vt 1.096997 0.862054
vt 0.500000 -0.416954
vt 0.649249 -0.419327
vt 0.552768 -0.335698
vt 0.688733 -0.419955
vt 0.798498 -0.422583
vt 0.199626 0.552353
vt 0.262570 0.509460
vt 0.263611 0.500680
vt 0.263789 0.500000
vt 0.260364 0.500000
vt 0.260370 0.501678
vt 0.260394 0.508568
vt 0.261828 0.509156
vt 0.250000 0.558688
vt 0.279051 0.556693
vt 0.250000 0.562500
vt 0.437500 0.554302
vt 0.129131 0.437500
vt 0.132374 0.437500
vt 0.131959 0.434343
vt 0.131489 0.430798
vt 0.131017 0.427253
vt 0.130543 0.423708
vt 0.130112 0.424410
vt 0.129276 0.436793
vt 0.562500 0.554931
vt 0.500000 0.554617
vt 0.128094 0.446280
vt 0.128925 0.444673
vt 0.130656 0.441343
vt 0.132395 0.438013
vt 0.437500 0.527947
vt 0.476164 0.528562
vt 0.500000 0.528816
vt -0.246246 0.798828
vt -0.217288 0.798515
vt -0.142302 0.808880
vt -0.096997 0.813644
vt 0.625000 0.530150
vt 0.687500 0.530262
vt 0.649249 -0.323034
vt 0.798498 -0.319933
vt 0.500000 -0.326135
vt 0.562500 0.529483
vt 0.312500 0.527082
vt 0.375000 0.526954
vt 0.312500 0.562500
vt 0.350751 -0.329675
vt 0.387095 -0.328481
vt 0.750000 0.530375
vt 0.266394 0.437500
vt 0.260567 0.437500
vt 0.260559 0.439523
vt 0.260547 0.443022
vt 0.260535 0.446520
vt 0.261989 0.446348
vt 0.263444 0.446175
vt 0.264899 0.446003
vt 0.266354 0.445831
vt 0.266371 0.442333
vt 0.266387 0.438834
vt 0.265741 0.488093
vt 0.264709 0.487792
vt 0.263278 0.487376
vt 0.261846 0.486960
vt 0.260414 0.486543
vt 0.260397 0.491425
vt 0.260379 0.496307
vt -0.096997 0.738477
vt 0.052253 0.738170
vt 0.201502 -0.334580
vt 0.812500 0.530487
vt 0.500000 0.196987
vt 0.562500 0.196767
vt 0.562500 0.199255
vt 0.500000 0.199569
vt 0.625000 0.196548
vt 0.625000 0.198940
vt 0.375000 0.197425
vt 0.437500 0.197206
vt 0.437500 0.199884
vt 0.375000 0.200198
vt 0.266435 0.434927
vt 0.266502 0.430767
vt 0.265036 0.430972
vt 0.263570 0.431177
vt 0.262105 0.431381
vt 0.260640 0.431586
vt 0.260589 0.435746
vt -0.246246 0.738783
vt -0.395495 0.799046
vt 0.875000 0.562500
vt -0.395495 0.739089
vt 0.875000 0.530599
vt 0.597598 0.984587
vt 0.565333 0.983101
vt 0.565333 0.983101
vt 0.597598 0.984587
vt 0.532905 0.018067
vt 0.565409 0.017347
vt 0.565409 0.017347
vt 0.532905 0.018067
vt 0.732077 0.706383
vt 0.776835 0.704622
vt 0.776835 0.704622
vt 0.732077 0.706383
vt 0.500337 0.483589
vt 0.468750 0.483589
vt 0.468750 0.483589
vt 0.500337 0.483589
vt 0.468750 0.266411
vt 0.500337 0.266411
vt 0.500337 0.266411
vt 0.468750 0.266411
vt 0.532696 0.483888
vt 0.532696 0.483888
vt 0.615599 0.263515
vt 0.615599 0.486485
vt 0.615599 0.486485
vt 0.615599 0.263515
vt 0.532696 0.266112
vt 0.532696 0.266112
vt 0.565392 0.484628
vt 0.565392 0.484628
vt 0.565392 0.265372
vt 0.565392 0.265372
vt 0.386838 0.483589
vt 0.386838 0.266411
vt 0.386838 0.266411
vt 0.386838 0.483589
vt 0.776835 1.239371
vt 0.732077 1.237610
vt 0.732077 1.237610
vt 0.776835 1.239371
vt 0.228781 1.232677
vt 0.228781 0.711316
vt 0.228781 0.711316
vt 0.228781 1.232677
vt 0.276126 0.711316
vt 0.350751 0.711316
vt 0.350751 0.711316
vt 0.276126 0.711316
vt 0.350751 1.232677
vt 0.276126 1.232677
vt 0.276126 1.232677
vt 0.350751 1.232677
vt 0.425375 0.711316
vt 0.425375 0.711316
vt 0.425375 1.232677
vt 0.425375 1.232677
vt 0.468750 0.231788
vt 0.437500 0.231788
vt 0.437500 0.231788
vt 0.468750 0.231788
vt 0.597701 0.015821
vt 0.614568 0.015029
vt 0.614568 0.015029
vt 0.597701 0.015821
vt 0.500396 0.018235
vt 0.500396 0.018235
vt 0.500374 0.231788
vt 0.500374 0.231788
vt 0.468750 0.018212
vt 0.468750 0.018212
vt 0.614568 0.234971
vt 0.614568 0.234971
vt 0.532855 0.232121
vt 0.532855 0.232121
vt 0.406250 0.767739
vt 0.437500 0.767739
vt 0.437500 0.767739
vt 0.406250 0.767739
vt 0.532862 0.982402
vt 0.532862 0.982402
vt 0.468750 0.767739
vt 0.468750 0.767739
vt 0.387796 0.767739
vt 0.387796 0.767739
vt 0.500386 0.982239
vt 0.500386 0.982239
vt 0.500364 0.767739
vt 0.500364 0.767739
vt 0.614839 0.985370
vt 0.614839 0.985370
vt 0.625000 0.750000
vt 0.625000 0.000000
vt 0.625000 0.250000
vt 0.625000 0.500000
vt 0.375000 0.250000
vt 0.375000 0.500000
vt 0.375000 0.500000
vt 0.375000 0.250000
vt 0.350183 0.524817
vt 0.350183 0.725183
vt 0.350183 0.725183
vt 0.350183 0.524817
vt 0.375000 0.750000
vt 0.375000 1.000000
vt 0.375000 1.000000
vt 0.375000 0.750000
vt 0.375000 0.000000
vt 0.375000 0.000000
vt 0.625000 0.250000
vt 0.625000 0.500000
vt 0.677220 0.552221
vt 0.677220 0.697780
vt 0.652203 0.722797
vt 0.652203 0.527203
vt 0.625000 1.000000
vt 0.625000 0.750000
vt 0.625000 1.000000
vt 0.625000 0.000000
vt 0.375000 0.500000
vt 0.375000 0.250000
vt 0.406250 0.483589
vt 0.406250 0.500000
vt 0.406250 0.266411
vt 0.406250 0.250000
vt 0.625000 0.250000
vt 0.625000 0.500000
vt 0.597310 0.485733
vt 0.593750 0.500000
vt 0.562500 0.500000
vt 0.531250 0.500000
vt 0.500000 0.500000
vt 0.468750 0.500000
vt 0.437500 0.483589
vt 0.437500 0.500000
vt 0.597310 0.264267
vt 0.593750 0.250000
vt 0.562500 0.250000
vt 0.531250 0.250000
vt 0.500000 0.250000
vt 0.468750 0.250000
vt 0.437500 0.266411
vt 0.437500 0.250000
vt 0.388137 0.018212
vt 0.388137 0.231788
vt 0.375000 0.000000
vt 0.593750 0.000000
vt 0.625000 0.000000
vt 0.406250 0.231788
vt 0.406250 0.018212
vt 0.406250 0.000000
vt 0.437500 0.018212
vt 0.437500 0.000000
vt 0.468750 0.000000
vt 0.500000 0.000000
vt 0.531250 0.000000
vt 0.562500 0.000000
vt 0.597701 0.234179
vt 0.565710 0.232947
vt 0.625000 1.000000
vt 0.593750 1.000000
vt 0.375000 0.750000
vt 0.406250 0.750000
vt 0.614839 0.764630
vt 0.625000 0.750000
vt 0.387796 0.982261
vt 0.375000 1.000000
vt 0.406250 0.982261
vt 0.406250 1.000000
vt 0.437500 0.982261
vt 0.437500 1.000000
vt 0.468750 0.982261
vt 0.468750 1.000000
vt 0.500000 1.000000
vt 0.531250 1.000000
vt 0.562500 1.000000
vt 0.597598 0.765413
vt 0.593750 0.750000
vt 0.565626 0.766612
vt 0.562500 0.750000
vt 0.532813 0.767415
vt 0.531250 0.750000
vt 0.500000 0.750000
vt 0.468750 0.750000
vt 0.437500 0.750000
vt 0.201502 0.673498
vt 0.276126 0.673498
vt 0.276126 1.270495
vt 0.201502 1.270495
vt 0.798498 0.673498
vt 0.798498 1.270495
vt 0.386423 0.515837
vt 0.386423 0.734163
vt 0.723874 0.673498
vt 0.655914 0.708926
vt 0.649249 0.673498
vt 0.577958 0.710626
vt 0.574625 0.673498
vt 0.500776 0.711316
vt 0.500000 0.673498
vt 0.425375 0.673498
vt 0.350751 0.673498
vt 0.723874 1.270495
vt 0.655914 1.235067
vt 0.649249 1.270495
vt 0.577958 1.233366
vt 0.574625 1.270495
vt 0.500777 1.232677
vt 0.500000 1.270495
vt 0.425375 1.270495
vt 0.350751 1.270495
vt 0.388137 0.231788
vt 0.406250 0.231788
vt 0.597701 0.234179
vt 0.406250 0.018212
vt 0.388137 0.018212
vt 0.565710 0.232947
vt 0.437500 0.018212
vt 0.614839 0.764630
vt 0.597598 0.765413
vt 0.387796 0.982261
vt 0.406250 0.982261
vt 0.565626 0.766612
vt 0.437500 0.982261
vt 0.532813 0.767415
vt 0.468750 0.982261
vt 0.655914 1.235067
vt 0.655914 0.708926
vt 0.577958 1.233366
vt 0.577958 0.710626
vt 0.500777 1.232677
vt 0.500776 0.711316
vt 0.406250 0.483589
vt 0.437500 0.266411
vt 0.437500 0.483589
vt 0.406250 0.266411
vt 0.597310 0.264267
vt 0.597310 0.485733
vt 0.149817 0.524817
vt 0.149817 0.725183
vt 0.125000 0.750000
vt 0.125000 0.500000
vt 0.149817 0.524817
vt 0.335444 0.539556
vt 0.335444 0.710444
vt 0.335444 0.710444
vt 0.335444 0.539556
vt 0.149817 0.725183
vt 0.164556 0.539556
vt 0.164556 0.710444
vt 0.164556 0.710444
vt 0.164556 0.539556
vt 0.335444 0.539556
vt 0.335444 0.710444
vt 0.335444 0.710444
vt 0.335444 0.539556
vt 0.164556 0.710444
vt 0.164556 0.539556
vt 0.164556 0.539556
vt 0.164556 0.710444
vt 0.164556 0.539556
vt 0.164556 0.710444
vt 0.335444 0.710444
vt 0.335444 0.539556
vt 0.176889 0.551889
vt 0.176889 0.698111
vt 0.323111 0.698111
vt 0.323111 0.551889
vt 0.164556 0.539556
vt 0.335444 0.539556
vt 0.335444 0.710444
vt 0.164556 0.710444
vt 0.650646 0.722152
vt 0.650646 0.527849
vt 0.650646 0.527848
vt 0.650646 0.722152
vt 0.849354 0.527848
vt 0.849354 0.722152
vt 0.849354 0.722152
vt 0.849354 0.527848
vt 0.851556 0.523444
vt 0.648444 0.523444
vt 0.875000 0.500000
vt 0.652848 0.525646
vt 0.847152 0.525646
vt 0.847152 0.525646
vt 0.652848 0.525646
vt 0.648444 0.726556
vt 0.822779 0.552220
vt 0.822780 0.697780
vt 0.851556 0.726556
vt 0.875000 0.750000
vt 0.847796 0.527203
vt 0.847797 0.722797
vt 0.652848 0.724354
vt 0.847152 0.724354
vt 0.652848 0.724354
vt 0.847152 0.724354
vt 0.562500 0.187500
vt 0.625000 0.187500
vt 0.625000 0.225583
vt 0.562500 0.223971
vt 0.562500 0.187500
vt 0.625000 0.187500
vt 0.625000 0.250000
vt 0.562500 0.250000
vt 0.562500 0.437500
vt 0.625000 0.437500
vt 0.625000 0.500000
vt 0.562500 0.500000
vt 0.562500 0.687500
vt 0.625000 0.687500
vt 0.625000 0.709610
vt 0.566723 0.708215
vt 0.562500 0.708148
vt 0.312500 0.687500
vt 0.375000 0.687500
vt 0.375000 0.705167
vt 0.312500 0.705039
vt 0.812500 0.687500
vt 0.875000 0.687500
vt 0.875000 0.708998
vt 0.812500 0.709151
vt 0.562500 0.187500
vt 0.625000 0.187500
vt 0.625000 0.219401
vt 0.562500 0.220068
vt 0.562500 0.687500
vt 0.625000 0.687500
vt 0.625000 0.750000
vt 0.562500 0.750000
vt 0.562500 0.937500
vt 0.625000 0.937500
vt 0.625000 1.000000
vt 0.562500 1.000000
vt 0.312500 0.687500
vt 0.375000 0.687500
vt 0.375000 0.750000
vt 0.312500 0.750000
vt 0.812500 0.687500
vt 0.875000 0.687500
vt 0.875000 0.750000
vt 0.812500 0.750000
vt 0.562500 0.187500
vt 0.625000 0.187500
vt 0.625000 0.196548
vt 0.562500 0.196767
vt 0.625000 0.562500
vt 0.687500 0.562500
vt 0.687500 0.625000
vt 0.625000 0.625000
vt 0.687500 0.665138
vt 0.625000 0.664324
vt 0.750000 0.562500
vt 0.750000 0.625000
vt 0.750000 0.665953
vt 0.812500 0.562500
vt 0.812500 0.625000
vt 0.812500 0.666767
vt 0.875000 0.562500
vt 0.875000 0.625000
vt 0.875000 0.667581
vt 0.125000 0.562500
vt 0.187500 0.562500
vt 0.187500 0.625000
vt 0.125000 0.625000
vt 0.187500 0.673214
vt 0.125000 0.674028
vt 0.250000 0.562500
vt 0.250000 0.625000
vt 0.250000 0.670709
vt 0.312500 0.562500
vt 0.312500 0.625000
vt 0.312500 0.671586
vt 0.375000 0.562500
vt 0.375000 0.625000
vt 0.375000 0.670771
vt 0.437500 0.562500
vt 0.437500 0.625000
vt 0.437500 0.669159
vt 0.500000 0.562500
vt 0.500000 0.625000
vt 0.500000 0.667548
vt 0.562500 0.562500
vt 0.562500 0.625000
vt 0.562500 0.665936
vt 0.375000 0.187500
vt 0.437500 0.187500
vt 0.437500 0.197206
vt 0.375000 0.197425
vt 0.500000 0.187500
vt 0.500000 0.196987
vt 0.375000 0.125000
vt 0.437500 0.125000
vt 0.500000 0.125000
vt 0.562500 0.125000
vt 0.625000 0.125000
vt 0.687500 0.687500
vt 0.687500 0.750000
vt 0.750000 0.687500
vt 0.750000 0.750000
vt 0.625000 0.562500
vt 0.687500 0.562500
vt 0.687500 0.625000
vt 0.625000 0.625000
vt 0.750000 0.562500
vt 0.750000 0.625000
vt 0.812500 0.562500
vt 0.812500 0.625000
vt 0.875000 0.562500
vt 0.875000 0.625000
vt 0.125000 0.687500
vt 0.187500 0.687500
vt 0.187500 0.750000
vt 0.125000 0.750000
vt 0.250000 0.687500
vt 0.250000 0.750000
vt 0.125000 0.562500
vt 0.187500 0.562500
vt 0.187500 0.625000
vt 0.125000 0.625000
vt 0.250000 0.562500
vt 0.250000 0.625000
vt 0.312500 0.562500
vt 0.312500 0.625000
vt 0.375000 0.562500
vt 0.375000 0.625000
vt 0.375000 0.937500
vt 0.437500 0.937500
vt 0.437500 1.000000
vt 0.375000 1.000000
vt 0.500000 0.937500
vt 0.500000 1.000000
vt 0.437500 0.750000
vt 0.437500 0.812500
vt 0.375000 0.812500
vt 0.437500 0.875000
vt 0.375000 0.875000
vt 0.500000 0.750000
vt 0.500000 0.812500
vt 0.500000 0.875000
vt 0.562500 0.812500
vt 0.562500 0.875000
vt 0.625000 0.812500
vt 0.625000 0.875000
vt 0.437500 0.687500
vt 0.500000 0.687500
vt 0.437500 0.562500
vt 0.437500 0.625000
vt 0.500000 0.562500
vt 0.500000 0.625000
vt 0.562500 0.562500
vt 0.562500 0.625000
vt 0.375000 0.187500
vt 0.437500 0.187500
vt 0.437500 0.221539
vt 0.375000 0.222533
vt 0.500000 0.187500
vt 0.500000 0.220735
vt 0.463853 0.221120
vt 0.375000 0.000000
vt 0.437500 0.000000
vt 0.437500 0.062500
vt 0.375000 0.062500
vt 0.437500 0.125000
vt 0.375000 0.125000
vt 0.500000 0.000000
vt 0.500000 0.062500
vt 0.500000 0.125000
vt 0.562500 0.000000
vt 0.562500 0.062500
vt 0.562500 0.125000
vt 0.625000 0.000000
vt 0.625000 0.062500
vt 0.625000 0.125000
vt 0.687500 0.687500
vt 0.687500 0.709457
vt 0.750000 0.687500
vt 0.750000 0.709304
vt 0.687500 0.500000
vt 0.687500 0.562500
vt 0.625000 0.562500
vt 0.687500 0.625000
vt 0.625000 0.625000
vt 0.750000 0.500000
vt 0.750000 0.562500
vt 0.750000 0.625000
vt 0.812500 0.500000
vt 0.812500 0.562500
vt 0.812500 0.625000
vt 0.875000 0.500000
vt 0.875000 0.562500
vt 0.875000 0.625000
vt 0.125000 0.687500
vt 0.187500 0.687500
vt 0.187500 0.704782
vt 0.125000 0.704654
vt 0.250000 0.687500
vt 0.250000 0.704911
vt 0.125000 0.500000
vt 0.187500 0.500000
vt 0.187500 0.562500
vt 0.125000 0.562500
vt 0.187500 0.625000
vt 0.125000 0.625000
vt 0.250000 0.500000
vt 0.250000 0.562500
vt 0.250000 0.625000
vt 0.312500 0.500000
vt 0.312500 0.562500
vt 0.312500 0.625000
vt 0.375000 0.500000
vt 0.375000 0.562500
vt 0.375000 0.625000
vt 0.437500 0.687500
vt 0.437500 0.706161
vt 0.500000 0.687500
vt 0.500000 0.707154
vt 0.437500 0.500000
vt 0.437500 0.562500
vt 0.437500 0.625000
vt 0.500000 0.500000
vt 0.500000 0.562500
vt 0.500000 0.625000
vt 0.562500 0.562500
vt 0.562500 0.625000
vt 0.375000 0.437500
vt 0.437500 0.437500
vt 0.500000 0.437500
vt 0.375000 0.250000
vt 0.437500 0.250000
vt 0.437500 0.312500
vt 0.375000 0.312500
vt 0.437500 0.375000
vt 0.375000 0.375000
vt 0.500000 0.250000
vt 0.500000 0.312500
vt 0.500000 0.375000
vt 0.562500 0.312500
vt 0.562500 0.375000
vt 0.625000 0.312500
vt 0.625000 0.375000
vt 0.375000 0.187500
vt 0.437500 0.187500
vt 0.500000 0.187500
vt 0.375000 0.062500
vt 0.437500 0.062500
vt 0.437500 0.125000
vt 0.375000 0.125000
vt 0.500000 0.062500
vt 0.500000 0.125000
vt 0.562500 0.062500
vt 0.562500 0.125000
vt 0.625000 0.062500
vt 0.625000 0.125000
vt 0.625000 0.562500
vt 0.687500 0.562500
vt 0.687500 0.625000
vt 0.625000 0.625000
vt 0.687500 0.673609
vt 0.625000 0.673709
vt 0.750000 0.562500
vt 0.750000 0.625000
vt 0.750000 0.673508
vt 0.812500 0.562500
vt 0.812500 0.625000
vt 0.812500 0.673408
vt 0.875000 0.562500
vt 0.875000 0.625000
vt 0.875000 0.673308
vt 0.125000 0.562500
vt 0.187500 0.562500
vt 0.187500 0.625000
vt 0.125000 0.625000
vt 0.187500 0.672193
vt 0.125000 0.672103
vt 0.250000 0.562500
vt 0.250000 0.625000
vt 0.250000 0.672283
vt 0.312500 0.562500
vt 0.312500 0.625000
vt 0.312500 0.672373
vt 0.375000 0.562500
vt 0.375000 0.625000
vt 0.375000 0.672463
vt 0.437500 0.562500
vt 0.437500 0.625000
vt 0.437500 0.672680
vt 0.500000 0.562500
vt 0.500000 0.625000
vt 0.500000 0.672897
vt 0.562500 0.562500
vt 0.562500 0.625000
vt 0.562500 0.673287
vt 0.509787 0.672931
vt 0.375000 0.187500
vt 0.437500 0.187500
vt 0.437500 0.220747
vt 0.375000 0.219135
vt 0.500000 0.187500
vt 0.500000 0.222359
vt 0.375000 0.125000
vt 0.437500 0.125000
vt 0.500000 0.125000
vt 0.562500 0.125000
vt 0.625000 0.125000
vt 0.562500 0.187500
vt 0.625000 0.187500
vt 0.625000 0.199389
vt 0.562500 0.199926
vt 0.562500 0.187500
vt 0.625000 0.187500
vt 0.625000 0.227327
vt 0.562500 0.227865
vt 0.562500 0.687500
vt 0.625000 0.687500
vt 0.625000 0.750000
vt 0.562500 0.750000
vt 0.562500 0.937500
vt 0.625000 0.937500
vt 0.625000 1.000000
vt 0.562500 1.000000
vt 0.312500 0.687500
vt 0.375000 0.687500
vt 0.375000 0.749984
vt 0.372776 0.750000
vt 0.312500 0.750000
vt 0.812500 0.687500
vt 0.875000 0.687500
vt 0.875000 0.750000
vt 0.812500 0.750000
vt 0.562500 0.187500
vt 0.625000 0.187500
vt 0.625000 0.250000
vt 0.562500 0.250000
vt 0.562500 0.437500
vt 0.625000 0.437500
vt 0.625000 0.500000
vt 0.562500 0.500000
vt 0.562500 0.687500
vt 0.625000 0.687500
vt 0.625000 0.720681
vt 0.562500 0.720143
vt 0.312500 0.687500
vt 0.375000 0.687500
vt 0.375000 0.718532
vt 0.312500 0.719002
vt 0.812500 0.687500
vt 0.875000 0.687500
vt 0.875000 0.722561
vt 0.847353 0.722353
vt 0.812500 0.722091
vt 0.562500 0.687500
vt 0.625000 0.687500
vt 0.625000 0.692742
vt 0.562500 0.692205
vt 0.312500 0.687500
vt 0.375000 0.687500
vt 0.375000 0.690593
vt 0.312500 0.691064
vt 0.812500 0.687500
vt 0.875000 0.687500
vt 0.875000 0.694623
vt 0.812500 0.694153
vt 0.687500 0.687500
vt 0.687500 0.693213
vt 0.750000 0.687500
vt 0.750000 0.693683
vt 0.625000 0.625000
vt 0.687500 0.625000
vt 0.750000 0.625000
vt 0.812500 0.625000
vt 0.875000 0.625000
vt 0.125000 0.687500
vt 0.187500 0.687500
vt 0.187500 0.692004
vt 0.125000 0.692474
vt 0.250000 0.687500
vt 0.250000 0.691534
vt 0.125000 0.625000
vt 0.187500 0.625000
vt 0.250000 0.625000
vt 0.312500 0.625000
vt 0.375000 0.625000
vt 0.437500 0.687500
vt 0.437500 0.691131
vt 0.378122 0.690620
vt 0.500000 0.687500
vt 0.500000 0.691668
vt 0.437500 0.625000
vt 0.500000 0.625000
vt 0.562500 0.625000
vt 0.375000 0.062500
vt 0.437500 0.062500
vt 0.437500 0.125000
vt 0.375000 0.125000
vt 0.437500 0.166748
vt 0.375000 0.165423
vt 0.500000 0.062500
vt 0.500000 0.125000
vt 0.500000 0.168072
vt 0.562500 0.062500
vt 0.562500 0.125000
vt 0.562500 0.169396
vt 0.625000 0.062500
vt 0.625000 0.125000
vt 0.625000 0.170721
vt 0.687500 0.687500
vt 0.687500 0.721151
vt 0.750000 0.687500
vt 0.750000 0.721621
vt 0.687500 0.500000
vt 0.687500 0.562500
vt 0.625000 0.562500
vt 0.687500 0.625000
vt 0.625000 0.625000
vt 0.750000 0.500000
vt 0.750000 0.562500
vt 0.750000 0.625000
vt 0.812500 0.500000
vt 0.812500 0.562500
vt 0.812500 0.625000
vt 0.875000 0.500000
vt 0.875000 0.562500
vt 0.875000 0.625000
vt 0.125000 0.687500
vt 0.187500 0.687500
vt 0.187500 0.719942
vt 0.125000 0.720412
vt 0.250000 0.687500
vt 0.250000 0.719472
vt 0.125000 0.500000
vt 0.187500 0.500000
vt 0.187500 0.562500
vt 0.125000 0.562500
vt 0.187500 0.625000
vt 0.125000 0.625000
vt 0.250000 0.500000
vt 0.250000 0.562500
vt 0.250000 0.625000
vt 0.312500 0.500000
vt 0.312500 0.562500
vt 0.312500 0.625000
vt 0.375000 0.500000
vt 0.375000 0.562500
vt 0.375000 0.625000
vt 0.437500 0.687500
vt 0.437500 0.719069
vt 0.500000 0.687500
vt 0.500000 0.719606
vt 0.437500 0.500000
vt 0.437500 0.562500
vt 0.437500 0.625000
vt 0.500000 0.500000
vt 0.500000 0.562500
vt 0.500000 0.625000
vt 0.562500 0.562500
vt 0.562500 0.625000
vt 0.375000 0.437500
vt 0.437500 0.437500
vt 0.500000 0.437500
vt 0.375000 0.250000
vt 0.437500 0.250000
vt 0.437500 0.312500
vt 0.375000 0.312500
vt 0.437500 0.375000
vt 0.375000 0.375000
vt 0.500000 0.250000
vt 0.500000 0.312500
vt 0.500000 0.375000
vt 0.562500 0.312500
vt 0.562500 0.375000
vt 0.625000 0.312500
vt 0.625000 0.375000
vt 0.375000 0.187500
vt 0.437500 0.187500
vt 0.500000 0.187500
vt 0.375000 0.062500
vt 0.437500 0.062500
vt 0.437500 0.125000
vt 0.375000 0.125000
vt 0.500000 0.062500
vt 0.500000 0.125000
vt 0.562500 0.062500
vt 0.562500 0.125000
vt 0.625000 0.062500
vt 0.625000 0.125000
vt 0.687500 0.687500
vt 0.687500 0.750000
vt 0.750000 0.687500
vt 0.750000 0.750000
vt 0.625000 0.562500
vt 0.687500 0.562500
vt 0.687500 0.625000
vt 0.625000 0.625000
vt 0.750000 0.562500
vt 0.750000 0.625000
vt 0.812500 0.562500
vt 0.812500 0.625000
vt 0.875000 0.562500
vt 0.875000 0.625000
vt 0.125000 0.687500
vt 0.187500 0.687500
vt 0.187500 0.750000
vt 0.125000 0.750000
vt 0.250000 0.687500
vt 0.250000 0.750000
vt 0.125000 0.562500
vt 0.187500 0.562500
vt 0.187500 0.625000
vt 0.125000 0.625000
vt 0.250000 0.562500
vt 0.250000 0.625000
vt 0.312500 0.562500
vt 0.312500 0.625000
vt 0.375000 0.562500
vt 0.375000 0.625000
vt 0.375000 0.937500
vt 0.437500 0.937500
vt 0.437500 1.000000
vt 0.375000 1.000000
vt 0.500000 0.937500
vt 0.500000 1.000000
vt 0.375000 0.812500
vt 0.437500 0.812500
vt 0.437500 0.875000
vt 0.375000 0.875000
vt 0.437500 0.750000
vt 0.500000 0.750000
vt 0.500000 0.812500
vt 0.500000 0.875000
vt 0.562500 0.812500
vt 0.562500 0.875000
vt 0.625000 0.812500
vt 0.625000 0.875000
vt 0.437500 0.687500
vt 0.376871 0.750000
vt 0.500000 0.687500
vt 0.437500 0.562500
vt 0.437500 0.625000
vt 0.500000 0.562500
vt 0.500000 0.625000
vt 0.562500 0.562500
vt 0.562500 0.625000
vt 0.562500 0.080807
vt 0.625000 0.082419
vt 0.437500 0.077583
vt 0.500000 0.079195
vt 0.375000 0.029588
vt 0.437500 0.029051
vt 0.562500 0.055914
vt 0.625000 0.055377
vt 0.375000 0.187500
vt 0.437500 0.187500
vt 0.437500 0.228939
vt 0.375000 0.229477
vt 0.500000 0.187500
vt 0.500000 0.228402
vt 0.375000 0.000000
vt 0.437500 0.000000
vt 0.437500 0.062500
vt 0.375000 0.062500
vt 0.437500 0.125000
vt 0.375000 0.125000
vt 0.500000 0.000000
vt 0.500000 0.062500
vt 0.500000 0.125000
vt 0.562500 0.000000
vt 0.562500 0.062500
vt 0.562500 0.125000
vt 0.625000 0.000000
vt 0.625000 0.062500
vt 0.625000 0.125000
vt 0.625000 0.562500
vt 0.687500 0.562500
vt 0.687500 0.625000
vt 0.625000 0.625000
vt 0.687500 0.666482
vt 0.642422 0.666595
vt 0.625000 0.666341
vt 0.750000 0.562500
vt 0.750000 0.625000
vt 0.750000 0.666325
vt 0.812500 0.562500
vt 0.812500 0.625000
vt 0.812500 0.666169
vt 0.562500 0.027976
vt 0.625000 0.027439
vt 0.875000 0.562500
vt 0.875000 0.625000
vt 0.875000 0.666012
vt 0.125000 0.562500
vt 0.187500 0.562500
vt 0.187500 0.625000
vt 0.125000 0.625000
vt 0.187500 0.672367
vt 0.125000 0.672146
vt 0.250000 0.562500
vt 0.250000 0.625000
vt 0.250000 0.671877
vt 0.219844 0.672481
vt 0.312500 0.562500
vt 0.312500 0.625000
vt 0.312500 0.670624
vt 0.375000 0.562500
vt 0.375000 0.625000
vt 0.375000 0.669372
vt 0.687500 0.554199
vt 0.743555 0.553261
vt 0.750000 0.553270
vt 0.625000 0.555246
vt 0.812500 0.552106
vt 0.875000 0.551060
vt 0.875000 0.553452
vt 0.812500 0.553361
vt 0.437500 0.562500
vt 0.437500 0.625000
vt 0.437500 0.668575
vt 0.381841 0.669238
vt 0.434973 0.299557
vt 0.434973 0.299527
vt 0.434940 0.299549
vt 0.500000 0.562500
vt 0.500000 0.625000
vt 0.500000 0.667830
vt 0.562500 0.562500
vt 0.562500 0.625000
vt 0.562500 0.667085
vt 0.434268 0.387942
vt 0.433246 0.388652
vt 0.434195 0.387993
vt 0.434195 0.386253
vt 0.434195 0.384514
vt 0.434195 0.382775
vt 0.434195 0.381035
vt 0.433246 0.381694
vt 0.432296 0.382354
vt 0.431347 0.383013
vt 0.430398 0.383672
vt 0.430398 0.385411
vt 0.430398 0.387150
vt 0.430398 0.388890
vt 0.430398 0.390629
vt 0.431347 0.389970
vt 0.430398 0.401746
vt 0.430398 0.402750
vt 0.430398 0.403754
vt 0.430398 0.404758
vt 0.431347 0.404978
vt 0.432296 0.405198
vt 0.433246 0.405417
vt 0.434195 0.405637
vt 0.434195 0.405587
vt 0.434195 0.404633
vt 0.434195 0.403629
vt 0.434195 0.402624
vt 0.434195 0.401620
vt 0.433246 0.401401
vt 0.432296 0.401181
vt 0.431347 0.400961
vt 0.430398 0.400742
vt 0.430398 0.350531
vt 0.430398 0.351535
vt 0.430398 0.352539
vt 0.431347 0.352759
vt 0.432296 0.352979
vt 0.433246 0.353198
vt 0.434195 0.353418
vt 0.434195 0.352414
vt 0.434195 0.351410
vt 0.434195 0.350405
vt 0.434195 0.349401
vt 0.433246 0.349181
vt 0.432296 0.348962
vt 0.431347 0.348742
vt 0.430818 0.348620
vt 0.430398 0.348522
vt 0.430398 0.349527
vt 0.500000 0.028513
vt 0.375000 0.075972
vt 0.375000 0.187500
vt 0.437500 0.187500
vt 0.437500 0.201001
vt 0.375000 0.201538
vt 0.500000 0.187500
vt 0.500000 0.200464
vt 0.312500 0.552941
vt 0.375000 0.553988
vt 0.375000 0.125000
vt 0.437500 0.125000
vt 0.750000 0.553153
vt 0.500000 0.125000
vt 0.562500 0.125000
vt 0.125000 0.549802
vt 0.187500 0.550848
vt 0.187500 0.552483
vt 0.125000 0.552575
vt 0.625000 0.125000
vt 0.437500 0.056989
vt 0.500000 0.056452
vt 0.375000 0.057526
vt 0.375000 0.752224
vt 0.312500 0.548462
vt 0.375000 0.548462
vt 0.625000 0.524417
vt 0.687500 0.524417
vt 0.853478 0.665737
vt 0.854593 0.665737
vt 0.854593 0.664450
vt 0.854593 0.663162
vt 0.854593 0.661875
vt 0.854593 0.660588
vt 0.853478 0.660588
vt 0.852364 0.660588
vt 0.851249 0.660588
vt 0.850134 0.660588
vt 0.850134 0.661875
vt 0.850134 0.663162
vt 0.850134 0.664450
vt 0.850134 0.665737
vt 0.851249 0.665737
vt 0.852364 0.665737
vt 0.854593 0.583459
vt 0.854593 0.581229
vt 0.854593 0.579000
vt 0.854593 0.576770
vt 0.854593 0.574540
vt 0.853478 0.574540
vt 0.852363 0.574540
vt 0.851249 0.574540
vt 0.850134 0.574540
vt 0.850134 0.576770
vt 0.850134 0.579000
vt 0.850134 0.581229
vt 0.850134 0.583459
vt 0.851249 0.583459
vt 0.852364 0.583459
vt 0.853478 0.583459
vt 0.851249 0.593646
vt 0.850134 0.593646
vt 0.850134 0.594933
vt 0.850134 0.596220
vt 0.850134 0.597508
vt 0.850134 0.598795
vt 0.851249 0.598795
vt 0.852364 0.598795
vt 0.853478 0.598795
vt 0.854593 0.598795
vt 0.854593 0.597508
vt 0.854593 0.596220
vt 0.854593 0.594933
vt 0.854593 0.593646
vt 0.853478 0.593646
vt 0.852363 0.593646
vt 0.437500 0.521061
vt 0.500000 0.521598
vt 0.250000 0.520523
vt 0.312500 0.520523
vt 0.500000 0.527641
vt 0.562500 0.526029
vt 0.375000 0.530865
vt 0.437500 0.529253
vt 0.750000 0.524417
vt 0.187500 0.548462
vt 0.250000 0.548462
vt 0.437500 0.548999
vt 0.812500 0.522673
vt 0.875000 0.522673
vt 0.750000 0.550611
vt 0.812500 0.550611
vt 0.187500 0.520523
vt 0.125000 0.520523
vt 0.500000 0.549536
vt 0.625000 0.522673
vt 0.687500 0.522673
vt 0.625000 0.550611
vt 0.687500 0.550611
vt 0.812500 0.524417
vt 0.875000 0.524417
vt 0.750000 0.522673
vt 0.562500 0.550074
vt 0.312500 0.530865
vt 0.375000 0.520523
vt 0.250000 0.530865
vt 0.562500 0.522135
vt 0.125000 0.548462
vt 0.187500 0.530865
vt 0.125000 0.530865
vt 0.875000 0.550611
vt 0.735218 0.437500
vt 0.729392 0.437500
vt 0.729407 0.440133
vt 0.729426 0.443255
vt 0.730880 0.443101
vt 0.732335 0.442947
vt 0.733789 0.442794
vt 0.735243 0.442640
vt 0.735228 0.439518
vt 0.562500 0.077113
vt 0.625000 0.076692
vt 0.375000 0.045346
vt 0.437500 0.044353
vt 0.187500 0.584417
vt 0.250000 0.584257
vt 0.625000 0.578641
vt 0.687500 0.578800
vt 0.812500 0.579120
vt 0.875000 0.579279
vt 0.562500 0.579965
vt 0.734308 0.625000
vt 0.728122 0.625000
vt 0.727947 0.630021
vt 0.729511 0.629756
vt 0.731074 0.629491
vt 0.732636 0.629225
vt 0.734198 0.628960
vt 0.312500 0.584097
vt 0.375000 0.583938
vt 0.125000 0.584577
vt 0.735204 0.436468
vt 0.735164 0.433548
vt 0.735123 0.430628
vt 0.733663 0.430772
vt 0.732203 0.430916
vt 0.730743 0.431059
vt 0.729283 0.431203
vt 0.729335 0.434123
vt 0.729384 0.437043
vt 0.739292 0.532963
vt 0.739071 0.528013
vt 0.738850 0.523063
vt 0.738632 0.518113
vt 0.738414 0.513163
vt 0.736955 0.512738
vt 0.735495 0.512313
vt 0.734036 0.511889
vt 0.732578 0.511464
vt 0.732785 0.516414
vt 0.732993 0.521364
vt 0.733202 0.526314
vt 0.733412 0.531264
vt 0.734881 0.531689
vt 0.736351 0.532114
vt 0.737821 0.532538
vt 0.437500 0.582613
vt 0.500000 0.581289
vt 0.734324 0.623900
vt 0.734383 0.619740
vt 0.734443 0.615580
vt 0.734502 0.611420
vt 0.732969 0.611625
vt 0.731435 0.611830
vt 0.729900 0.612035
vt 0.728366 0.612240
vt 0.728283 0.616399
vt 0.728203 0.620559
vt 0.728127 0.624719
vt 0.375000 0.077897
vt 0.437500 0.077680
vt 0.500000 0.077463
vt 0.750000 0.578960
vt 0.500000 0.043359
vt 0.562500 0.042365
vt 0.522097 0.077386
vt 0.579034 0.042103
vt 0.625000 0.041002
vt 0.199626 0.552353
vt 0.262570 0.509460
vt 0.263611 0.500680
vt 0.263789 0.500000
vt 0.260364 0.500000
vt 0.260370 0.501678
vt 0.260394 0.508568
vt 0.261828 0.509156
vt 0.250000 0.558688
vt 0.279051 0.556693
vt 0.437500 0.554302
vt 0.129131 0.437500
vt 0.132374 0.437500
vt 0.131959 0.434343
vt 0.131489 0.430798
vt 0.131017 0.427253
vt 0.130543 0.423708
vt 0.130112 0.424410
vt 0.129276 0.436793
vt 0.562500 0.554931
vt 0.500000 0.554617
vt 0.128094 0.446280
vt 0.128925 0.444673
vt 0.130656 0.441343
vt 0.132395 0.438013
vt 0.437500 0.527947
vt 0.476164 0.528562
vt 0.500000 0.528816
vt 0.231028 0.556693
vt 0.625000 0.530150
vt 0.687500 0.530262
vt 0.562500 0.082689
vt 0.625000 0.083988
vt 0.500000 0.081391
vt 0.562500 0.529483
vt 0.312500 0.527082
vt 0.375000 0.526954
vt 0.437500 0.079908
vt 0.452720 0.080408
vt 0.750000 0.530375
vt 0.266394 0.437500
vt 0.260567 0.437500
vt 0.260559 0.439523
vt 0.260547 0.443022
vt 0.260535 0.446520
vt 0.261989 0.446348
vt 0.263444 0.446175
vt 0.264899 0.446003
vt 0.266354 0.445831
vt 0.266371 0.442333
vt 0.266387 0.438834
vt 0.265741 0.488093
vt 0.264709 0.487792
vt 0.263278 0.487376
vt 0.261846 0.486960
vt 0.260414 0.486543
vt 0.260397 0.491425
vt 0.260379 0.496307
vt 0.250000 0.527210
vt 0.375000 0.077854
vt 0.812500 0.530487
vt 0.562500 0.199255
vt 0.500000 0.199569
vt 0.625000 0.198940
vt 0.437500 0.199884
vt 0.375000 0.200198
vt 0.266435 0.434927
vt 0.266502 0.430767
vt 0.265036 0.430972
vt 0.263570 0.431177
vt 0.262105 0.431381
vt 0.260640 0.431586
vt 0.260589 0.435746
vt 0.187500 0.527339
vt 0.125000 0.527467
vt 0.875000 0.530599
vt 0.562500 0.187500
vt 0.625000 0.187500
vt 0.625000 0.225583
vt 0.562500 0.223971
vt 0.562500 0.187500
vt 0.625000 0.187500
vt 0.625000 0.250000
vt 0.562500 0.250000
vt 0.562500 0.437500
vt 0.625000 0.437500
vt 0.625000 0.500000
vt 0.562500 0.500000
vt 0.562500 0.687500
vt 0.625000 0.687500
vt 0.625000 0.709610
vt 0.566723 0.708215
vt 0.562500 0.708148
vt 0.312500 0.687500
vt 0.375000 0.687500
vt 0.375000 0.705167
vt 0.312500 0.705039
vt 0.812500 0.687500
vt 0.875000 0.687500
vt 0.875000 0.708998
vt 0.812500 0.709151
vt 0.562500 0.187500
vt 0.625000 0.187500
vt 0.625000 0.219401
vt 0.562500 0.220068
vt 0.562500 0.687500
vt 0.625000 0.687500
vt 0.625000 0.750000
vt 0.562500 0.750000
vt 0.562500 0.937500
vt 0.625000 0.937500
vt 0.625000 1.000000
vt 0.562500 1.000000
vt 0.312500 0.687500
vt 0.375000 0.687500
vt 0.375000 0.750000
vt 0.312500 0.750000
vt 0.812500 0.687500
vt 0.875000 0.687500
vt 0.875000 0.750000
vt 0.812500 0.750000
vt 0.562500 0.187500
vt 0.625000 0.187500
vt 0.625000 0.196548
vt 0.562500 0.196767
vt 0.625000 0.562500
vt 0.687500 0.562500
vt 0.687500 0.625000
vt 0.625000 0.625000
vt 0.687500 0.665138
vt 0.625000 0.664324
vt 0.750000 0.562500
vt 0.750000 0.625000
vt 0.750000 0.665953
vt 0.812500 0.562500
vt 0.812500 0.625000
vt 0.812500 0.666767
vt 0.875000 0.562500
vt 0.875000 0.625000
vt 0.875000 0.667581
vt 0.125000 0.562500
vt 0.187500 0.562500
vt 0.187500 0.625000
vt 0.125000 0.625000
vt 0.187500 0.673214
vt 0.125000 0.674028
vt 0.250000 0.562500
vt 0.250000 0.625000
vt 0.250000 0.670709
vt 0.312500 0.562500
vt 0.312500 0.625000
vt 0.312500 0.671586
vt 0.375000 0.562500
vt 0.375000 0.625000
vt 0.375000 0.670771
vt 0.437500 0.562500
vt 0.437500 0.625000
vt 0.437500 0.669159
vt 0.500000 0.562500
vt 0.500000 0.625000
vt 0.500000 0.667548
vt 0.562500 0.562500
vt 0.562500 0.625000
vt 0.562500 0.665936
vt 0.375000 0.187500
vt 0.437500 0.187500
vt 0.437500 0.197206
vt 0.375000 0.197425
vt 0.500000 0.187500
vt 0.500000 0.196987
vt 0.375000 0.125000
vt 0.437500 0.125000
vt 0.500000 0.125000
vt 0.562500 0.125000
vt 0.625000 0.125000
vt 0.687500 0.687500
vt 0.687500 0.750000
vt 0.750000 0.687500
vt 0.750000 0.750000
vt 0.625000 0.562500
vt 0.687500 0.562500
vt 0.687500 0.625000
vt 0.625000 0.625000
vt 0.750000 0.562500
vt 0.750000 0.625000
vt 0.812500 0.562500
vt 0.812500 0.625000
vt 0.875000 0.562500
vt 0.875000 0.625000
vt 0.125000 0.687500
vt 0.187500 0.687500
vt 0.187500 0.750000
vt 0.125000 0.750000
vt 0.250000 0.687500
vt 0.250000 0.750000
vt 0.125000 0.562500
vt 0.187500 0.562500
vt 0.187500 0.625000
vt 0.125000 0.625000
vt 0.250000 0.562500
vt 0.250000 0.625000
vt 0.312500 0.562500
vt 0.312500 0.625000
vt 0.375000 0.562500
vt 0.375000 0.625000
vt 0.375000 0.937500
vt 0.437500 0.937500
vt 0.437500 1.000000
vt 0.375000 1.000000
vt 0.500000 0.937500
vt 0.500000 1.000000
vt 0.437500 0.750000
vt 0.437500 0.812500
vt 0.375000 0.812500
vt 0.437500 0.875000
vt 0.375000 0.875000
vt 0.500000 0.750000
vt 0.500000 0.812500
vt 0.500000 0.875000
vt 0.562500 0.812500
vt 0.562500 0.875000
vt 0.625000 0.812500
vt 0.625000 0.875000
vt 0.437500 0.687500
vt 0.500000 0.687500
vt 0.437500 0.562500
vt 0.437500 0.625000
vt 0.500000 0.562500
vt 0.500000 0.625000
vt 0.562500 0.562500
vt 0.562500 0.625000
vt 0.375000 0.187500
vt 0.437500 0.187500
vt 0.437500 0.221539
vt 0.375000 0.222533
vt 0.500000 0.187500
vt 0.500000 0.220735
vt 0.463853 0.221120
vt 0.375000 0.000000
vt 0.437500 0.000000
vt 0.437500 0.062500
vt 0.375000 0.062500
vt 0.437500 0.125000
vt 0.375000 0.125000
vt 0.500000 0.000000
vt 0.500000 0.062500
vt 0.500000 0.125000
vt 0.562500 0.000000
vt 0.562500 0.062500
vt 0.562500 0.125000
vt 0.625000 0.000000
vt 0.625000 0.062500
vt 0.625000 0.125000
vt 0.687500 0.687500
vt 0.687500 0.709457
vt 0.750000 0.687500
vt 0.750000 0.709304
vt 0.687500 0.500000
vt 0.687500 0.562500
vt 0.625000 0.562500
vt 0.687500 0.625000
vt 0.625000 0.625000
vt 0.750000 0.500000
vt 0.750000 0.562500
vt 0.750000 0.625000
vt 0.812500 0.500000
vt 0.812500 0.562500
vt 0.812500 0.625000
vt 0.875000 0.500000
vt 0.875000 0.562500
vt 0.875000 0.625000
vt 0.125000 0.687500
vt 0.187500 0.687500
vt 0.187500 0.704782
vt 0.125000 0.704654
vt 0.250000 0.687500
vt 0.250000 0.704911
vt 0.125000 0.500000
vt 0.187500 0.500000
vt 0.187500 0.562500
vt 0.125000 0.562500
vt 0.187500 0.625000
vt 0.125000 0.625000
vt 0.250000 0.500000
vt 0.250000 0.562500
vt 0.250000 0.625000
vt 0.312500 0.500000
vt 0.312500 0.562500
vt 0.312500 0.625000
vt 0.375000 0.500000
vt 0.375000 0.562500
vt 0.375000 0.625000
vt 0.437500 0.687500
vt 0.437500 0.706161
vt 0.500000 0.687500
vt 0.500000 0.707154
vt 0.437500 0.500000
vt 0.437500 0.562500
vt 0.437500 0.625000
vt 0.500000 0.500000
vt 0.500000 0.562500
vt 0.500000 0.625000
vt 0.562500 0.562500
vt 0.562500 0.625000
vt 0.375000 0.437500
vt 0.437500 0.437500
vt 0.500000 0.437500
vt 0.375000 0.250000
vt 0.437500 0.250000
vt 0.437500 0.312500
vt 0.375000 0.312500
vt 0.437500 0.375000
vt 0.375000 0.375000
vt 0.500000 0.250000
vt 0.500000 0.312500
vt 0.500000 0.375000
vt 0.562500 0.312500
vt 0.562500 0.375000
vt 0.625000 0.312500
vt 0.625000 0.375000
vt 0.375000 0.187500
vt 0.437500 0.187500
vt 0.500000 0.187500
vt 0.375000 0.062500
vt 0.437500 0.062500
vt 0.437500 0.125000
vt 0.375000 0.125000
vt 0.500000 0.062500
vt 0.500000 0.125000
vt 0.562500 0.062500
vt 0.562500 0.125000
vt 0.625000 0.062500
vt 0.625000 0.125000
vt 0.625000 0.562500
vt 0.687500 0.562500
vt 0.687500 0.625000
vt 0.625000 0.625000
vt 0.687500 0.673609
vt 0.625000 0.673709
vt 0.750000 0.562500
vt 0.750000 0.625000
vt 0.750000 0.673508
vt 0.812500 0.562500
vt 0.812500 0.625000
vt 0.812500 0.673408
vt 0.875000 0.562500
vt 0.875000 0.625000
vt 0.875000 0.673308
vt 0.125000 0.562500
vt 0.187500 0.562500
vt 0.187500 0.625000
vt 0.125000 0.625000
vt 0.187500 0.672193
vt 0.125000 0.672103
vt 0.250000 0.562500
vt 0.250000 0.625000
vt 0.250000 0.672283
vt 0.312500 0.562500
vt 0.312500 0.625000
vt 0.312500 0.672373
vt 0.375000 0.562500
vt 0.375000 0.625000
vt 0.375000 0.672463
vt 0.437500 0.562500
vt 0.437500 0.625000
vt 0.437500 0.672680
vt 0.500000 0.562500
vt 0.500000 0.625000
vt 0.500000 0.672897
vt 0.562500 0.562500
vt 0.562500 0.625000
vt 0.562500 0.673287
vt 0.509787 0.672931
vt 0.375000 0.187500
vt 0.437500 0.187500
vt 0.437500 0.220747
vt 0.375000 0.219135
vt 0.500000 0.187500
vt 0.500000 0.222359
vt 0.375000 0.125000
vt 0.437500 0.125000
vt 0.500000 0.125000
vt 0.562500 0.125000
vt 0.625000 0.125000
vt 0.562500 0.187500
vt 0.625000 0.187500
vt 0.625000 0.199389
vt 0.562500 0.199926
vt 0.562500 0.187500
vt 0.625000 0.187500
vt 0.625000 0.227327
vt 0.562500 0.227865
vt 0.562500 0.687500
vt 0.625000 0.687500
vt 0.625000 0.750000
vt 0.562500 0.750000
vt 0.562500 0.937500
vt 0.625000 0.937500
vt 0.625000 1.000000
vt 0.562500 1.000000
vt 0.312500 0.687500
vt 0.375000 0.687500
vt 0.375000 0.749984
vt 0.372776 0.750000
vt 0.312500 0.750000
vt 0.812500 0.687500
vt 0.875000 0.687500
vt 0.875000 0.750000
vt 0.812500 0.750000
vt 0.562500 0.187500
vt 0.625000 0.187500
vt 0.625000 0.250000
vt 0.562500 0.250000
vt 0.562500 0.437500
vt 0.625000 0.437500
vt 0.625000 0.500000
vt 0.562500 0.500000
vt 0.562500 0.687500
vt 0.625000 0.687500
vt 0.625000 0.720681
vt 0.562500 0.720143
vt 0.312500 0.687500
vt 0.375000 0.687500
vt 0.375000 0.718532
vt 0.312500 0.719002
vt 0.812500 0.687500
vt 0.875000 0.687500
vt 0.875000 0.722561
vt 0.847353 0.722353
vt 0.812500 0.722091
vt 0.562500 0.687500
vt 0.625000 0.687500
vt 0.625000 0.692742
vt 0.562500 0.692205
vt 0.312500 0.687500
vt 0.375000 0.687500
vt 0.375000 0.690593
vt 0.312500 0.691064
vt 0.812500 0.687500
vt 0.875000 0.687500
vt 0.875000 0.694623
vt 0.812500 0.694153
vt 0.687500 0.687500
vt 0.687500 0.693213
vt 0.750000 0.687500
vt 0.750000 0.693683
vt 0.625000 0.625000
vt 0.687500 0.625000
vt 0.750000 0.625000
vt 0.812500 0.625000
vt 0.875000 0.625000
vt 0.125000 0.687500
vt 0.187500 0.687500
vt 0.187500 0.692004
vt 0.125000 0.692474
vt 0.250000 0.687500
vt 0.250000 0.691534
vt 0.125000 0.625000
vt 0.187500 0.625000
vt 0.250000 0.625000
vt 0.312500 0.625000
vt 0.375000 0.625000
vt 0.437500 0.687500
vt 0.437500 0.691131
vt 0.378122 0.690620
vt 0.500000 0.687500
vt 0.500000 0.691668
vt 0.437500 0.625000
vt 0.500000 0.625000
vt 0.562500 0.625000
vt 0.375000 0.062500
vt 0.437500 0.062500
vt 0.437500 0.125000
vt 0.375000 0.125000
vt 0.437500 0.166748
vt 0.375000 0.165423
vt 0.500000 0.062500
vt 0.500000 0.125000
vt 0.500000 0.168072
vt 0.562500 0.062500
vt 0.562500 0.125000
vt 0.562500 0.169396
vt 0.625000 0.062500
vt 0.625000 0.125000
vt 0.625000 0.170721
vt 0.687500 0.687500
vt 0.687500 0.721151
vt 0.750000 0.687500
vt 0.750000 0.721621
vt 0.687500 0.500000
vt 0.687500 0.562500
vt 0.625000 0.562500
vt 0.687500 0.625000
vt 0.625000 0.625000
vt 0.750000 0.500000
vt 0.750000 0.562500
vt 0.750000 0.625000
vt 0.812500 0.500000
vt 0.812500 0.562500
vt 0.812500 0.625000
vt 0.875000 0.500000
vt 0.875000 0.562500
vt 0.875000 0.625000
vt 0.125000 0.687500
vt 0.187500 0.687500
vt 0.187500 0.719942
vt 0.125000 0.720412
vt 0.250000 0.687500
vt 0.250000 0.719472
vt 0.125000 0.500000
vt 0.187500 0.500000
vt 0.187500 0.562500
vt 0.125000 0.562500
vt 0.187500 0.625000
vt 0.125000 0.625000
vt 0.250000 0.500000
vt 0.250000 0.562500
vt 0.250000 0.625000
vt 0.312500 0.500000
vt 0.312500 0.562500
vt 0.312500 0.625000
vt 0.375000 0.500000
vt 0.375000 0.562500
vt 0.375000 0.625000
vt 0.437500 0.687500
vt 0.437500 0.719069
vt 0.500000 0.687500
vt 0.500000 0.719606
vt 0.437500 0.500000
vt 0.437500 0.562500
vt 0.437500 0.625000
vt 0.500000 0.500000
vt 0.500000 0.562500
vt 0.500000 0.625000
vt 0.562500 0.562500
vt 0.562500 0.625000
vt 0.375000 0.437500
vt 0.437500 0.437500
vt 0.500000 0.437500
vt 0.375000 0.250000
vt 0.437500 0.250000
vt 0.437500 0.312500
vt 0.375000 0.312500
vt 0.437500 0.375000
vt 0.375000 0.375000
vt 0.500000 0.250000
vt 0.500000 0.312500
vt 0.500000 0.375000
vt 0.562500 0.312500
vt 0.562500 0.375000
vt 0.625000 0.312500
vt 0.625000 0.375000
vt 0.375000 0.187500
vt 0.437500 0.187500
vt 0.500000 0.187500
vt 0.375000 0.062500
vt 0.437500 0.062500
vt 0.437500 0.125000
vt 0.375000 0.125000
vt 0.500000 0.062500
vt 0.500000 0.125000
vt 0.562500 0.062500
vt 0.562500 0.125000
vt 0.625000 0.062500
vt 0.625000 0.125000
vt 0.687500 0.687500
vt 0.687500 0.750000
vt 0.750000 0.687500
vt 0.750000 0.750000
vt 0.625000 0.562500
vt 0.687500 0.562500
vt 0.687500 0.625000
vt 0.625000 0.625000
vt 0.750000 0.562500
vt 0.750000 0.625000
vt 0.812500 0.562500
vt 0.812500 0.625000
vt 0.875000 0.562500
vt 0.875000 0.625000
vt 0.125000 0.687500
vt 0.187500 0.687500
vt 0.187500 0.750000
vt 0.125000 0.750000
vt 0.250000 0.687500
vt 0.250000 0.750000
vt 0.125000 0.562500
vt 0.187500 0.562500
vt 0.187500 0.625000
vt 0.125000 0.625000
vt 0.250000 0.562500
vt 0.250000 0.625000
vt 0.312500 0.562500
vt 0.312500 0.625000
vt 0.375000 0.562500
vt 0.375000 0.625000
vt 0.375000 0.937500
vt 0.437500 0.937500
vt 0.437500 1.000000
vt 0.375000 1.000000
vt 0.500000 0.937500
vt 0.500000 1.000000
vt 0.375000 0.812500
vt 0.437500 0.812500
vt 0.437500 0.875000
vt 0.375000 0.875000
vt 0.437500 0.750000
vt 0.500000 0.750000
vt 0.500000 0.812500
vt 0.500000 0.875000
vt 0.562500 0.812500
vt 0.562500 0.875000
vt 0.625000 0.812500
vt 0.625000 0.875000
vt 0.437500 0.687500
vt 0.376871 0.750000
vt 0.500000 0.687500
vt 0.437500 0.562500
vt 0.437500 0.625000
vt 0.500000 0.562500
vt 0.500000 0.625000
vt 0.562500 0.562500
vt 0.562500 0.625000
vt 0.562500 0.080807
vt 0.625000 0.082419
vt 0.437500 0.077583
vt 0.500000 0.079195
vt 0.375000 0.029588
vt 0.437500 0.029051
vt 0.562500 0.055914
vt 0.625000 0.055377
vt 0.375000 0.187500
vt 0.437500 0.187500
vt 0.437500 0.228939
vt 0.375000 0.229477
vt 0.500000 0.187500
vt 0.500000 0.228402
vt 0.375000 0.000000
vt 0.437500 0.000000
vt 0.437500 0.062500
vt 0.375000 0.062500
vt 0.437500 0.125000
vt 0.375000 0.125000
vt 0.500000 0.000000
vt 0.500000 0.062500
vt 0.500000 0.125000
vt 0.562500 0.000000
vt 0.562500 0.062500
vt 0.562500 0.125000
vt 0.625000 0.000000
vt 0.625000 0.062500
vt 0.625000 0.125000
vt 0.625000 0.562500
vt 0.687500 0.562500
vt 0.687500 0.625000
vt 0.625000 0.625000
vt 0.687500 0.666482
vt 0.642422 0.666595
vt 0.625000 0.666341
vt 0.750000 0.562500
vt 0.750000 0.625000
vt 0.750000 0.666325
vt 0.812500 0.562500
vt 0.812500 0.625000
vt 0.812500 0.666169
vt 0.562500 0.027976
vt 0.625000 0.027439
vt 0.875000 0.562500
vt 0.875000 0.625000
vt 0.875000 0.666012
vt 0.125000 0.562500
vt 0.187500 0.562500
vt 0.187500 0.625000
vt 0.125000 0.625000
vt 0.187500 0.672367
vt 0.125000 0.672146
vt 0.250000 0.562500
vt 0.250000 0.625000
vt 0.250000 0.671877
vt 0.219844 0.672481
vt 0.312500 0.562500
vt 0.312500 0.625000
vt 0.312500 0.670624
vt 0.375000 0.562500
vt 0.375000 0.625000
vt 0.375000 0.669372
vt 0.687500 0.554199
vt 0.743555 0.553261
vt 0.750000 0.553270
vt 0.625000 0.555246
vt 0.812500 0.552106
vt 0.875000 0.551060
vt 0.875000 0.553452
vt 0.812500 0.553361
vt 0.437500 0.562500
vt 0.437500 0.625000
vt 0.437500 0.668575
vt 0.381841 0.669238
vt 0.434973 0.299557
vt 0.434973 0.299527
vt 0.434940 0.299549
vt 0.500000 0.562500
vt 0.500000 0.625000
vt 0.500000 0.667830
vt 0.562500 0.562500
vt 0.562500 0.625000
vt 0.562500 0.667085
vt 0.434268 0.387942
vt 0.433246 0.388652
vt 0.434195 0.387993
vt 0.434195 0.386253
vt 0.434195 0.384514
vt 0.434195 0.382775
vt 0.434195 0.381035
vt 0.433246 0.381694
vt 0.432296 0.382354
vt 0.431347 0.383013
vt 0.430398 0.383672
vt 0.430398 0.385411
vt 0.430398 0.387150
vt 0.430398 0.388890
vt 0.430398 0.390629
vt 0.431347 0.389970
vt 0.430398 0.401746
vt 0.430398 0.402750
vt 0.430398 0.403754
vt 0.430398 0.404758
vt 0.431347 0.404978
vt 0.432296 0.405198
vt 0.433246 0.405417
vt 0.434195 0.405637
vt 0.434195 0.405587
vt 0.434195 0.404633
vt 0.434195 0.403629
vt 0.434195 0.402624
vt 0.434195 0.401620
vt 0.433246 0.401401
vt 0.432296 0.401181
vt 0.431347 0.400961
vt 0.430398 0.400742
vt 0.430398 0.350531
vt 0.430398 0.351535
vt 0.430398 0.352539
vt 0.431347 0.352759
vt 0.432296 0.352979
vt 0.433246 0.353198
vt 0.434195 0.353418
vt 0.434195 0.352414
vt 0.434195 0.351410
vt 0.434195 0.350405
vt 0.434195 0.349401
vt 0.433246 0.349181
vt 0.432296 0.348962
vt 0.431347 0.348742
vt 0.430818 0.348620
vt 0.430398 0.348522
vt 0.430398 0.349527
vt 0.500000 0.028513
vt 0.375000 0.075972
vt 0.375000 0.187500
vt 0.437500 0.187500
vt 0.437500 0.201001
vt 0.375000 0.201538
vt 0.500000 0.187500
vt 0.500000 0.200464
vt 0.312500 0.552941
vt 0.375000 0.553988
vt 0.375000 0.125000
vt 0.437500 0.125000
vt 0.750000 0.553153
vt 0.500000 0.125000
vt 0.562500 0.125000
vt 0.125000 0.549802
vt 0.187500 0.550848
vt 0.187500 0.552483
vt 0.125000 0.552575
vt 0.625000 0.125000
vt 0.437500 0.056989
vt 0.500000 0.056452
vt 0.375000 0.057526
vt 0.375000 0.752224
vt 0.312500 0.548462
vt 0.375000 0.548462
vt 0.625000 0.524417
vt 0.687500 0.524417
vt 0.853478 0.665737
vt 0.854593 0.665737
vt 0.854593 0.664450
vt 0.854593 0.663162
vt 0.854593 0.661875
vt 0.854593 0.660588
vt 0.853478 0.660588
vt 0.852364 0.660588
vt 0.851249 0.660588
vt 0.850134 0.660588
vt 0.850134 0.661875
vt 0.850134 0.663162
vt 0.850134 0.664450
vt 0.850134 0.665737
vt 0.851249 0.665737
vt 0.852364 0.665737
vt 0.854593 0.583459
vt 0.854593 0.581229
vt 0.854593 0.579000
vt 0.854593 0.576770
vt 0.854593 0.574540
vt 0.853478 0.574540
vt 0.852363 0.574540
vt 0.851249 0.574540
vt 0.850134 0.574540
vt 0.850134 0.576770
vt 0.850134 0.579000
vt 0.850134 0.581229
vt 0.850134 0.583459
vt 0.851249 0.583459
vt 0.852364 0.583459
vt 0.853478 0.583459
vt 0.851249 0.593646
vt 0.850134 0.593646
vt 0.850134 0.594933
vt 0.850134 0.596220
vt 0.850134 0.597508
vt 0.850134 0.598795
vt 0.851249 0.598795
vt 0.852364 0.598795
vt 0.853478 0.598795
vt 0.854593 0.598795
vt 0.854593 0.597508
vt 0.854593 0.596220
vt 0.854593 0.594933
vt 0.854593 0.593646
vt 0.853478 0.593646
vt 0.852363 0.593646
vt 0.437500 0.521061
vt 0.500000 0.521598
vt 0.250000 0.520523
vt 0.312500 0.520523
vt 0.500000 0.527641
vt 0.562500 0.526029
vt 0.375000 0.530865
vt 0.437500 0.529253
vt 0.750000 0.524417
vt 0.187500 0.548462
vt 0.250000 0.548462
vt 0.437500 0.548999
vt 0.812500 0.522673
vt 0.875000 0.522673
vt 0.750000 0.550611
vt 0.812500 0.550611
vt 0.187500 0.520523
vt 0.125000 0.520523
vt 0.500000 0.549536
vt 0.625000 0.522673
vt 0.687500 0.522673
vt 0.625000 0.550611
vt 0.687500 0.550611
vt 0.812500 0.524417
vt 0.875000 0.524417
vt 0.750000 0.522673
vt 0.562500 0.550074
vt 0.312500 0.530865
vt 0.375000 0.520523
vt 0.250000 0.530865
vt 0.562500 0.522135
vt 0.125000 0.548462
vt 0.187500 0.530865
vt 0.125000 0.530865
vt 0.875000 0.550611
vt 0.735218 0.437500
vt 0.729392 0.437500
vt 0.729407 0.440133
vt 0.729426 0.443255
vt 0.730880 0.443101
vt 0.732335 0.442947
vt 0.733789 0.442794
vt 0.735243 0.442640
vt 0.735228 0.439518
vt 0.562500 0.077113
vt 0.625000 0.076692
vt 0.375000 0.045346
vt 0.437500 0.044353
vt 0.187500 0.584417
vt 0.250000 0.584257
vt 0.625000 0.578641
vt 0.687500 0.578800
vt 0.812500 0.579120
vt 0.875000 0.579279
vt 0.562500 0.579965
vt 0.734308 0.625000
vt 0.728122 0.625000
vt 0.727947 0.630021
vt 0.729511 0.629756
vt 0.731074 0.629491
vt 0.732636 0.629225
vt 0.734198 0.628960
vt 0.312500 0.584097
vt 0.375000 0.583938
vt 0.125000 0.584577
vt 0.735204 0.436468
vt 0.735164 0.433548
vt 0.735123 0.430628
vt 0.733663 0.430772
vt 0.732203 0.430916
vt 0.730743 0.431059
vt 0.729283 0.431203
vt 0.729335 0.434123
vt 0.729384 0.437043
vt 0.739292 0.532963
vt 0.739071 0.528013
vt 0.738850 0.523063
vt 0.738632 0.518113
vt 0.738414 0.513163
vt 0.736955 0.512738
vt 0.735495 0.512313
vt 0.734036 0.511889
vt 0.732578 0.511464
vt 0.732785 0.516414
vt 0.732993 0.521364
vt 0.733202 0.526314
vt 0.733412 0.531264
vt 0.734881 0.531689
vt 0.736351 0.532114
vt 0.737821 0.532538
vt 0.437500 0.582613
vt 0.500000 0.581289
vt 0.734324 0.623900
vt 0.734383 0.619740
vt 0.734443 0.615580
vt 0.734502 0.611420
vt 0.732969 0.611625
vt 0.731435 0.611830
vt 0.729900 0.612035
vt 0.728366 0.612240
vt 0.728283 0.616399
vt 0.728203 0.620559
vt 0.728127 0.624719
vt 0.375000 0.077897
vt 0.437500 0.077680
vt 0.500000 0.077463
vt 0.750000 0.578960
vt 0.500000 0.043359
vt 0.562500 0.042365
vt 0.522097 0.077386
vt 0.579034 0.042103
vt 0.625000 0.041002
vt 0.199626 0.552353
vt 0.262570 0.509460
vt 0.263611 0.500680
vt 0.263789 0.500000
vt 0.260364 0.500000
vt 0.260370 0.501678
vt 0.260394 0.508568
vt 0.261828 0.509156
vt 0.250000 0.558688
vt 0.279051 0.556693
vt 0.437500 0.554302
vt 0.129131 0.437500
vt 0.132374 0.437500
vt 0.131959 0.434343
vt 0.131489 0.430798
vt 0.131017 0.427253
vt 0.130543 0.423708
vt 0.130112 0.424410
vt 0.129276 0.436793
vt 0.562500 0.554931
vt 0.500000 0.554617
vt 0.128094 0.446280
vt 0.128925 0.444673
vt 0.130656 0.441343
vt 0.132395 0.438013
vt 0.437500 0.527947
vt 0.476164 0.528562
vt 0.500000 0.528816
vt 0.231028 0.556693
vt 0.625000 0.530150
vt 0.687500 0.530262
vt 0.562500 0.082689
vt 0.625000 0.083988
vt 0.500000 0.081391
vt 0.562500 0.529483
vt 0.312500 0.527082
vt 0.375000 0.526954
vt 0.437500 0.079908
vt 0.452720 0.080408
vt 0.750000 0.530375
vt 0.266394 0.437500
vt 0.260567 0.437500
vt 0.260559 0.439523
vt 0.260547 0.443022
vt 0.260535 0.446520
vt 0.261989 0.446348
vt 0.263444 0.446175
vt 0.264899 0.446003
vt 0.266354 0.445831
vt 0.266371 0.442333
vt 0.266387 0.438834
vt 0.265741 0.488093
vt 0.264709 0.487792
vt 0.263278 0.487376
vt 0.261846 0.486960
vt 0.260414 0.486543
vt 0.260397 0.491425
vt 0.260379 0.496307
vt 0.250000 0.527210
vt 0.375000 0.077854
vt 0.812500 0.530487
vt 0.562500 0.199255
vt 0.500000 0.199569
vt 0.625000 0.198940
vt 0.437500 0.199884
vt 0.375000 0.200198
vt 0.266435 0.434927
vt 0.266502 0.430767
vt 0.265036 0.430972
vt 0.263570 0.431177
vt 0.262105 0.431381
vt 0.260640 0.431586
vt 0.260589 0.435746
vt 0.187500 0.527339
vt 0.125000 0.527467
vt 0.875000 0.530599
vt 0.562500 0.187500
vt 0.625000 0.187500
vt 0.625000 0.225583
vt 0.562500 0.223971
vt 0.562500 0.187500
vt 0.625000 0.187500
vt 0.625000 0.250000
vt 0.562500 0.250000
vt 0.562500 0.437500
vt 0.625000 0.437500
vt 0.625000 0.500000
vt 0.562500 0.500000
vt 0.562500 0.687500
vt 0.625000 0.687500
vt 0.625000 0.709610
vt 0.566723 0.708215
vt 0.562500 0.708148
vt 0.312500 0.687500
vt 0.375000 0.687500
vt 0.375000 0.705167
vt 0.312500 0.705039
vt 0.812500 0.687500
vt 0.875000 0.687500
vt 0.875000 0.708998
vt 0.812500 0.709151
vt 0.562500 0.187500
vt 0.625000 0.187500
vt 0.625000 0.219401
vt 0.562500 0.220068
vt 0.562500 0.687500
vt 0.625000 0.687500
vt 0.625000 0.750000
vt 0.562500 0.750000
vt 0.562500 0.937500
vt 0.625000 0.937500
vt 0.625000 1.000000
vt 0.562500 1.000000
vt 0.312500 0.687500
vt 0.375000 0.687500
vt 0.375000 0.750000
vt 0.312500 0.750000
vt 0.812500 0.687500
vt 0.875000 0.687500
vt 0.875000 0.750000
vt 0.812500 0.750000
vt 0.562500 0.187500
vt 0.625000 0.187500
vt 0.625000 0.196548
vt 0.562500 0.196767
vt 0.625000 0.562500
vt 0.687500 0.562500
vt 0.687500 0.625000
vt 0.625000 0.625000
vt 0.687500 0.665138
vt 0.625000 0.664324
vt 0.750000 0.562500
vt 0.750000 0.625000
vt 0.750000 0.665953
vt 0.812500 0.562500
vt 0.812500 0.625000
vt 0.812500 0.666767
vt 0.875000 0.562500
vt 0.875000 0.625000
vt 0.875000 0.667581
vt 0.125000 0.562500
vt 0.187500 0.562500
vt 0.187500 0.625000
vt 0.125000 0.625000
vt 0.187500 0.673214
vt 0.125000 0.674028
vt 0.250000 0.562500
vt 0.250000 0.625000
vt 0.250000 0.670709
vt 0.312500 0.562500
vt 0.312500 0.625000
vt 0.312500 0.671586
vt 0.375000 0.562500
vt 0.375000 0.625000
vt 0.375000 0.670771
vt 0.437500 0.562500
vt 0.437500 0.625000
vt 0.437500 0.669159
vt 0.500000 0.562500
vt 0.500000 0.625000
vt 0.500000 0.667548
vt 0.562500 0.562500
vt 0.562500 0.625000
vt 0.562500 0.665936
vt 0.375000 0.187500
vt 0.437500 0.187500
vt 0.437500 0.197206
vt 0.375000 0.197425
vt 0.500000 0.187500
vt 0.500000 0.196987
vt 0.375000 0.125000
vt 0.437500 0.125000
vt 0.500000 0.125000
vt 0.562500 0.125000
vt 0.625000 0.125000
vt 0.687500 0.687500
vt 0.687500 0.750000
vt 0.750000 0.687500
vt 0.750000 0.750000
vt 0.625000 0.562500
vt 0.687500 0.562500
vt 0.687500 0.625000
vt 0.625000 0.625000
vt 0.750000 0.562500
vt 0.750000 0.625000
vt 0.812500 0.562500
vt 0.812500 0.625000
vt 0.875000 0.562500
vt 0.875000 0.625000
vt 0.125000 0.687500
vt 0.187500 0.687500
vt 0.187500 0.750000
vt 0.125000 0.750000
vt 0.250000 0.687500
vt 0.250000 0.750000
vt 0.125000 0.562500
vt 0.187500 0.562500
vt 0.187500 0.625000
vt 0.125000 0.625000
vt 0.250000 0.562500
vt 0.250000 0.625000
vt 0.312500 0.562500
vt 0.312500 0.625000
vt 0.375000 0.562500
vt 0.375000 0.625000
vt 0.375000 0.937500
vt 0.437500 0.937500
vt 0.437500 1.000000
vt 0.375000 1.000000
vt 0.500000 0.937500
vt 0.500000 1.000000
vt 0.437500 0.750000
vt 0.437500 0.812500
vt 0.375000 0.812500
vt 0.437500 0.875000
vt 0.375000 0.875000
vt 0.500000 0.750000
vt 0.500000 0.812500
vt 0.500000 0.875000
vt 0.562500 0.812500
vt 0.562500 0.875000
vt 0.625000 0.812500
vt 0.625000 0.875000
vt 0.437500 0.687500
vt 0.500000 0.687500
vt 0.437500 0.562500
vt 0.437500 0.625000
vt 0.500000 0.562500
vt 0.500000 0.625000
vt 0.562500 0.562500
vt 0.562500 0.625000
vt 0.375000 0.187500
vt 0.437500 0.187500
vt 0.437500 0.221539
vt 0.375000 0.222533
vt 0.500000 0.187500
vt 0.500000 0.220735
vt 0.463853 0.221120
vt 0.375000 0.000000
vt 0.437500 0.000000
vt 0.437500 0.062500
vt 0.375000 0.062500
vt 0.437500 0.125000
vt 0.375000 0.125000
vt 0.500000 0.000000
vt 0.500000 0.062500
vt 0.500000 0.125000
vt 0.562500 0.000000
vt 0.562500 0.062500
vt 0.562500 0.125000
vt 0.625000 0.000000
vt 0.625000 0.062500
vt 0.625000 0.125000
vt 0.687500 0.687500
vt 0.687500 0.709457
vt 0.750000 0.687500
vt 0.750000 0.709304
vt 0.687500 0.500000
vt 0.687500 0.562500
vt 0.625000 0.562500
vt 0.687500 0.625000
vt 0.625000 0.625000
vt 0.750000 0.500000
vt 0.750000 0.562500
vt 0.750000 0.625000
vt 0.812500 0.500000
vt 0.812500 0.562500
vt 0.812500 0.625000
vt 0.875000 0.500000
vt 0.875000 0.562500
vt 0.875000 0.625000
vt 0.125000 0.687500
vt 0.187500 0.687500
vt 0.187500 0.704782
vt 0.125000 0.704654
vt 0.250000 0.687500
vt 0.250000 0.704911
vt 0.125000 0.500000
vt 0.187500 0.500000
vt 0.187500 0.562500
vt 0.125000 0.562500
vt 0.187500 0.625000
vt 0.125000 0.625000
vt 0.250000 0.500000
vt 0.250000 0.562500
vt 0.250000 0.625000
vt 0.312500 0.500000
vt 0.312500 0.562500
vt 0.312500 0.625000
vt 0.375000 0.500000
vt 0.375000 0.562500
vt 0.375000 0.625000
vt 0.437500 0.687500
vt 0.437500 0.706161
vt 0.500000 0.687500
vt 0.500000 0.707154
vt 0.437500 0.500000
vt 0.437500 0.562500
vt 0.437500 0.625000
vt 0.500000 0.500000
vt 0.500000 0.562500
vt 0.500000 0.625000
vt 0.562500 0.562500
vt 0.562500 0.625000
vt 0.375000 0.437500
vt 0.437500 0.437500
vt 0.500000 0.437500
vt 0.375000 0.250000
vt 0.437500 0.250000
vt 0.437500 0.312500
vt 0.375000 0.312500
vt 0.437500 0.375000
vt 0.375000 0.375000
vt 0.500000 0.250000
vt 0.500000 0.312500
vt 0.500000 0.375000
vt 0.562500 0.312500
vt 0.562500 0.375000
vt 0.625000 0.312500
vt 0.625000 0.375000
vt 0.375000 0.187500
vt 0.437500 0.187500
vt 0.500000 0.187500
vt 0.375000 0.062500
vt 0.437500 0.062500
vt 0.437500 0.125000
vt 0.375000 0.125000
vt 0.500000 0.062500
vt 0.500000 0.125000
vt 0.562500 0.062500
vt 0.562500 0.125000
vt 0.625000 0.062500
vt 0.625000 0.125000
vt 0.625000 0.562500
vt 0.687500 0.562500
vt 0.687500 0.625000
vt 0.625000 0.625000
vt 0.687500 0.673609
vt 0.625000 0.673709
vt 0.750000 0.562500
vt 0.750000 0.625000
vt 0.750000 0.673508
vt 0.812500 0.562500
vt 0.812500 0.625000
vt 0.812500 0.673408
vt 0.875000 0.562500
vt 0.875000 0.625000
vt 0.875000 0.673308
vt 0.125000 0.562500
vt 0.187500 0.562500
vt 0.187500 0.625000
vt 0.125000 0.625000
vt 0.187500 0.672193
vt 0.125000 0.672103
vt 0.250000 0.562500
vt 0.250000 0.625000
vt 0.250000 0.672283
vt 0.312500 0.562500
vt 0.312500 0.625000
vt 0.312500 0.672373
vt 0.375000 0.562500
vt 0.375000 0.625000
vt 0.375000 0.672463
vt 0.437500 0.562500
vt 0.437500 0.625000
vt 0.437500 0.672680
vt 0.500000 0.562500
vt 0.500000 0.625000
vt 0.500000 0.672897
vt 0.562500 0.562500
vt 0.562500 0.625000
vt 0.562500 0.673287
vt 0.509787 0.672931
vt 0.375000 0.187500
vt 0.437500 0.187500
vt 0.437500 0.220747
vt 0.375000 0.219135
vt 0.500000 0.187500
vt 0.500000 0.222359
vt 0.375000 0.125000
vt 0.437500 0.125000
vt 0.500000 0.125000
vt 0.562500 0.125000
vt 0.625000 0.125000
vt 0.562500 0.187500
vt 0.625000 0.187500
vt 0.625000 0.199389
vt 0.562500 0.199926
vt 0.562500 0.187500
vt 0.625000 0.187500
vt 0.625000 0.227327
vt 0.562500 0.227865
vt 0.562500 0.687500
vt 0.625000 0.687500
vt 0.625000 0.750000
vt 0.562500 0.750000
vt 0.562500 0.937500
vt 0.625000 0.937500
vt 0.625000 1.000000
vt 0.562500 1.000000
vt 0.312500 0.687500
vt 0.375000 0.687500
vt 0.375000 0.749984
vt 0.372776 0.750000
vt 0.312500 0.750000
vt 0.812500 0.687500
vt 0.875000 0.687500
vt 0.875000 0.750000
vt 0.812500 0.750000
vt 0.562500 0.187500
vt 0.625000 0.187500
vt 0.625000 0.250000
vt 0.562500 0.250000
vt 0.562500 0.437500
vt 0.625000 0.437500
vt 0.625000 0.500000
vt 0.562500 0.500000
vt 0.562500 0.687500
vt 0.625000 0.687500
vt 0.625000 0.720681
vt 0.562500 0.720143
vt 0.312500 0.687500
vt 0.375000 0.687500
vt 0.375000 0.718532
vt 0.312500 0.719002
vt 0.812500 0.687500
vt 0.875000 0.687500
vt 0.875000 0.722561
vt 0.847353 0.722353
vt 0.812500 0.722091
vt 0.562500 0.687500
vt 0.625000 0.687500
vt 0.625000 0.692742
vt 0.562500 0.692205
vt 0.312500 0.687500
vt 0.375000 0.687500
vt 0.375000 0.690593
vt 0.312500 0.691064
vt 0.812500 0.687500
vt 0.875000 0.687500
vt 0.875000 0.694623
vt 0.812500 0.694153
vt 0.687500 0.687500
vt 0.687500 0.693213
vt 0.750000 0.687500
vt 0.750000 0.693683
vt 0.625000 0.625000
vt 0.687500 0.625000
vt 0.750000 0.625000
vt 0.812500 0.625000
vt 0.875000 0.625000
vt 0.125000 0.687500
vt 0.187500 0.687500
vt 0.187500 0.692004
vt 0.125000 0.692474
vt 0.250000 0.687500
vt 0.250000 0.691534
vt 0.125000 0.625000
vt 0.187500 0.625000
vt 0.250000 0.625000
vt 0.312500 0.625000
vt 0.375000 0.625000
vt 0.437500 0.687500
vt 0.437500 0.691131
vt 0.378122 0.690620
vt 0.500000 0.687500
vt 0.500000 0.691668
vt 0.437500 0.625000
vt 0.500000 0.625000
vt 0.562500 0.625000
vt 0.375000 0.062500
vt 0.437500 0.062500
vt 0.437500 0.125000
vt 0.375000 0.125000
vt 0.437500 0.166748
vt 0.375000 0.165423
vt 0.500000 0.062500
vt 0.500000 0.125000
vt 0.500000 0.168072
vt 0.562500 0.062500
vt 0.562500 0.125000
vt 0.562500 0.169396
vt 0.625000 0.062500
vt 0.625000 0.125000
vt 0.625000 0.170721
vt 0.687500 0.687500
vt 0.687500 0.721151
vt 0.750000 0.687500
vt 0.750000 0.721621
vt 0.687500 0.500000
vt 0.687500 0.562500
vt 0.625000 0.562500
vt 0.687500 0.625000
vt 0.625000 0.625000
vt 0.750000 0.500000
vt 0.750000 0.562500
vt 0.750000 0.625000
vt 0.812500 0.500000
vt 0.812500 0.562500
vt 0.812500 0.625000
vt 0.875000 0.500000
vt 0.875000 0.562500
vt 0.875000 0.625000
vt 0.125000 0.687500
vt 0.187500 0.687500
vt 0.187500 0.719942
vt 0.125000 0.720412
vt 0.250000 0.687500
vt 0.250000 0.719472
vt 0.125000 0.500000
vt 0.187500 0.500000
vt 0.187500 0.562500
vt 0.125000 0.562500
vt 0.187500 0.625000
vt 0.125000 0.625000
vt 0.250000 0.500000
vt 0.250000 0.562500
vt 0.250000 0.625000
vt 0.312500 0.500000
vt 0.312500 0.562500
vt 0.312500 0.625000
vt 0.375000 0.500000
vt 0.375000 0.562500
vt 0.375000 0.625000
vt 0.437500 0.687500
vt 0.437500 0.719069
vt 0.500000 0.687500
vt 0.500000 0.719606
vt 0.437500 0.500000
vt 0.437500 0.562500
vt 0.437500 0.625000
vt 0.500000 0.500000
vt 0.500000 0.562500
vt 0.500000 0.625000
vt 0.562500 0.562500
vt 0.562500 0.625000
vt 0.375000 0.437500
vt 0.437500 0.437500
vt 0.500000 0.437500
vt 0.375000 0.250000
vt 0.437500 0.250000
vt 0.437500 0.312500
vt 0.375000 0.312500
vt 0.437500 0.375000
vt 0.375000 0.375000
vt 0.500000 0.250000
vt 0.500000 0.312500
vt 0.500000 0.375000
vt 0.562500 0.312500
vt 0.562500 0.375000
vt 0.625000 0.312500
vt 0.625000 0.375000
vt 0.375000 0.187500
vt 0.437500 0.187500
vt 0.500000 0.187500
vt 0.375000 0.062500
vt 0.437500 0.062500
vt 0.437500 0.125000
vt 0.375000 0.125000
vt 0.500000 0.062500
vt 0.500000 0.125000
vt 0.562500 0.062500
vt 0.562500 0.125000
vt 0.625000 0.062500
vt 0.625000 0.125000
vt 0.687500 0.687500
vt 0.687500 0.750000
vt 0.750000 0.687500
vt 0.750000 0.750000
vt 0.625000 0.562500
vt 0.687500 0.562500
vt 0.687500 0.625000
vt 0.625000 0.625000
vt 0.750000 0.562500
vt 0.750000 0.625000
vt 0.812500 0.562500
vt 0.812500 0.625000
vt 0.875000 0.562500
vt 0.875000 0.625000
vt 0.125000 0.687500
vt 0.187500 0.687500
vt 0.187500 0.750000
vt 0.125000 0.750000
vt 0.250000 0.687500
vt 0.250000 0.750000
vt 0.125000 0.562500
vt 0.187500 0.562500
vt 0.187500 0.625000
vt 0.125000 0.625000
vt 0.250000 0.562500
vt 0.250000 0.625000
vt 0.312500 0.562500
vt 0.312500 0.625000
vt 0.375000 0.562500
vt 0.375000 0.625000
vt 0.375000 0.937500
vt 0.437500 0.937500
vt 0.437500 1.000000
vt 0.375000 1.000000
vt 0.500000 0.937500
vt 0.500000 1.000000
vt 0.375000 0.812500
vt 0.437500 0.812500
vt 0.437500 0.875000
vt 0.375000 0.875000
vt 0.437500 0.750000
vt 0.500000 0.750000
vt 0.500000 0.812500
vt 0.500000 0.875000
vt 0.562500 0.812500
vt 0.562500 0.875000
vt 0.625000 0.812500
vt 0.625000 0.875000
vt 0.437500 0.687500
vt 0.376871 0.750000
vt 0.500000 0.687500
vt 0.437500 0.562500
vt 0.437500 0.625000
vt 0.500000 0.562500
vt 0.500000 0.625000
vt 0.562500 0.562500
vt 0.562500 0.625000
vt 0.562500 0.080807
vt 0.625000 0.082419
vt 0.437500 0.077583
vt 0.500000 0.079195
vt 0.375000 0.029588
vt 0.437500 0.029051
vt 0.562500 0.055914
vt 0.625000 0.055377
vt 0.375000 0.187500
vt 0.437500 0.187500
vt 0.437500 0.228939
vt 0.375000 0.229477
vt 0.500000 0.187500
vt 0.500000 0.228402
vt 0.375000 0.000000
vt 0.437500 0.000000
vt 0.437500 0.062500
vt 0.375000 0.062500
vt 0.437500 0.125000
vt 0.375000 0.125000
vt 0.500000 0.000000
vt 0.500000 0.062500
vt 0.500000 0.125000
vt 0.562500 0.000000
vt 0.562500 0.062500
vt 0.562500 0.125000
vt 0.625000 0.000000
vt 0.625000 0.062500
vt 0.625000 0.125000
vt 0.625000 0.562500
vt 0.687500 0.562500
vt 0.687500 0.625000
vt 0.625000 0.625000
vt 0.687500 0.666482
vt 0.642422 0.666595
vt 0.625000 0.666341
vt 0.750000 0.562500
vt 0.750000 0.625000
vt 0.750000 0.666325
vt 0.812500 0.562500
vt 0.812500 0.625000
vt 0.812500 0.666169
vt 0.562500 0.027976
vt 0.625000 0.027439
vt 0.875000 0.562500
vt 0.875000 0.625000
vt 0.875000 0.666012
vt 0.125000 0.562500
vt 0.187500 0.562500
vt 0.187500 0.625000
vt 0.125000 0.625000
vt 0.187500 0.672367
vt 0.125000 0.672146
vt 0.250000 0.562500
vt 0.250000 0.625000
vt 0.250000 0.671877
vt 0.219844 0.672481
vt 0.312500 0.562500
vt 0.312500 0.625000
vt 0.312500 0.670624
vt 0.375000 0.562500
vt 0.375000 0.625000
vt 0.375000 0.669372
vt 0.687500 0.554199
vt 0.743555 0.553261
vt 0.750000 0.553270
vt 0.625000 0.555246
vt 0.812500 0.552106
vt 0.875000 0.551060
vt 0.875000 0.553452
vt 0.812500 0.553361
vt 0.437500 0.562500
vt 0.437500 0.625000
vt 0.437500 0.668575
vt 0.381841 0.669238
vt 0.434973 0.299557
vt 0.434973 0.299527
vt 0.434940 0.299549
vt 0.500000 0.562500
vt 0.500000 0.625000
vt 0.500000 0.667830
vt 0.562500 0.562500
vt 0.562500 0.625000
vt 0.562500 0.667085
vt 0.434268 0.387942
vt 0.433246 0.388652
vt 0.434195 0.387993
vt 0.434195 0.386253
vt 0.434195 0.384514
vt 0.434195 0.382775
vt 0.434195 0.381035
vt 0.433246 0.381694
vt 0.432296 0.382354
vt 0.431347 0.383013
vt 0.430398 0.383672
vt 0.430398 0.385411
vt 0.430398 0.387150
vt 0.430398 0.388890
vt 0.430398 0.390629
vt 0.431347 0.389970
vt 0.430398 0.401746
vt 0.430398 0.402750
vt 0.430398 0.403754
vt 0.430398 0.404758
vt 0.431347 0.404978
vt 0.432296 0.405198
vt 0.433246 0.405417
vt 0.434195 0.405637
vt 0.434195 0.405587
vt 0.434195 0.404633
vt 0.434195 0.403629
vt 0.434195 0.402624
vt 0.434195 0.401620
vt 0.433246 0.401401
vt 0.432296 0.401181
vt 0.431347 0.400961
vt 0.430398 0.400742
vt 0.430398 0.350531
vt 0.430398 0.351535
vt 0.430398 0.352539
vt 0.431347 0.352759
vt 0.432296 0.352979
vt 0.433246 0.353198
vt 0.434195 0.353418
vt 0.434195 0.352414
vt 0.434195 0.351410
vt 0.434195 0.350405
vt 0.434195 0.349401
vt 0.433246 0.349181
vt 0.432296 0.348962
vt 0.431347 0.348742
vt 0.430818 0.348620
vt 0.430398 0.348522
vt 0.430398 0.349527
vt 0.500000 0.028513
vt 0.375000 0.075972
vt 0.375000 0.187500
vt 0.437500 0.187500
vt 0.437500 0.201001
vt 0.375000 0.201538
vt 0.500000 0.187500
vt 0.500000 0.200464
vt 0.312500 0.552941
vt 0.375000 0.553988
vt 0.375000 0.125000
vt 0.437500 0.125000
vt 0.750000 0.553153
vt 0.500000 0.125000
vt 0.562500 0.125000
vt 0.125000 0.549802
vt 0.187500 0.550848
vt 0.187500 0.552483
vt 0.125000 0.552575
vt 0.625000 0.125000
vt 0.437500 0.056989
vt 0.500000 0.056452
vt 0.375000 0.057526
vt 0.375000 0.752224
vt 0.312500 0.548462
vt 0.375000 0.548462
vt 0.625000 0.524417
vt 0.687500 0.524417
vt 0.853478 0.665737
vt 0.854593 0.665737
vt 0.854593 0.664450
vt 0.854593 0.663162
vt 0.854593 0.661875
vt 0.854593 0.660588
vt 0.853478 0.660588
vt 0.852364 0.660588
vt 0.851249 0.660588
vt 0.850134 0.660588
vt 0.850134 0.661875
vt 0.850134 0.663162
vt 0.850134 0.664450
vt 0.850134 0.665737
vt 0.851249 0.665737
vt 0.852364 0.665737
vt 0.854593 0.583459
vt 0.854593 0.581229
vt 0.854593 0.579000
vt 0.854593 0.576770
vt 0.854593 0.574540
vt 0.853478 0.574540
vt 0.852363 0.574540
vt 0.851249 0.574540
vt 0.850134 0.574540
vt 0.850134 0.576770
vt 0.850134 0.579000
vt 0.850134 0.581229
vt 0.850134 0.583459
vt 0.851249 0.583459
vt 0.852364 0.583459
vt 0.853478 0.583459
vt 0.851249 0.593646
vt 0.850134 0.593646
vt 0.850134 0.594933
vt 0.850134 0.596220
vt 0.850134 0.597508
vt 0.850134 0.598795
vt 0.851249 0.598795
vt 0.852364 0.598795
vt 0.853478 0.598795
vt 0.854593 0.598795
vt 0.854593 0.597508
vt 0.854593 0.596220
vt 0.854593 0.594933
vt 0.854593 0.593646
vt 0.853478 0.593646
vt 0.852363 0.593646
vt 0.437500 0.521061
vt 0.500000 0.521598
vt 0.250000 0.520523
vt 0.312500 0.520523
vt 0.500000 0.527641
vt 0.562500 0.526029
vt 0.375000 0.530865
vt 0.437500 0.529253
vt 0.750000 0.524417
vt 0.187500 0.548462
vt 0.250000 0.548462
vt 0.437500 0.548999
vt 0.812500 0.522673
vt 0.875000 0.522673
vt 0.750000 0.550611
vt 0.812500 0.550611
vt 0.187500 0.520523
vt 0.125000 0.520523
vt 0.500000 0.549536
vt 0.625000 0.522673
vt 0.687500 0.522673
vt 0.625000 0.550611
vt 0.687500 0.550611
vt 0.812500 0.524417
vt 0.875000 0.524417
vt 0.750000 0.522673
vt 0.562500 0.550074
vt 0.312500 0.530865
vt 0.375000 0.520523
vt 0.250000 0.530865
vt 0.562500 0.522135
vt 0.125000 0.548462
vt 0.187500 0.530865
vt 0.125000 0.530865
vt 0.875000 0.550611
vt 0.735218 0.437500
vt 0.729392 0.437500
vt 0.729407 0.440133
vt 0.729426 0.443255
vt 0.730880 0.443101
vt 0.732335 0.442947
vt 0.733789 0.442794
vt 0.735243 0.442640
vt 0.735228 0.439518
vt 0.562500 0.077113
vt 0.625000 0.076692
vt 0.375000 0.045346
vt 0.437500 0.044353
vt 0.187500 0.584417
vt 0.250000 0.584257
vt 0.625000 0.578641
vt 0.687500 0.578800
vt 0.812500 0.579120
vt 0.875000 0.579279
vt 0.562500 0.579965
vt 0.734308 0.625000
vt 0.728122 0.625000
vt 0.727947 0.630021
vt 0.729511 0.629756
vt 0.731074 0.629491
vt 0.732636 0.629225
vt 0.734198 0.628960
vt 0.312500 0.584097
vt 0.375000 0.583938
vt 0.125000 0.584577
vt 0.735204 0.436468
vt 0.735164 0.433548
vt 0.735123 0.430628
vt 0.733663 0.430772
vt 0.732203 0.430916
vt 0.730743 0.431059
vt 0.729283 0.431203
vt 0.729335 0.434123
vt 0.729384 0.437043
vt 0.739292 0.532963
vt 0.739071 0.528013
vt 0.738850 0.523063
vt 0.738632 0.518113
vt 0.738414 0.513163
vt 0.736955 0.512738
vt 0.735495 0.512313
vt 0.734036 0.511889
vt 0.732578 0.511464
vt 0.732785 0.516414
vt 0.732993 0.521364
vt 0.733202 0.526314
vt 0.733412 0.531264
vt 0.734881 0.531689
vt 0.736351 0.532114
vt 0.737821 0.532538
vt 0.437500 0.582613
vt 0.500000 0.581289
vt 0.734324 0.623900
vt 0.734383 0.619740
vt 0.734443 0.615580
vt 0.734502 0.611420
vt 0.732969 0.611625
vt 0.731435 0.611830
vt 0.729900 0.612035
vt 0.728366 0.612240
vt 0.728283 0.616399
vt 0.728203 0.620559
vt 0.728127 0.624719
vt 0.375000 0.077897
vt 0.437500 0.077680
vt 0.500000 0.077463
vt 0.750000 0.578960
vt 0.500000 0.043359
vt 0.562500 0.042365
vt 0.522097 0.077386
vt 0.579034 0.042103
vt 0.625000 0.041002
vt 0.199626 0.552353
vt 0.262570 0.509460
vt 0.263611 0.500680
vt 0.263789 0.500000
vt 0.260364 0.500000
vt 0.260370 0.501678
vt 0.260394 0.508568
vt 0.261828 0.509156
vt 0.250000 0.558688
vt 0.279051 0.556693
vt 0.437500 0.554302
vt 0.129131 0.437500
vt 0.132374 0.437500
vt 0.131959 0.434343
vt 0.131489 0.430798
vt 0.131017 0.427253
vt 0.130543 0.423708
vt 0.130112 0.424410
vt 0.129276 0.436793
vt 0.562500 0.554931
vt 0.500000 0.554617
vt 0.128094 0.446280
vt 0.128925 0.444673
vt 0.130656 0.441343
vt 0.132395 0.438013
vt 0.437500 0.527947
vt 0.476164 0.528562
vt 0.500000 0.528816
vt 0.231028 0.556693
vt 0.625000 0.530150
vt 0.687500 0.530262
vt 0.562500 0.082689
vt 0.625000 0.083988
vt 0.500000 0.081391
vt 0.562500 0.529483
vt 0.312500 0.527082
vt 0.375000 0.526954
vt 0.437500 0.079908
vt 0.452720 0.080408
vt 0.750000 0.530375
vt 0.266394 0.437500
vt 0.260567 0.437500
vt 0.260559 0.439523
vt 0.260547 0.443022
vt 0.260535 0.446520
vt 0.261989 0.446348
vt 0.263444 0.446175
vt 0.264899 0.446003
vt 0.266354 0.445831
vt 0.266371 0.442333
vt 0.266387 0.438834
vt 0.265741 0.488093
vt 0.264709 0.487792
vt 0.263278 0.487376
vt 0.261846 0.486960
vt 0.260414 0.486543
vt 0.260397 0.491425
vt 0.260379 0.496307
vt 0.250000 0.527210
vt 0.375000 0.077854
vt 0.812500 0.530487
vt 0.562500 0.199255
vt 0.500000 0.199569
vt 0.625000 0.198940
vt 0.437500 0.199884
vt 0.375000 0.200198
vt 0.266435 0.434927
vt 0.266502 0.430767
vt 0.265036 0.430972
vt 0.263570 0.431177
vt 0.262105 0.431381
vt 0.260640 0.431586
vt 0.260589 0.435746
vt 0.187500 0.527339
vt 0.125000 0.527467
vt 0.875000 0.530599
vn 1.0000 -0.0000 0.0000
vn 0.0000 -0.5000 0.8660
vn -1.0000 -0.0000 -0.0000
vn -0.0000 -0.8660 -0.5000
vn -0.0000 0.8660 0.5000
vn -0.8377 0.5460 0.0080
vn 0.3028 0.3979 -0.8660
vn -0.5324 -0.6995 -0.4767
vn 0.5324 0.6995 0.4767
vn 0.9934 -0.0572 0.0990
vn 0.1683 0.8043 0.5699
vn 0.3471 0.7934 0.5000
vn 0.1688 0.8070 0.5659
vn 0.1694 0.8096 0.5620
vn 0.1699 0.8123 0.5580
vn -0.1699 -0.8123 -0.5580
vn -0.3471 -0.7934 -0.5000
vn -0.1672 -0.7994 -0.5771
vn 0.1667 0.7967 0.5809
vn -0.1683 -0.8043 -0.5698
vn -0.9573 0.2671 -0.1109
vn -0.9161 0.4008 0.0000
vn -0.9561 0.2694 -0.1152
vn -0.9162 0.4008 -0.0000
vn -0.9550 0.2717 -0.1193
vn -0.9538 0.2740 -0.1235
vn 0.9569 -0.2678 0.1122
vn 0.9558 -0.2701 0.1165
vn 0.9546 -0.2724 0.1207
vn 0.9534 -0.2747 0.1250
vn 0.5034 0.7185 0.4799
vn 0.6037 0.6420 0.4726
vn 0.2634 0.7810 0.5662
vn 0.2648 0.7850 0.5600
vn 0.2661 0.7890 0.5537
vn 0.2675 0.7930 0.5473
vn -0.2623 -0.7776 -0.5715
vn -0.2557 -0.7581 -0.6000
vn 0.2596 0.7695 0.5835
vn -0.2634 -0.7810 -0.5662
vn 0.3028 0.3978 -0.8660
vn 0.3029 0.3979 -0.8660
vn 0.2944 0.2221 -0.9295
vn 0.3143 0.3394 -0.8866
vn 0.3029 0.3978 -0.8660
vn 0.5354 0.4211 -0.7322
vn 0.3725 0.4464 -0.8136
vn -0.8073 0.5891 0.0351
vn -0.8183 0.5743 0.0255
vn -0.9934 0.0572 -0.0990
vn -0.9531 0.3009 0.0321
vn -0.9521 0.3048 0.0254
vn -0.9510 0.3087 0.0187
vn -0.9498 0.3126 0.0120
vn 0.8073 -0.5891 -0.0351
vn 0.9532 -0.3005 -0.0327
vn 0.9521 -0.3045 -0.0259
vn 0.9510 -0.3085 -0.0191
vn 0.9498 -0.3125 -0.0122
vn -0.9964 0.0426 -0.0739
vn 0.9964 -0.0426 0.0739
vn 0.9964 -0.0427 0.0739
vn -0.9218 0.3876 -0.0000
vn 0.3357 0.7983 0.5000
vn 0.1938 0.4609 -0.8660
vn -0.1938 -0.4609 0.8660
vn 0.2004 0.4581 -0.8660
vn -0.2004 -0.4581 0.8660
vn -0.0947 -0.4526 0.8867
vn -0.0952 -0.4549 0.8855
vn -0.0956 -0.4571 0.8842
vn -0.0961 -0.4595 0.8830
vn 0.0961 0.4595 -0.8830
vn 0.0956 0.4571 -0.8842
vn 0.0951 0.4549 -0.8855
vn 0.0947 0.4526 -0.8867
vn -0.9333 0.3489 0.0850
vn -0.9342 0.3467 0.0837
vn -0.9352 0.3445 0.0823
vn -0.9361 0.3423 0.0810
vn 0.9321 -0.3516 -0.0866
vn 0.9934 -0.0990 -0.0572
vn 0.9331 -0.3494 -0.0853
vn 0.9341 -0.3471 -0.0839
vn 0.9350 -0.3449 -0.0826
vn -0.0935 -0.4472 0.8895
vn -0.0940 -0.4495 0.8883
vn -0.0945 -0.4517 0.8872
vn -0.0950 -0.4540 0.8859
vn 0.0000 0.5000 -0.8660
vn 0.0950 0.4540 -0.8859
vn 0.0945 0.4517 -0.8872
vn 0.0940 0.4495 -0.8883
vn 0.0936 0.4472 -0.8895
vn -0.9990 0.0380 0.0219
vn -0.9583 0.2822 0.0452
vn -0.9590 0.2799 0.0439
vn -0.9597 0.2776 0.0425
vn -0.9605 0.2753 0.0412
vn 0.9578 -0.2837 -0.0461
vn 0.9990 -0.0380 -0.0219
vn 0.9586 -0.2814 -0.0447
vn 0.9593 -0.2791 -0.0434
vn 0.9600 -0.2767 -0.0420
vn -0.0937 -0.4643 0.8807
vn -0.0941 -0.4666 0.8795
vn -0.0946 -0.4689 0.8782
vn -0.0950 -0.4712 0.8769
vn 0.0950 0.4712 -0.8769
vn 0.0946 0.4689 -0.8782
vn 0.0941 0.4666 -0.8795
vn 0.0936 0.4643 -0.8807
vn -0.9831 0.1828 -0.0086
vn -0.9835 0.1804 -0.0100
vn -0.9840 0.1780 -0.0113
vn 0.9162 -0.4008 -0.0000
vn -0.9844 0.1756 -0.0127
vn 0.9161 -0.4008 0.0000
vn 0.9218 -0.3876 0.0000
vn 0.9832 -0.1825 0.0088
vn 0.9836 -0.1801 0.0102
vn 0.9840 -0.1776 0.0116
vn 0.9218 -0.3877 -0.0000
vn 0.9844 -0.1752 0.0130
vn 0.0000 1.0000 0.0000
vn 0.0000 -1.0000 0.0000
vn 0.0975 0.0976 -0.9904
vn -0.9934 0.0990 0.0572
vn 0.0865 -0.4696 -0.8786
vn 0.0938 0.2890 -0.9527
vn 0.0976 -0.0976 -0.9904
vn 0.0938 -0.2890 -0.9527
vn 0.0975 -0.0976 0.9904
vn -0.6073 0.2890 0.7400
vn 0.0000 0.8659 0.5002
vn -0.6314 0.0976 0.7693
vn 0.0976 0.0975 0.9904
vn 0.0975 0.0976 0.9904
vn 0.0938 0.2890 0.9527
vn 0.9382 0.3446 0.0313
vn -0.0198 0.2183 -0.9757
vn 0.0381 0.4210 0.9063
vn -0.9974 0.0718 -0.0065
vn 0.0000 -0.9959 0.0901
vn 0.9974 0.0718 -0.0065
vn -0.9757 0.2183 -0.0198
vn 0.9757 0.2183 -0.0198
vn 0.0000 0.9959 -0.0901
vn 0.0381 0.4210 -0.9063
vn 0.0900 0.9959 -0.0000
vn 0.0000 0.0000 1.0000
vn -0.0000 0.0000 -1.0000
vn -0.0382 0.4211 -0.9062
vn -0.0065 0.0718 -0.9974
vn 0.0904 -0.9959 0.0000
vn -0.0065 0.0718 0.9974
vn 0.9757 0.2183 0.0198
vn 0.9974 0.0718 0.0065
vn 0.9062 0.4211 0.0382
vn 0.0239 0.0000 -0.9997
vn 0.9777 0.2102 0.0000
vn -0.9997 0.0000 0.0241
vn 0.7323 0.6810 -0.0000
vn 0.0000 -0.4359 -0.9000
vn -0.0040 -0.4363 -0.8998
vn 0.0002 -0.3593 -0.9332
vn 0.0053 -0.2283 -0.9736
vn 0.0051 -0.0753 -0.9972
vn 0.0008 -0.0004 -1.0000
vn 0.0040 -0.4363 -0.8998
vn -0.0002 -0.3593 -0.9332
vn -0.0053 -0.2283 -0.9736
vn -0.0051 -0.0753 -0.9972
vn -0.0008 -0.0004 -1.0000
vn -0.8996 -0.4366 -0.0040
vn -0.9000 -0.4359 0.0000
vn -1.0000 -0.0004 0.0008
vn -0.9971 -0.0755 0.0051
vn -0.9735 -0.2287 0.0052
vn -0.9330 -0.3598 0.0001
vn -0.8996 -0.4366 0.0040
vn -0.9330 -0.3598 -0.0001
vn -0.9735 -0.2287 -0.0052
vn -0.9971 -0.0755 -0.0051
vn -1.0000 -0.0004 -0.0008
vn 0.0040 -0.4366 0.8997
vn 0.0000 -0.4359 0.9000
vn -0.0008 -0.0004 1.0000
vn -0.0051 -0.0755 0.9971
vn -0.0052 -0.2286 0.9735
vn -0.0001 -0.3597 0.9331
vn -0.0040 -0.4366 0.8997
vn 0.0001 -0.3597 0.9331
vn 0.0052 -0.2286 0.9735
vn 0.0051 -0.0755 0.9971
vn 0.0008 -0.0004 1.0000
vn 0.9000 -0.4359 0.0000
vn 0.8998 -0.4362 0.0041
vn 0.9333 -0.3592 -0.0003
vn 0.9736 -0.2281 -0.0053
vn 0.9972 -0.0752 -0.0051
vn 1.0000 -0.0004 -0.0008
vn 0.8998 -0.4362 -0.0041
vn 0.9333 -0.3592 0.0003
vn 0.9736 -0.2281 0.0053
vn 0.9972 -0.0752 0.0051
vn 1.0000 -0.0004 0.0008
vn -0.0313 0.3446 -0.9382
vn -0.0382 0.4211 0.9062
vn -0.0313 0.3446 0.9382
vn -0.0904 0.9959 0.0000
vn -0.0198 0.2183 0.9757
vn -0.9062 0.4211 0.0382
vn -0.9382 0.3446 0.0313
vn -0.0000 -0.9959 -0.0904
vn -0.9757 0.2183 0.0198
vn -0.9974 0.0718 0.0065
vn 0.0000 0.9959 0.0904
vn 0.0311 0.3446 -0.9382
vn 0.0311 0.3446 0.9382
vn 0.0197 0.2183 -0.9757
vn 0.0197 0.2183 0.9757
vn 0.0065 0.0718 -0.9974
vn -0.0900 -0.9959 0.0000
vn 0.0065 0.0718 0.9974
vn 0.9062 0.4210 -0.0381
vn -0.9062 0.4210 -0.0381
vn 0.9382 0.3446 -0.0312
vn -0.9382 0.3446 -0.0312
vn 0.1674 -0.9858 -0.0092
vn -0.0107 -0.9876 0.1563
vn -0.0024 -0.9770 -0.2132
vn -0.1997 -0.9799 -0.0000
vn 0.0179 0.0563 -0.9983
vn 0.0176 0.0535 0.9984
vn -0.7616 -0.6480 0.0000
vn -0.0000 -0.6480 -0.7616
vn -0.0000 -0.6480 0.7616
vn 0.7616 -0.6480 0.0000
vn -0.9931 -0.1175 -0.0000
vn 0.0000 0.6480 0.7616
vn 0.7616 0.6480 0.0000
vn -0.7616 0.6480 0.0000
vn 0.0000 0.6480 -0.7616
vn -0.7323 0.6810 -0.0000
vn -0.0000 0.6810 0.7323
vn 0.0000 0.6810 -0.7323
vn -0.3460 0.8721 -0.3460
vn 0.3460 0.8721 -0.3460
vn -0.3460 0.8721 0.3460
vn 0.3460 0.8721 0.3460
vn 0.6285 0.4583 0.6285
vn -0.6285 0.4583 0.6285
vn 0.6285 0.4583 -0.6285
vn -0.6285 0.4583 -0.6285
vn 0.0000 0.6432 -0.7657
vn -0.7657 0.6432 0.0000
vn 0.7657 0.6432 0.0000
vn 0.0000 0.6432 0.7657
vn -0.0000 0.7796 0.6263
vn 0.6263 0.7796 -0.0000
vn -0.6263 0.7796 -0.0000
vn -0.0000 0.7796 -0.6263
vn -0.7071 0.0000 0.7071
vn 0.7071 0.0000 0.7071
vn 0.7071 -0.0000 -0.7071
vn -0.7071 0.0000 -0.7071
vn 0.0000 -0.5000 -0.8660
vn -0.0000 -0.8660 0.5000
vn -0.0000 0.8660 -0.5000
vn 0.8377 0.5460 -0.0080
vn -0.3028 0.3979 0.8660
vn 0.5324 -0.6995 0.4767
vn -0.5324 0.6995 -0.4767
vn -0.9934 -0.0572 -0.0990
vn -0.1682 0.8043 -0.5699
vn -0.3471 0.7934 -0.5000
vn -0.1688 0.8070 -0.5659
vn -0.1694 0.8096 -0.5620
vn -0.1699 0.8123 -0.5580
vn 0.1699 -0.8123 0.5580
vn 0.3471 -0.7934 0.5000
vn 0.1672 -0.7994 0.5771
vn -0.1667 0.7967 -0.5809
vn 0.1683 -0.8043 0.5698
vn 0.9573 0.2671 0.1109
vn 0.9162 0.4008 0.0000
vn 0.9561 0.2694 0.1151
vn 0.9550 0.2717 0.1194
vn 0.9538 0.2739 0.1235
vn -0.9569 -0.2678 -0.1122
vn -0.9557 -0.2701 -0.1165
vn -0.9546 -0.2725 -0.1207
vn -0.9534 -0.2748 -0.1250
vn -0.5034 0.7185 -0.4799
vn -0.6037 0.6420 -0.4726
vn -0.2634 0.7810 -0.5662
vn -0.2648 0.7850 -0.5600
vn -0.2661 0.7890 -0.5537
vn -0.2675 0.7930 -0.5473
vn 0.5325 -0.6995 0.4767
vn 0.2623 -0.7776 0.5715
vn 0.2557 -0.7581 0.6000
vn -0.2596 0.7695 -0.5835
vn 0.2634 -0.7810 0.5662
vn -0.3028 0.3978 0.8660
vn -0.3029 0.3978 0.8660
vn -0.2944 0.2221 0.9295
vn -0.3143 0.3394 0.8866
vn -0.5354 0.4211 0.7322
vn -0.3725 0.4464 0.8136
vn -0.3029 0.3979 0.8660
vn 0.8073 0.5891 -0.0351
vn 0.8183 0.5743 -0.0254
vn 0.9934 0.0572 0.0990
vn 0.9531 0.3009 -0.0321
vn 0.9521 0.3048 -0.0254
vn 0.9510 0.3087 -0.0187
vn 0.9498 0.3126 -0.0120
vn -0.8073 -0.5891 0.0351
vn -0.9532 -0.3005 0.0327
vn -0.9522 -0.3045 0.0259
vn -0.9510 -0.3085 0.0190
vn -0.9498 -0.3125 0.0122
vn 0.9969 0.0391 0.0678
vn -0.9969 -0.0391 -0.0678
vn -0.9969 -0.0391 -0.0677
vn 0.9218 0.3876 0.0000
vn -0.3357 0.7983 -0.5000
vn -0.1938 0.4609 0.8660
vn 0.1938 -0.4609 -0.8660
vn -0.2004 0.4581 0.8660
vn 0.2004 -0.4581 -0.8660
vn 0.0947 -0.4526 -0.8867
vn 0.0952 -0.4549 -0.8855
vn 0.0956 -0.4571 -0.8842
vn 0.0961 -0.4595 -0.8830
vn -0.0961 0.4595 0.8830
vn -0.0956 0.4571 0.8842
vn -0.0951 0.4549 0.8855
vn -0.0947 0.4526 0.8867
vn 0.9161 0.4008 0.0000
vn 0.9333 0.3489 -0.0850
vn 0.9342 0.3467 -0.0837
vn 0.9352 0.3445 -0.0823
vn 0.9361 0.3423 -0.0810
vn -0.9321 -0.3516 0.0866
vn -0.9934 -0.0990 0.0572
vn -0.9331 -0.3494 0.0853
vn -0.9341 -0.3471 0.0839
vn -0.9350 -0.3449 0.0826
vn 0.0929 -0.4440 -0.8912
vn 0.0933 -0.4462 -0.8901
vn 0.0938 -0.4484 -0.8889
vn 0.0943 -0.4506 -0.8877
vn 0.0000 0.5000 0.8660
vn -0.0943 0.4506 0.8877
vn -0.0938 0.4484 0.8889
vn -0.0933 0.4462 0.8901
vn -0.0929 0.4440 0.8912
vn 0.9475 0.3134 -0.0637
vn 0.9483 0.3111 -0.0624
vn 0.9491 0.3089 -0.0610
vn 0.9499 0.3067 -0.0597
vn -0.9467 -0.3154 0.0649
vn -0.9476 -0.3131 0.0636
vn -0.9484 -0.3109 0.0622
vn -0.9492 -0.3086 0.0609
vn 0.0936 -0.4643 -0.8807
vn 0.0941 -0.4666 -0.8795
vn 0.0946 -0.4689 -0.8782
vn 0.0950 -0.4712 -0.8769
vn -0.0950 0.4712 0.8769
vn -0.0946 0.4689 0.8782
vn -0.0941 0.4666 0.8795
vn -0.0936 0.4643 0.8807
vn 0.9218 0.3877 0.0000
vn 0.9831 0.1828 0.0086
vn 0.9835 0.1804 0.0100
vn 0.9840 0.1780 0.0113
vn -0.9162 -0.4008 0.0000
vn 0.9844 0.1756 0.0127
vn -0.9161 -0.4008 -0.0000
vn -0.9218 -0.3876 0.0000
vn -0.9832 -0.1825 -0.0088
vn -0.9836 -0.1801 -0.0102
vn -0.9840 -0.1776 -0.0116
vn -0.9844 -0.1752 -0.0130
vn 0.0005 1.0000 0.0022
vn -0.0975 0.0975 0.9904
vn 0.9934 0.0990 -0.0572
vn -0.0865 -0.4696 0.8786
vn -0.0938 0.2890 0.9527
vn -0.0975 -0.0975 0.9904
vn -0.0938 -0.2890 0.9527
vn -0.0975 -0.0976 -0.9904
vn 0.6073 0.2890 -0.7400
vn 0.0000 0.8662 -0.4997
vn 0.6314 0.0976 -0.7693
vn -0.0976 0.0975 -0.9904
vn -0.0976 0.0976 -0.9904
vn -0.0938 0.2890 -0.9527
vn 0.8660 -0.5000 0.0000
vn -0.5000 -0.8660 -0.0000
vn 0.5000 0.8660 0.0000
vn 0.0500 0.5201 0.8526
vn -0.8660 0.3979 -0.3029
vn -0.4478 -0.7115 0.5416
vn 0.4478 0.7115 -0.5416
vn 0.0990 -0.0572 -0.9934
vn 0.5699 0.8043 -0.1682
vn 0.5000 0.7934 -0.3471
vn 0.5659 0.8070 -0.1688
vn 0.5000 0.7934 -0.3472
vn 0.5620 0.8096 -0.1694
vn 0.5580 0.8123 -0.1699
vn -0.5580 -0.8123 0.1699
vn -0.5000 -0.7934 0.3471
vn -0.5771 -0.7994 0.1672
vn 0.5809 0.7967 -0.1667
vn -0.5699 -0.8043 0.1683
vn -0.1109 0.2671 0.9573
vn -0.0000 0.4008 0.9162
vn -0.1151 0.2694 0.9561
vn -0.1193 0.2717 0.9550
vn 0.0000 0.4009 0.9161
vn -0.1235 0.2740 0.9538
vn 0.1122 -0.2678 -0.9569
vn 0.1165 -0.2701 -0.9558
vn 0.1207 -0.2724 -0.9546
vn 0.1250 -0.2748 -0.9534
vn 0.4525 0.7283 -0.5147
vn 0.4399 0.6565 -0.6127
vn 0.5662 0.7810 -0.2635
vn 0.5600 0.7850 -0.2648
vn 0.5537 0.7890 -0.2661
vn 0.5473 0.7930 -0.2675
vn -0.5715 -0.7776 0.2623
vn -0.6000 -0.7581 0.2557
vn 0.5835 0.7695 -0.2596
vn -0.5662 -0.7810 0.2635
vn -0.8660 0.3978 -0.3028
vn -0.8660 0.3979 -0.3028
vn -0.9295 0.2221 -0.2944
vn -0.8866 0.3394 -0.3143
vn -0.7322 0.4211 -0.5353
vn -0.8136 0.4464 -0.3725
vn 0.0777 0.5676 0.8197
vn 0.0777 0.5675 0.8197
vn 0.0716 0.5574 0.8271
vn -0.0990 0.0572 0.9934
vn 0.0321 0.3009 0.9531
vn 0.0254 0.3048 0.9521
vn 0.0187 0.3087 0.9510
vn 0.0120 0.3126 0.9498
vn -0.0777 -0.5675 -0.8197
vn -0.0327 -0.3005 -0.9532
vn -0.0259 -0.3045 -0.9522
vn -0.0190 -0.3085 -0.9510
vn -0.0122 -0.3125 -0.9498
vn -0.0677 0.0391 0.9969
vn -0.0678 0.0391 0.9969
vn 0.0678 -0.0391 -0.9969
vn -0.0000 0.3876 0.9218
vn 0.5000 0.7983 -0.3357
vn -0.8660 0.4609 -0.1938
vn 0.8660 -0.4609 0.1938
vn -0.8660 0.4581 -0.2004
vn 0.8660 -0.4581 0.2004
vn 0.8849 -0.4559 0.0954
vn 0.8837 -0.4582 0.0958
vn 0.8824 -0.4605 0.0963
vn 0.8811 -0.4629 0.0968
vn -0.8811 0.4629 -0.0968
vn -0.8824 0.4605 -0.0963
vn -0.8837 0.4582 -0.0958
vn -0.8849 0.4559 -0.0954
vn -0.0000 0.4008 0.9161
vn 0.0668 0.3186 0.9455
vn 0.0655 0.3163 0.9464
vn 0.0641 0.3140 0.9472
vn 0.0627 0.3118 0.9481
vn -0.0681 -0.3208 -0.9447
vn -0.0572 -0.0990 -0.9934
vn -0.0667 -0.3185 -0.9456
vn -0.0654 -0.3162 -0.9465
vn -0.0640 -0.3138 -0.9473
vn 0.8883 -0.4495 0.0940
vn 0.8871 -0.4518 0.0945
vn 0.8859 -0.4540 0.0950
vn 0.8847 -0.4563 0.0955
vn -0.8660 0.5000 0.0000
vn -0.8847 0.4563 -0.0955
vn -0.8859 0.4540 -0.0950
vn -0.8871 0.4518 -0.0945
vn -0.8883 0.4495 -0.0940
vn 0.0372 0.0644 0.9972
vn 0.0320 0.2598 0.9651
vn 0.0307 0.2575 0.9658
vn 0.0293 0.2551 0.9665
vn 0.0279 0.2528 0.9671
vn -0.0327 -0.2609 -0.9648
vn -0.0372 -0.0644 -0.9972
vn -0.0313 -0.2585 -0.9655
vn -0.0299 -0.2561 -0.9662
vn -0.0285 -0.2537 -0.9669
vn 0.8789 -0.4676 0.0943
vn 0.8776 -0.4699 0.0948
vn 0.8763 -0.4723 0.0952
vn 0.8750 -0.4746 0.0957
vn -0.8750 0.4746 -0.0957
vn -0.8763 0.4723 -0.0953
vn -0.8776 0.4699 -0.0948
vn -0.8789 0.4676 -0.0943
vn 0.0216 0.0375 0.9991
vn -0.0285 0.1480 0.9886
vn -0.0299 0.1456 0.9889
vn -0.0313 0.1432 0.9892
vn -0.0000 -0.4008 -0.9162
vn -0.0326 0.1408 0.9895
vn -0.0000 -0.4008 -0.9161
vn 0.0000 -0.3876 -0.9218
vn 0.0291 -0.1470 -0.9887
vn -0.0216 -0.0375 -0.9991
vn 0.0000 -0.3877 -0.9218
vn 0.0305 -0.1445 -0.9890
vn 0.0319 -0.1421 -0.9893
vn 0.0333 -0.1396 -0.9896
vn -0.0008 1.0000 -0.0011
vn -0.9904 0.0976 -0.0975
vn 0.0572 0.0990 0.9934
vn -0.8786 -0.4696 -0.0865
vn -0.9527 0.2890 -0.0938
vn -0.9904 -0.0975 -0.0975
vn -0.9527 -0.2890 -0.0938
vn 0.9904 -0.0975 -0.0975
vn 0.7400 0.2890 0.6073
vn 0.5001 0.8660 0.0005
vn 0.7693 0.0976 0.6314
vn 0.9904 0.0976 -0.0975
vn 0.9904 0.0975 -0.0976
vn 0.9527 0.2890 -0.0938
vn -0.8660 -0.5000 0.0000
vn 0.5000 -0.8660 0.0000
vn -0.5000 0.8660 -0.0000
vn -0.0571 0.5156 -0.8549
vn 0.8660 0.3978 0.3028
vn 0.4428 -0.7134 -0.5431
vn -0.4428 0.7134 0.5431
vn -0.0990 -0.0572 0.9934
vn -0.5699 0.8043 0.1682
vn -0.5000 0.7934 0.3471
vn -0.5659 0.8070 0.1689
vn -0.5620 0.8096 0.1694
vn -0.5000 0.7934 0.3472
vn -0.5580 0.8123 0.1699
vn 0.5580 -0.8123 -0.1699
vn 0.5000 -0.7934 -0.3471
vn 0.5771 -0.7994 -0.1672
vn -0.5809 0.7967 0.1667
vn 0.5699 -0.8043 -0.1683
vn 0.5000 -0.7934 -0.3472
vn 0.1109 0.2671 -0.9573
vn -0.0000 0.4008 -0.9162
vn 0.1152 0.2694 -0.9561
vn 0.1194 0.2717 -0.9550
vn -0.0000 0.4008 -0.9161
vn 0.1235 0.2740 -0.9538
vn -0.0000 0.4009 -0.9161
vn -0.1122 -0.2678 0.9569
vn -0.1165 -0.2701 0.9557
vn -0.1207 -0.2724 0.9546
vn -0.1250 -0.2747 0.9534
vn -0.4477 0.7299 0.5165
vn -0.4344 0.6589 0.6142
vn -0.5662 0.7810 0.2634
vn -0.5600 0.7850 0.2648
vn -0.5537 0.7890 0.2661
vn -0.5473 0.7930 0.2675
vn 0.5715 -0.7776 -0.2623
vn 0.5999 -0.7581 -0.2557
vn -0.5835 0.7695 0.2596
vn 0.5662 -0.7810 -0.2635
vn 0.8660 0.3978 0.3029
vn 0.8660 0.3979 0.3028
vn 0.8660 0.3979 0.3029
vn 0.9295 0.2221 0.2944
vn 0.8866 0.3394 0.3143
vn 0.7322 0.4211 0.5353
vn 0.8136 0.4464 0.3725
vn -0.0849 0.5638 -0.8216
vn -0.0849 0.5637 -0.8216
vn -0.0794 0.5544 -0.8284
vn 0.0990 0.0572 -0.9934
vn -0.0321 0.3009 -0.9531
vn -0.0254 0.3048 -0.9521
vn -0.0187 0.3087 -0.9510
vn -0.0120 0.3126 -0.9498
vn 0.0849 -0.5637 0.8216
vn 0.0327 -0.3005 0.9532
vn 0.0849 -0.5638 0.8216
vn 0.0259 -0.3045 0.9521
vn 0.0190 -0.3085 0.9510
vn 0.0122 -0.3125 0.9498
vn -0.5000 0.8660 0.0001
vn 0.0678 0.0391 -0.9969
vn -0.0678 -0.0391 0.9969
vn -0.0000 0.3876 -0.9218
vn -0.5000 0.7983 0.3357
vn 0.8660 0.4609 0.1938
vn -0.8660 -0.4609 -0.1938
vn 0.8660 0.4581 0.2004
vn -0.8660 -0.4581 -0.2004
vn -0.8867 -0.4526 -0.0947
vn -0.8855 -0.4549 -0.0952
vn -0.8842 -0.4571 -0.0956
vn -0.8830 -0.4595 -0.0961
vn 0.8830 0.4595 0.0961
vn 0.8842 0.4571 0.0956
vn 0.8855 0.4549 0.0952
vn 0.8867 0.4526 0.0947
vn -0.0850 0.3489 -0.9333
vn -0.0837 0.3467 -0.9342
vn -0.0823 0.3445 -0.9352
vn -0.0810 0.3423 -0.9361
vn 0.0866 -0.3516 0.9321
vn 0.0572 -0.0990 0.9934
vn 0.0853 -0.3494 0.9331
vn 0.0839 -0.3471 0.9341
vn 0.0826 -0.3449 0.9350
vn -0.8883 -0.4495 -0.0940
vn -0.8871 -0.4518 -0.0945
vn -0.8859 -0.4540 -0.0950
vn -0.8847 -0.4563 -0.0954
vn 0.8660 0.5000 0.0000
vn 0.8847 0.4563 0.0954
vn 0.8859 0.4540 0.0950
vn 0.8871 0.4518 0.0945
vn 0.8883 0.4495 0.0940
vn -0.0372 0.0644 -0.9972
vn -0.0320 0.2598 -0.9651
vn -0.0307 0.2575 -0.9658
vn -0.0293 0.2551 -0.9665
vn -0.0279 0.2528 -0.9671
vn 0.0327 -0.2609 0.9648
vn 0.0372 -0.0644 0.9972
vn 0.0313 -0.2585 0.9655
vn 0.0299 -0.2561 0.9662
vn 0.0285 -0.2537 0.9669
vn -0.8789 -0.4676 -0.0943
vn -0.8776 -0.4699 -0.0948
vn -0.8763 -0.4723 -0.0953
vn -0.8750 -0.4746 -0.0957
vn 0.8750 0.4746 0.0957
vn 0.8763 0.4723 0.0952
vn 0.8776 0.4699 0.0948
vn 0.8789 0.4676 0.0943
vn -0.0216 0.0375 -0.9991
vn 0.0285 0.1480 -0.9886
vn 0.0299 0.1456 -0.9889
vn 0.0313 0.1432 -0.9892
vn -0.0000 -0.4008 0.9161
vn 0.0326 0.1407 -0.9895
vn 0.0000 -0.4008 0.9162
vn -0.0000 -0.3877 0.9218
vn -0.0291 -0.1470 0.9887
vn 0.0216 -0.0375 0.9991
vn 0.0000 -0.3876 0.9218
vn -0.0305 -0.1445 0.9890
vn -0.0319 -0.1421 0.9893
vn -0.0333 -0.1396 0.9896
vn 0.0008 1.0000 0.0011
vn 0.9904 0.0976 0.0975
vn -0.0572 0.0990 -0.9934
vn 0.8786 -0.4696 0.0865
vn 0.9527 0.2890 0.0938
vn 0.9904 -0.0976 0.0976
vn 0.9527 -0.2890 0.0938
vn -0.9904 -0.0975 0.0975
vn -0.7400 0.2890 -0.6073
vn -0.5000 0.8660 -0.0005
vn -0.7693 0.0976 -0.6314
vn -0.9904 0.0976 0.0975
vn -0.9904 0.0975 0.0976
vn -0.9527 0.2890 0.0938
vn -0.8969 -0.4423 0.0000
vn -1.0000 -0.0009 0.0000
vn -0.9970 -0.0780 0.0000
vn -0.9726 -0.2325 0.0000
vn -0.9311 -0.3647 0.0000
vn 0.0000 -0.4420 0.8970
vn -0.0000 -0.0008 1.0000
vn 0.0000 -0.0778 0.9970
vn 0.0000 -0.2322 0.9727
vn 0.0000 -0.3644 0.9312
vn 0.8975 -0.4409 0.0000
vn 1.0000 -0.0007 -0.0000
vn 0.9970 -0.0773 -0.0000
vn 0.9729 -0.2312 0.0000
vn 0.9316 -0.3634 0.0000
vn 0.0000 -0.4412 -0.8974
vn 0.0000 -0.0008 -1.0000
vn 0.0000 -0.0774 -0.9970
vn 0.0000 -0.2315 -0.9728
vn 0.0000 -0.3637 -0.9315
usemtl Material
s off
f 224/1/1 14/2/1 523/3/1 524/4/1
f 196/5/1 30/6/1 4/7/1 31/8/1
f 187/9/2 39/10/2 6/11/2 40/12/2
f 178/13/3 48/14/3 549/15/3 546/16/3 543/17/3
f 169/18/4 43/19/4 540/20/4 536/21/4
f 160/22/5 28/23/5 551/24/5 548/25/5
f 151/26/1 57/27/1 630/28/1 631/29/1
f 142/30/6 63/31/6 10/32/6 64/33/6
f 133/34/7 72/35/7 8/36/7 54/37/7
f 124/38/8 58/39/8 9/40/8 69/41/8
f 115/42/9 55/43/9 8/44/9 72/45/9
f 106/46/10 77/47/10 605/48/10 607/49/10
f 80/50/11 83/51/11 84/52/11 81/53/11
f 81/54/12 84/55/12 473/56/12 2/57/12
f 83/58/13 85/59/13 86/60/13 84/55/13
f 84/52/12 86/61/12 476/62/12 473/63/12
f 85/64/14 87/65/14 88/66/14 86/61/14
f 86/60/12 88/67/12 479/68/12 476/69/12
f 87/70/15 77/71/15 76/72/15 88/67/15
f 88/67/12 76/72/12 485/73/12 479/68/12
f 73/74/16 89/75/16 90/76/16 74/77/16
f 74/78/17 90/79/17 502/80/17 500/81/17
f 89/75/18 91/82/18 92/83/18 90/76/18
f 90/79/17 92/84/17 215/85/17 502/80/17
f 91/82/19 93/86/19 94/87/19 92/83/19
f 92/84/12 94/88/12 497/89/12 215/85/12
f 93/86/20 79/90/20 78/91/20 94/87/20
f 94/88/17 78/92/17 495/93/17 497/89/17
f 79/94/21 95/95/21 96/96/21 78/92/21
f 78/92/22 96/96/22 15/97/22 495/93/22
f 95/95/23 97/98/23 98/99/23 96/96/23
f 96/96/24 98/99/24 20/100/24 15/97/24
f 97/98/25 99/101/25 100/102/25 98/99/25
f 98/99/24 100/102/24 19/103/24 20/100/24
f 99/101/26 80/50/26 81/53/26 100/102/26
f 100/102/24 81/53/24 2/104/24 19/103/24
f 73/105/10 102/106/10 614/107/10 612/108/10
f 102/106/10 104/109/10 613/110/10 614/107/10
f 104/109/10 106/46/10 607/49/10 613/110/10
f 74/111/27 101/112/27 102/106/27 73/105/27
f 101/112/28 103/113/28 104/109/28 102/106/28
f 103/113/29 105/114/29 106/46/29 104/109/29
f 105/114/30 76/115/30 77/47/30 106/46/30
f 63/116/31 109/117/31 70/118/31 10/119/31
f 109/117/32 112/120/32 71/121/32 70/118/32
f 112/120/9 115/42/9 72/45/9 71/121/9
f 61/122/5 107/123/5 108/124/5 62/125/5
f 62/126/33 108/127/33 109/117/33 63/116/33
f 107/123/5 110/128/5 111/129/5 108/124/5
f 108/127/34 111/130/34 112/120/34 109/117/34
f 110/128/5 113/131/5 114/132/5 111/129/5
f 111/130/35 114/133/35 115/42/35 112/120/35
f 113/131/5 57/134/5 56/135/5 114/132/5
f 114/133/36 56/136/36 55/43/36 115/42/36
f 51/137/8 118/138/8 67/139/8 7/140/8
f 118/138/8 121/141/8 68/142/8 67/139/8
f 121/141/9 124/38/9 69/41/9 68/142/9
f 49/143/4 116/144/4 117/145/4 50/146/4
f 50/147/37 117/148/37 118/138/37 51/137/37
f 116/144/4 119/149/4 120/150/4 117/145/4
f 117/148/38 120/151/38 121/141/38 118/138/38
f 119/149/5 122/152/5 123/153/5 120/150/5
f 120/150/39 123/153/39 124/154/39 121/155/39
f 122/152/4 60/156/4 59/157/4 123/153/4
f 123/153/40 59/157/40 58/158/40 124/154/40
f 67/159/41 127/160/41 52/161/41 7/162/41
f 127/160/42 130/163/42 53/164/42 52/161/42
f 130/163/7 133/34/7 54/37/7 53/164/7
f 9/40/7 66/165/7 125/166/7 69/167/7
f 69/167/7 125/166/7 126/168/7 68/169/7
f 68/169/42 126/168/42 127/160/42 67/159/42
f 66/165/42 65/170/42 128/171/42 125/166/42
f 125/166/41 128/171/41 129/172/41 126/168/41
f 126/168/42 129/172/42 130/163/42 127/160/42
f 65/170/43 64/33/43 131/173/43 128/171/43
f 128/171/44 131/173/44 132/174/44 129/172/44
f 129/172/45 132/174/45 133/34/45 130/163/45
f 64/33/46 10/32/46 70/175/46 131/173/46
f 131/173/47 70/175/47 71/176/47 132/174/47
f 132/174/41 71/176/41 72/35/41 133/34/41
f 58/39/48 136/177/48 66/165/48 9/40/48
f 136/177/48 139/178/48 65/170/48 66/165/48
f 139/178/49 142/30/49 64/33/49 65/170/49
f 60/179/50 134/180/50 135/181/50 59/182/50
f 59/182/51 135/181/51 136/177/51 58/39/51
f 134/180/50 137/183/50 138/184/50 135/181/50
f 135/181/52 138/184/52 139/178/52 136/177/52
f 137/183/50 140/185/50 141/186/50 138/184/50
f 138/184/53 141/186/53 142/30/53 139/178/53
f 140/185/50 61/122/50 62/125/50 141/186/50
f 141/186/54 62/125/54 63/31/54 142/30/54
f 49/187/1 145/188/1 638/189/1 639/190/1
f 145/188/1 148/191/1 634/192/1 635/193/1 638/189/1
f 148/191/1 151/26/1 631/29/1 634/192/1
f 7/194/55 52/195/55 143/196/55 51/197/55
f 51/197/56 143/196/56 144/198/56 50/199/56
f 50/199/10 144/198/10 145/188/10 49/187/10
f 52/195/55 53/200/55 146/201/55 143/196/55
f 143/196/57 146/201/57 147/202/57 144/198/57
f 144/198/10 147/202/10 148/191/10 145/188/10
f 53/200/55 54/203/55 149/204/55 146/201/55
f 146/201/58 149/204/58 150/205/58 147/202/58
f 147/202/10 150/205/10 151/26/10 148/191/10
f 54/203/55 8/206/55 55/207/55 149/204/55
f 149/204/59 55/207/59 56/208/59 150/205/59
f 150/205/10 56/208/10 57/27/10 151/26/10
f 48/209/5 154/210/5 547/211/5 549/212/5
f 154/213/5 157/214/5 545/215/5 547/216/5
f 157/214/5 160/217/5 548/218/5 545/215/5
f 6/11/5 39/219/5 152/220/5 46/221/5
f 46/221/5 152/220/5 153/222/5 47/223/5
f 47/223/5 153/222/5 154/213/5 48/14/5
f 39/219/5 38/224/5 155/225/5 152/220/5
f 152/220/5 155/225/5 156/226/5 153/222/5
f 153/222/5 156/226/5 157/214/5 154/213/5
f 38/224/5 37/227/5 158/228/5 155/225/5
f 155/225/5 158/228/5 159/229/5 156/226/5
f 156/230/5 159/231/5 160/22/5 157/232/5
f 37/227/5 4/233/5 30/234/5 158/228/5
f 158/235/5 30/236/5 29/237/5 159/231/5
f 159/229/5 29/238/5 28/239/5 160/217/5
f 27/240/4 163/241/4 534/242/4 537/243/4
f 163/244/4 166/245/4 535/246/4 534/247/4
f 166/245/4 169/248/4 536/249/4 535/246/4
f 3/250/4 36/251/4 161/252/4 25/253/4
f 25/254/4 161/255/4 162/256/4 26/257/4
f 26/258/4 162/259/4 163/244/4 27/260/4
f 36/251/4 35/261/4 164/262/4 161/252/4
f 161/252/4 164/262/4 165/263/4 162/259/4
f 162/259/4 165/263/4 166/245/4 163/244/4
f 35/261/4 34/264/4 167/265/4 164/262/4
f 164/262/4 167/265/4 168/266/4 165/263/4
f 165/263/4 168/266/4 169/248/4 166/245/4
f 34/264/4 5/267/4 45/268/4 167/265/4
f 167/265/4 45/268/4 44/269/4 168/266/4
f 168/266/4 44/269/4 43/270/4 169/248/4
f 43/270/3 172/271/3 539/272/3 540/273/3
f 172/271/3 175/274/3 541/275/3 539/272/3
f 175/274/3 178/13/3 543/17/3 541/275/3
f 5/267/3 42/276/3 170/277/3 45/268/3
f 45/268/3 170/277/3 171/278/3 44/269/3
f 44/269/60 171/278/60 172/271/60 43/270/60
f 42/276/3 41/279/3 173/280/3 170/277/3
f 170/277/3 173/280/3 174/281/3 171/278/3
f 171/278/60 174/281/60 175/274/60 172/271/60
f 41/279/3 40/12/3 176/282/3 173/280/3
f 173/280/3 176/282/3 177/283/3 174/281/3
f 174/281/60 177/283/60 178/13/60 175/274/60
f 40/12/3 6/11/3 46/221/3 176/282/3
f 176/282/3 46/221/3 47/223/3 177/283/3
f 177/283/60 47/223/60 48/14/60 178/13/60
f 34/284/2 181/285/2 42/276/2 5/267/2
f 181/285/2 184/286/2 41/279/2 42/276/2
f 184/286/2 187/9/2 40/12/2 41/279/2
f 3/287/2 33/288/2 179/289/2 36/290/2
f 36/290/2 179/289/2 180/291/2 35/292/2
f 35/292/2 180/291/2 181/285/2 34/284/2
f 33/288/2 32/293/2 182/294/2 179/289/2
f 179/289/2 182/294/2 183/295/2 180/291/2
f 180/291/2 183/295/2 184/286/2 181/285/2
f 32/293/2 31/296/2 185/297/2 182/294/2
f 182/294/2 185/297/2 186/298/2 183/295/2
f 183/295/2 186/298/2 187/9/2 184/286/2
f 31/296/2 4/299/2 37/300/2 185/297/2
f 185/297/2 37/300/2 38/301/2 186/298/2
f 186/298/2 38/301/2 39/10/2 187/9/2
f 25/302/1 190/303/1 33/304/1 3/305/1
f 190/303/1 193/306/1 32/307/1 33/304/1
f 193/306/1 196/5/1 31/8/1 32/307/1
f 27/308/61 188/309/61 189/310/61 26/311/61
f 26/311/1 189/310/1 190/303/1 25/302/1
f 188/309/62 191/312/62 192/313/62 189/310/62
f 189/310/1 192/313/1 193/306/1 190/303/1
f 191/312/61 194/314/61 195/315/61 192/313/61
f 192/313/1 195/315/1 196/5/1 193/306/1
f 194/314/61 28/316/61 29/317/61 195/315/61
f 195/315/1 29/317/1 30/6/1 196/5/1
f 23/318/5 197/319/5 198/320/5 24/321/5
f 24/322/5 198/323/5 231/324/5 257/325/5
f 197/319/5 199/326/5 200/327/5 198/320/5
f 198/320/5 200/327/5 82/328/5 231/329/5
f 199/326/5 201/330/5 202/331/5 200/327/5
f 200/327/5 202/331/5 18/332/5 82/328/5
f 201/330/5 14/333/5 13/334/5 202/331/5
f 202/331/5 13/334/5 75/335/5 18/332/5
f 11/336/4 203/337/4 204/338/4 12/339/4
f 12/340/4 204/341/4 571/342/4 570/343/4
f 203/344/4 205/345/4 206/346/4 204/341/4
f 204/341/4 206/346/4 573/347/4 571/342/4
f 205/348/4 207/349/4 208/350/4 206/351/4
f 206/346/4 208/352/4 572/353/4 573/347/4
f 207/354/4 22/355/4 21/356/4 208/352/4
f 208/352/4 21/356/4 567/357/4 572/353/4
f 22/355/3 209/358/3 210/359/3 21/356/3
f 21/356/3 210/359/3 566/360/3 567/357/3
f 209/358/3 211/361/3 212/362/3 210/359/3
f 210/359/3 212/362/3 565/363/3 566/360/3
f 211/361/3 213/364/3 214/365/3 212/362/3
f 212/362/3 214/365/3 282/366/3 563/367/3 565/363/3
f 213/364/3 23/368/3 24/322/3 214/365/3
f 214/365/3 24/322/3 257/325/3 282/366/3
f 11/369/1 220/370/1 527/371/1 531/372/1
f 220/370/1 222/373/1 526/374/1 527/371/1
f 222/373/1 224/1/1 524/4/1 526/374/1
f 12/375/1 219/376/1 220/370/1 11/369/1
f 219/376/1 221/377/1 222/373/1 220/370/1
f 221/377/1 223/378/1 224/1/1 222/373/1
f 223/378/1 13/379/1 14/2/1 224/1/1
f 465/380/1 237/381/1 487/382/1 478/383/1
f 433/384/1 255/385/1 510/386/1 490/387/1
f 420/388/63 269/389/63 228/390/63 270/391/63
f 411/392/64 278/393/64 227/394/64 252/395/64
f 402/396/65 264/397/65 509/398/65 512/399/65 275/400/65
f 393/401/66 253/402/66 227/403/66 278/404/66
f 384/405/1 285/406/1 230/407/1 286/408/1
f 375/409/4 294/410/4 233/411/4 295/412/4
f 366/413/24 303/414/24 256/415/24 1/416/24
f 356/417/67 298/418/67 467/419/67 466/420/67
f 347/421/68 283/422/68 454/423/68 456/424/68 240/425/68
f 332/426/24 312/427/24 242/428/24 225/429/24
f 325/430/67 309/431/67 423/432/67 422/433/67
f 319/434/68 307/435/68 217/436/68 263/437/68
f 312/427/68 315/438/68 421/439/68 242/428/68
f 315/438/68 317/440/68 259/441/68 421/439/68
f 317/440/68 319/434/68 263/437/68 259/441/68
f 311/442/69 314/443/69 315/444/69 312/445/69
f 314/443/70 316/446/70 317/447/70 315/444/70
f 316/446/71 318/448/71 319/449/71 317/447/71
f 318/448/72 308/450/72 307/451/72 319/449/72
f 306/452/67 321/453/67 262/454/67 218/455/67
f 321/453/67 323/456/67 258/457/67 262/454/67
f 323/456/67 325/430/67 422/433/67 258/457/67
f 305/458/73 320/459/73 321/460/73 306/461/73
f 320/462/74 322/463/74 323/456/74 321/453/74
f 322/463/75 324/464/75 325/430/75 323/456/75
f 324/464/76 310/465/76 309/431/76 325/430/76
f 309/431/22 328/466/22 424/467/22 260/468/22 423/432/22
f 328/466/22 330/469/22 261/470/22 424/467/22
f 330/469/24 332/426/24 225/429/24 261/470/24
f 310/465/77 327/471/77 328/466/77 309/431/77
f 327/471/78 329/472/78 330/469/78 328/466/78
f 329/472/79 331/473/79 332/426/79 330/469/79
f 331/473/80 311/474/80 312/427/80 332/426/80
f 306/475/81 333/476/81 334/477/81 305/478/81
f 305/478/82 334/477/82 313/479/82 357/480/82
f 333/476/83 335/481/83 336/482/83 334/477/83
f 334/477/82 336/482/82 304/483/82 313/479/82
f 335/481/84 337/484/84 338/485/84 336/482/84
f 336/482/82 338/485/82 555/486/82 304/483/82
f 337/484/85 307/487/85 308/488/85 338/485/85
f 338/485/82 308/488/82 553/489/82 555/486/82
f 303/414/68 341/490/68 469/491/68 256/415/68
f 341/490/68 344/492/68 458/493/68 469/491/68
f 344/494/68 347/495/68 240/496/68 458/497/68
f 233/411/2 294/498/2 339/499/2 301/500/2
f 301/501/2 339/502/2 340/503/2 302/504/2
f 302/504/86 340/503/86 341/505/86 303/506/86
f 294/507/2 293/508/2 342/509/2 339/502/2
f 339/502/2 342/509/2 343/510/2 340/503/2
f 340/503/87 343/510/87 344/494/87 341/505/87
f 293/508/2 292/511/2 345/512/2 342/509/2
f 342/509/2 345/512/2 346/513/2 343/510/2
f 343/510/88 346/513/88 347/495/88 344/494/88
f 292/511/2 230/514/2 285/515/2 345/512/2
f 345/512/2 285/515/2 284/516/2 346/513/2
f 346/513/89 284/516/89 283/517/89 347/495/89
f 281/518/67 350/519/67 457/520/67 455/521/67
f 350/519/67 353/522/67 459/523/67 457/520/67
f 353/522/67 356/417/67 466/420/67 459/523/67
f 229/524/90 291/525/90 348/526/90 279/527/90
f 279/527/90 348/526/90 349/528/90 280/529/90
f 280/529/91 349/528/91 350/519/91 281/518/91
f 291/525/90 290/530/90 351/531/90 348/526/90
f 348/526/90 351/531/90 352/532/90 349/528/90
f 349/528/92 352/532/92 353/522/92 350/519/92
f 290/530/90 289/533/90 354/534/90 351/531/90
f 351/531/90 354/534/90 355/535/90 352/532/90
f 352/532/93 355/535/93 356/417/93 353/522/93
f 289/533/90 232/536/90 300/537/90 354/534/90
f 354/534/90 300/537/90 299/538/90 355/535/90
f 355/535/94 299/538/94 298/418/94 356/417/94
f 298/418/22 360/539/22 468/540/22 467/419/22
f 360/539/24 363/541/24 238/542/24 468/540/24
f 363/541/24 366/413/24 1/416/24 238/542/24
f 232/536/3 297/543/3 358/544/3 300/537/3
f 300/537/95 358/544/95 359/545/95 299/538/95
f 299/538/96 359/545/96 360/539/96 298/418/96
f 297/543/3 296/546/3 361/547/3 358/544/3
f 358/544/95 361/547/95 362/548/95 359/545/95
f 359/545/97 362/548/97 363/541/97 360/539/97
f 296/546/3 295/412/3 364/549/3 361/547/3
f 361/547/95 364/549/95 365/550/95 362/548/95
f 362/548/98 365/550/98 366/413/98 363/541/98
f 295/412/3 233/411/3 301/500/3 364/549/3
f 364/549/95 301/500/95 302/551/95 365/550/95
f 365/550/99 302/551/99 303/414/99 366/413/99
f 289/552/4 369/553/4 297/543/4 232/536/4
f 369/553/4 372/554/4 296/546/4 297/543/4
f 372/554/4 375/409/4 295/412/4 296/546/4
f 229/555/4 288/556/4 367/557/4 291/558/4
f 291/558/4 367/557/4 368/559/4 290/560/4
f 290/560/4 368/559/4 369/553/4 289/552/4
f 288/556/4 287/561/4 370/562/4 367/557/4
f 367/557/4 370/562/4 371/563/4 368/559/4
f 368/559/4 371/563/4 372/554/4 369/553/4
f 287/561/4 286/564/4 373/565/4 370/562/4
f 370/562/4 373/565/4 374/566/4 371/563/4
f 371/563/4 374/566/4 375/409/4 372/554/4
f 286/564/4 230/567/4 292/568/4 373/565/4
f 373/565/4 292/568/4 293/569/4 374/566/4
f 374/566/4 293/569/4 294/410/4 375/409/4
f 279/570/1 378/571/1 288/572/1 229/573/1
f 378/571/1 381/574/1 287/575/1 288/572/1
f 381/574/1 384/405/1 286/408/1 287/575/1
f 281/576/100 376/577/100 377/578/100 280/579/100
f 280/579/101 377/578/101 378/571/101 279/570/101
f 376/577/102 379/580/102 380/581/102 377/578/102
f 377/578/101 380/581/101 381/574/101 378/571/101
f 379/580/103 382/582/103 383/583/103 380/581/103
f 380/581/101 383/583/101 384/405/101 381/574/101
f 382/582/104 283/584/104 284/585/104 383/583/104
f 383/583/101 284/585/101 285/406/101 384/405/101
f 269/389/66 387/586/66 276/587/66 228/390/66
f 387/586/66 390/588/66 277/589/66 276/587/66
f 390/588/66 393/401/66 278/404/66 277/589/66
f 267/590/2 385/591/2 386/592/2 268/593/2
f 268/594/105 386/595/105 387/596/105 269/597/105
f 385/598/2 388/599/2 389/600/2 386/595/2
f 386/592/106 389/601/106 390/588/106 387/586/106
f 388/602/2 391/603/2 392/604/2 389/601/2
f 389/601/107 392/604/107 393/401/107 390/588/107
f 391/605/2 255/606/2 254/607/2 392/608/2
f 392/608/108 254/607/108 253/609/108 393/610/108
f 249/611/65 396/612/65 273/613/65 226/614/65
f 396/612/65 399/615/65 274/616/65 273/613/65
f 399/615/65 402/396/65 275/400/65 274/616/65
f 247/617/90 394/618/90 395/619/90 248/620/90
f 248/621/109 395/622/109 396/612/109 249/611/109
f 394/618/90 397/623/90 398/624/90 395/619/90
f 395/622/110 398/625/110 399/615/110 396/612/110
f 397/623/90 400/626/90 401/627/90 398/624/90
f 398/625/111 401/628/111 402/396/111 399/615/111
f 400/626/90 266/629/90 265/630/90 401/627/90
f 401/628/112 265/631/112 264/397/112 402/396/112
f 273/632/64 405/633/64 250/634/64 226/635/64
f 405/633/64 408/636/64 251/637/64 250/634/64
f 408/636/64 411/392/64 252/395/64 251/637/64
f 275/638/64 403/639/64 404/640/64 274/641/64
f 274/641/64 404/640/64 405/633/64 273/632/64
f 272/642/64 271/643/64 406/644/64 403/639/64
f 403/639/64 406/644/64 407/645/64 404/640/64
f 404/640/64 407/645/64 408/636/64 405/633/64
f 271/643/64 270/391/64 409/646/64 406/644/64
f 406/644/64 409/646/64 410/647/64 407/645/64
f 407/645/64 410/647/64 411/392/64 408/636/64
f 270/391/64 228/390/64 276/648/64 409/646/64
f 409/646/64 276/648/64 277/649/64 410/647/64
f 410/647/64 277/649/64 278/393/64 411/392/64
f 264/650/63 414/651/63 272/642/63 506/652/63 509/653/63
f 414/651/63 417/654/63 271/643/63 272/642/63
f 417/654/63 420/388/63 270/391/63 271/643/63
f 266/629/3 412/655/3 413/656/3 265/630/3
f 265/630/113 413/656/113 414/651/113 264/650/113
f 412/655/3 415/657/3 416/658/3 413/656/3
f 413/656/114 416/658/114 417/654/114 414/651/114
f 415/657/3 418/659/3 419/660/3 416/658/3
f 416/658/115 419/660/115 420/388/115 417/654/115
f 493/661/116 485/662/116 76/115/116 105/114/116
f 418/659/3 267/590/3 268/593/3 419/660/3
f 419/660/117 268/593/117 269/389/117 420/388/117
f 483/663/118 491/664/118 103/113/118 101/112/118
f 455/665/116 241/666/116 376/577/116 281/576/116
f 17/667/118 217/668/118 307/669/118 337/670/118
f 247/671/1 427/672/1 489/673/1 498/674/1
f 427/672/1 430/675/1 514/676/1 489/673/1
f 430/675/1 433/384/1 490/387/1 514/676/1
f 226/677/119 250/678/119 425/679/119 249/680/119
f 249/680/120 425/679/120 426/681/120 248/682/120
f 248/682/1 426/681/1 427/672/1 247/671/1
f 250/678/119 251/683/119 428/684/119 425/679/119
f 425/679/121 428/684/121 429/685/121 426/681/121
f 426/681/1 429/685/1 430/675/1 427/672/1
f 251/683/119 252/686/119 431/687/119 428/684/119
f 428/684/122 431/687/122 432/688/122 429/685/122
f 429/685/1 432/688/1 433/384/1 430/675/1
f 252/686/123 227/689/123 253/690/123 431/687/123
f 431/687/124 253/690/124 254/691/124 432/688/124
f 432/688/1 254/691/1 255/385/1 433/384/1
f 245/692/2 434/693/2 435/694/2 246/695/2
f 246/695/2 435/694/2 622/696/2 578/697/2 577/698/2
f 434/693/2 436/699/2 437/700/2 435/694/2
f 435/694/2 437/700/2 623/701/2 622/696/2
f 436/699/2 438/702/2 439/703/2 437/700/2
f 437/700/2 439/703/2 621/704/2 623/701/2
f 453/705/116 454/706/116 283/584/116 382/582/116
f 438/707/2 237/708/2 236/709/2 439/710/2
f 439/703/2 236/711/2 619/712/2 621/704/2
f 234/713/90 440/714/90 441/715/90 235/716/90
f 235/716/90 441/715/90 615/717/90 616/718/90
f 440/714/90 442/719/90 443/720/90 441/715/90
f 441/715/90 443/720/90 581/721/90 580/722/90 615/717/90
f 442/719/90 444/723/90 445/724/90 443/720/90
f 443/720/90 445/724/90 583/725/90 581/721/90
f 444/726/90 244/727/90 243/728/90 445/729/90
f 445/729/90 243/728/90 584/730/90 583/731/90
f 595/732/5 594/733/5 602/734/5 85/64/5 83/51/5
f 597/735/5 595/732/5 83/51/5 80/50/5
f 601/736/5 600/737/5 605/738/5 604/739/5
f 244/727/3 446/740/3 447/741/3 243/728/3
f 243/728/3 447/741/3 575/742/3 582/743/3 584/730/3
f 509/744/125 506/745/125 512/746/125
f 446/740/3 449/747/3 450/748/3 447/741/3
f 447/741/3 450/748/3 574/749/3 575/742/3
f 449/747/3 451/750/3 452/751/3 450/748/3
f 450/748/3 452/751/3 448/752/3 574/749/3
f 215/753/125 497/754/125 495/755/125 15/756/125 20/757/125 19/758/125 2/759/125 473/760/125 476/761/125 479/762/125 485/763/125 493/764/125 491/765/125 483/766/125 500/767/125 502/768/125
f 451/750/3 245/692/3 246/695/3 452/751/3
f 452/751/3 246/695/3 577/698/3 448/752/3
f 17/769/125 16/770/125 216/771/125 218/772/125 262/773/125 258/774/125 422/775/125 423/776/125 260/777/125 424/778/125 261/779/125 225/780/125 242/781/125 421/782/125 259/783/125 263/784/125 217/785/125
f 239/786/125 241/787/125 455/788/125 457/789/125 459/790/125 466/791/125 467/792/125 468/793/125 238/794/125 1/795/125 256/796/125 469/797/125 458/798/125 240/799/125 456/800/125 454/801/125 453/802/125
f 239/803/116 453/705/116 382/582/116 379/580/116
f 500/804/116 483/663/116 101/112/116 74/111/116
f 241/666/118 239/803/118 379/580/118 376/577/118
f 234/805/1 461/806/1 482/807/1 484/808/1
f 461/806/1 463/809/1 480/810/1 482/807/1
f 463/809/1 465/380/1 478/383/1 480/810/1
f 589/811/4 585/812/4 79/94/4 93/813/4
f 235/814/1 460/815/1 461/806/1 234/805/1
f 603/816/5 601/736/5 604/739/5 602/734/5
f 460/815/1 462/817/1 463/809/1 461/806/1
f 462/817/1 464/818/1 465/380/1 463/809/1
f 586/819/4 587/820/4 611/821/4 612/822/4
f 464/818/1 236/823/1 237/381/1 465/380/1
f 216/824/118 16/825/118 335/826/118 333/827/118
f 16/825/116 17/667/116 337/670/116 335/826/116
f 218/828/116 216/824/116 333/827/116 306/829/116
f 512/830/64 506/652/64 272/642/64 403/639/64 275/638/64
f 475/831/90 494/832/90 244/727/90 444/726/90
f 519/833/5 518/834/5 197/835/5 23/368/5
f 491/664/116 493/661/116 105/114/116 103/113/116
f 515/836/126 498/837/126 489/838/126 514/839/126 490/840/126 510/841/126 516/842/126 508/843/126 507/844/126 505/845/126 503/846/126 511/847/126 513/848/126 504/849/126 499/850/126 501/851/126
f 531/852/126 527/853/126 526/854/126 524/855/126 523/856/126 522/857/126 520/858/126 518/859/126 519/860/126 517/861/126 525/862/126 528/863/126 532/864/126 533/865/126 529/866/126 530/867/126
f 472/868/126 474/869/126 481/870/126 496/871/126 492/872/126 494/873/126 475/874/126 471/875/126 470/876/126 484/877/126 482/878/126 480/879/126 478/880/126 487/881/126 486/882/126 477/883/126
f 513/884/3 511/885/3 415/657/3 412/655/3
f 501/886/90 499/887/90 400/626/90 397/623/90
f 525/888/3 517/889/3 213/364/3 211/361/3
f 532/890/3 528/891/3 209/358/3 22/355/3
f 518/892/5 520/893/5 199/326/5 197/319/5
f 517/889/3 519/833/3 23/368/3 213/364/3
f 470/894/90 471/895/90 442/719/90 440/714/90
f 494/832/3 492/896/3 446/740/3 244/727/3
f 516/897/2 510/898/2 255/606/2 391/605/2
f 477/899/2 486/900/2 438/702/2 436/699/2
f 515/901/90 501/886/90 397/623/90 394/618/90
f 498/902/90 515/903/90 394/904/90 247/905/90
f 492/896/3 496/906/3 449/747/3 446/740/3
f 505/907/2 507/908/2 385/591/2 267/590/2
f 528/891/3 525/888/3 211/361/3 209/358/3
f 474/909/2 472/910/2 434/693/2 245/692/2
f 472/910/2 477/899/2 436/699/2 434/693/2
f 522/911/5 523/912/5 14/333/5 201/330/5
f 471/895/90 475/913/90 444/723/90 442/719/90
f 507/914/2 508/915/2 388/599/2 385/598/2
f 481/916/3 474/909/3 245/692/3 451/750/3
f 520/893/5 522/911/5 201/330/5 199/326/5
f 533/917/4 532/890/4 22/355/4 207/354/4
f 499/887/90 504/918/90 266/629/90 400/626/90
f 496/906/3 481/916/3 451/750/3 449/747/3
f 529/919/4 533/917/4 207/354/4 205/345/4
f 508/920/2 516/921/2 391/603/2 388/602/2
f 511/885/3 503/922/3 418/659/3 415/657/3
f 484/923/90 470/924/90 440/925/90 234/926/90
f 530/927/4 529/919/4 205/345/4 203/344/4
f 531/928/4 530/927/4 203/344/4 11/929/4
f 486/900/2 487/930/2 237/931/2 438/702/2
f 503/922/3 505/907/3 267/590/3 418/659/3
f 504/918/3 513/884/3 412/655/3 266/629/3
f 564/932/127 563/933/127 282/934/127 257/935/127 231/936/127 82/937/127 18/938/127 75/939/127 562/940/127
f 562/941/1 75/942/1 13/379/1 223/378/1
f 537/943/1 538/944/1 188/309/1 27/308/1
f 488/945/90 521/946/90 322/463/90 320/462/90
f 559/947/2 557/948/2 314/443/2 311/442/2
f 552/949/2 553/950/2 308/450/2 318/448/2
f 558/951/128 559/952/128 311/474/128 331/473/128
f 550/953/129 546/954/129 549/955/129 547/956/129 545/957/129 548/958/129 551/959/129
f 326/960/90 556/961/90 310/465/90 324/464/90
f 357/962/90 488/945/90 320/462/90 305/963/90
f 563/933/130 564/932/130 568/964/130 569/965/130 570/966/130 571/967/130 573/968/130 572/969/130 567/970/130 566/971/130 565/972/130
f 357/973/131 313/974/131 304/975/131 555/976/131 553/977/131 552/978/131 554/979/131 557/980/131 559/981/131 558/982/131 560/983/131 561/984/131 556/985/131 326/986/131 521/987/131 488/988/131
f 561/989/128 560/990/128 329/472/128 327/471/128
f 556/961/128 561/989/128 327/471/128 310/465/128
f 546/954/132 550/953/132 544/991/132 542/992/132 538/993/132 537/994/132 534/995/132 535/996/132 536/997/132 540/998/132 539/999/132 541/1000/132 543/1001/132
f 521/946/90 326/960/90 324/464/90 322/463/90
f 570/1002/1 569/1003/1 219/376/1 12/375/1
f 560/990/128 558/951/128 331/473/128 329/472/128
f 569/1003/1 568/1004/1 221/377/1 219/376/1
f 554/1005/2 552/949/2 318/448/2 316/446/2
f 542/1006/1 544/1007/1 194/314/1 191/312/1
f 568/1004/1 564/1008/1 562/941/1 223/378/1 221/377/1
f 538/944/1 542/1006/1 191/312/1 188/309/1
f 557/948/2 554/1005/2 316/446/2 314/443/2
f 544/1007/1 550/1009/1 551/1010/1 28/316/1 194/314/1
f 587/820/4 588/1011/4 611/821/4
f 580/1012/133 579/1013/133 576/1014/133 617/1015/133 618/1016/133 616/1017/133 615/1018/133
f 608/1019/5 609/1020/5 589/811/5 93/813/5 91/1021/5
f 585/812/50 591/1022/50 95/95/50 79/94/50
f 579/1023/134 582/1024/134 575/1025/134 574/1026/134 448/1027/134 577/1028/134 578/1029/134 576/1030/134
f 594/733/135 603/816/135 602/734/135
f 596/1031/50 597/735/50 80/50/50 99/101/50
f 591/1022/50 590/1032/50 97/98/50 95/95/50
f 590/1032/50 596/1031/50 99/101/50 97/98/50
f 582/1024/136 579/1023/136 580/1033/136 581/1034/136 583/1035/136 584/1036/136
f 636/1037/3 633/1038/3 632/1039/3 137/183/3 134/180/3
f 611/1040/4 588/1041/4 606/1042/4 608/1043/4 91/82/4 89/75/4
f 625/1044/5 627/1045/5 107/123/5 61/122/5
f 624/1046/1 619/1047/1 236/823/1 464/818/1
f 602/734/5 604/739/5 87/65/5 85/64/5
f 620/1048/1 624/1046/1 464/818/1 462/817/1
f 626/1049/3 625/1044/3 61/122/3 140/185/3
f 641/1050/4 637/1051/4 60/179/4 122/1052/4
f 618/1053/1 617/1054/1 620/1048/1 462/817/1 460/815/1
f 627/1045/5 628/1055/5 110/128/5 107/123/5
f 633/1056/137 635/1057/137 634/1058/137 631/1059/137 630/1060/137 629/1061/137 628/1062/137 627/1063/137 625/1064/137 626/1065/137 632/1066/137
f 617/1015/138 576/1014/138 578/1067/138 622/1068/138 623/1069/138 621/1070/138 619/1071/138 624/1072/138 620/1073/138
f 642/1074/4 641/1075/4 122/152/4 119/149/4
f 632/1039/3 626/1049/3 140/185/3 137/183/3
f 616/1076/1 618/1053/1 460/815/1 235/814/1
f 628/1055/5 629/1077/5 113/131/5 110/128/5
f 613/1078/10 607/1079/10 599/1080/10 592/1081/10
f 607/1079/10 605/1082/10 600/1083/10 599/1080/10
f 612/1084/10 614/1085/10 593/1086/10 586/1087/10
f 635/1057/139 633/1056/139 636/1088/139 637/1089/139 641/1090/139 642/1091/139 640/1092/139 639/1093/139 638/1094/139
f 640/1095/4 642/1074/4 119/149/4 116/144/4
f 637/1051/3 636/1037/3 134/180/3 60/179/3
f 612/1096/4 611/1040/4 89/75/4 73/74/4
f 614/1085/10 613/1078/10 592/1081/10 593/1086/10
f 604/739/5 605/738/5 77/1097/5 87/65/5
f 639/1098/4 640/1095/4 116/144/4 49/143/4
f 629/1077/5 630/1099/5 57/134/5 113/131/5
f 711/1100/140 720/1101/140 796/1102/140 798/1103/140
f 662/1104/141 663/1105/141 777/1106/141 775/1107/141
f 695/1108/142 748/1109/142 799/1110/142 815/1111/142
f 654/1112/3 655/1113/3 826/1114/3 828/1115/3
f 676/1116/1 675/1117/1 827/1118/1 825/1119/1
f 653/1120/143 654/1112/143 828/1115/143 830/1121/143
f 696/1122/144 697/1123/144 820/1124/144 819/1125/144
f 675/1117/145 674/1126/145 829/1127/145 827/1118/145
f 652/1128/146 653/1120/146 830/1121/146 832/1129/146
f 674/1126/147 673/1130/147 831/1131/147 829/1127/147
f 691/1132/148 693/1133/148 818/1134/148 817/1135/148
f 750/1136/149 739/1137/149 816/1138/149 800/1139/149
f 749/1140/150 747/1141/150 802/1142/150 801/1143/150
f 692/1144/151 702/1145/151 805/1146/151 803/1147/151
f 744/1148/152 728/1149/152 804/1150/152 806/1151/152
f 702/1145/151 701/1152/151 807/1153/151 805/1146/151
f 743/1154/152 744/1148/152 806/1151/152 808/1155/152
f 728/1149/152 749/1140/152 801/1143/152 804/1150/152
f 707/1156/151 708/1157/151 770/1158/151 772/1159/151
f 664/1160/153 713/1161/153 765/1162/153 779/1163/153
f 661/1164/154 662/1104/154 775/1107/154 773/1165/154
f 706/1166/151 707/1156/151 772/1159/151 774/1167/151
f 660/1168/152 661/1164/152 773/1165/152 771/1169/152
f 713/1161/155 714/1170/155 766/1171/155 765/1162/155
f 705/1172/156 706/1166/156 774/1167/156 776/1173/156
f 671/1174/3 670/1175/3 787/1176/3 785/1177/3
f 720/1101/157 719/1178/157 794/1179/157 796/1102/157
f 670/1175/3 669/1180/3 789/1181/3 787/1176/3
f 731/1182/3 671/1174/3 785/1177/3 784/1183/3
f 719/1178/158 718/1184/158 792/1185/158 794/1179/158
f 669/1180/3 668/1186/3 791/1187/3 789/1181/3
f 729/1188/159 711/1100/159 798/1103/159 782/1189/159
f 688/1190/126 690/1191/126 689/1192/126 687/1193/126
f 681/1194/160 679/1195/160 837/1196/160 835/1197/160
f 685/1198/161 686/1199/161 850/1200/161 847/1201/161
f 680/1202/151 682/1203/151 836/1204/151 838/1205/151
f 682/1206/162 681/1194/162 835/1197/162 836/1207/162
f 679/1195/1 680/1202/1 838/1205/1 837/1196/1
f 687/1193/152 689/1192/152 874/1208/152 873/1209/152
f 877/1210/163 875/1211/163 893/1212/163 899/1213/163
f 690/1214/151 688/1190/151 871/1215/151 872/1216/151
f 689/1192/3 690/1191/3 872/1217/3 874/1208/3
f 688/1190/1 687/1193/1 873/1209/1 871/1215/1
f 693/1133/152 691/1132/152 644/1218/152 648/1219/152
f 691/1132/152 657/1220/152 745/1221/152 644/1218/152
f 678/1222/152 693/1133/152 648/1219/152 712/1223/152
f 697/1123/164 696/1122/164 647/1224/164 643/1225/164
f 651/1226/165 697/1123/165 643/1225/165 751/1227/165
f 652/1128/166 651/1226/166 751/1227/166 752/1228/166
f 653/1120/167 652/1128/167 752/1228/167 753/1229/167
f 654/1112/168 653/1120/168 753/1229/168 754/1230/168
f 655/1113/169 654/1112/169 754/1230/169 755/1231/169
f 656/1232/152 655/1113/152 755/1231/152 756/1233/152
f 657/1220/152 656/1232/152 756/1233/152 745/1221/152
f 696/1122/170 672/1234/170 721/1235/170 647/1224/170
f 672/1234/171 673/1130/171 722/1236/171 721/1235/171
f 673/1130/172 674/1126/172 723/1237/172 722/1236/172
f 674/1126/173 675/1117/173 724/1238/173 723/1237/173
f 675/1117/174 676/1116/174 725/1239/174 724/1238/174
f 676/1116/152 677/1240/152 726/1241/152 725/1239/152
f 677/1240/152 678/1222/152 712/1223/152 726/1241/152
f 710/1242/3 709/1243/3 648/1219/3 650/1244/3
f 713/1161/175 664/1160/175 727/1245/175 649/1246/175
f 709/1243/3 694/1247/3 712/1223/3 648/1219/3
f 714/1170/176 713/1161/176 649/1246/176 647/1224/176
f 658/1248/3 710/1242/3 650/1244/3 733/1249/3
f 659/1250/3 658/1248/3 733/1249/3 734/1251/3
f 660/1168/3 659/1250/3 734/1251/3 735/1252/3
f 661/1164/177 660/1168/177 735/1252/177 736/1253/177
f 662/1104/178 661/1164/178 736/1253/178 737/1254/178
f 663/1105/179 662/1104/179 737/1254/179 738/1255/179
f 664/1160/180 663/1105/180 738/1255/180 727/1245/180
f 703/1256/181 714/1170/181 647/1224/181 721/1235/181
f 704/1257/182 703/1256/182 721/1235/182 722/1236/182
f 705/1172/183 704/1257/183 722/1236/183 723/1237/183
f 706/1166/184 705/1172/184 723/1237/184 724/1238/184
f 707/1156/185 706/1166/185 724/1238/185 725/1239/185
f 708/1157/3 707/1156/3 725/1239/3 726/1241/3
f 694/1247/3 708/1157/3 726/1241/3 712/1223/3
f 711/1100/186 729/1188/186 649/1258/186 727/1259/186
f 671/1174/151 731/1182/151 646/1260/151 746/1261/151
f 729/1188/187 730/1262/187 645/1263/187 649/1258/187
f 731/1182/151 732/1264/151 650/1265/151 646/1260/151
f 732/1264/151 715/1266/151 733/1267/151 650/1265/151
f 715/1266/151 716/1268/151 734/1269/151 733/1267/151
f 716/1268/151 717/1270/151 735/1271/151 734/1269/151
f 717/1270/188 718/1184/188 736/1272/188 735/1271/188
f 718/1184/189 719/1178/189 737/1273/189 736/1272/189
f 719/1178/190 720/1101/190 738/1274/190 737/1273/190
f 720/1101/191 711/1100/191 727/1259/191 738/1274/191
f 730/1262/192 665/1275/192 757/1276/192 645/1263/192
f 665/1275/193 666/1277/193 758/1278/193 757/1276/193
f 666/1277/194 667/1279/194 759/1280/194 758/1278/194
f 667/1279/195 668/1186/195 760/1281/195 759/1280/195
f 668/1186/196 669/1180/196 761/1282/196 760/1281/196
f 669/1180/151 670/1175/151 762/1283/151 761/1282/151
f 670/1175/151 671/1174/151 746/1261/151 762/1283/151
f 692/1144/1 747/1141/1 644/1284/1 745/1285/1
f 749/1140/1 728/1149/1 746/1286/1 646/1287/1
f 750/1136/197 748/1109/197 643/1288/197 645/1289/197
f 747/1290/1 749/1291/1 646/1260/1 644/1218/1
f 748/1109/198 695/1108/198 751/1292/198 643/1288/198
f 695/1108/199 698/1293/199 752/1294/199 751/1292/199
f 698/1293/200 699/1295/200 753/1296/200 752/1294/200
f 699/1295/201 700/1297/201 754/1298/201 753/1296/201
f 700/1297/202 701/1152/202 755/1299/202 754/1298/202
f 701/1152/1 702/1145/1 756/1300/1 755/1299/1
f 702/1145/1 692/1144/1 745/1285/1 756/1300/1
f 739/1137/203 750/1136/203 645/1289/203 757/1301/203
f 740/1302/204 739/1137/204 757/1301/204 758/1303/204
f 741/1304/205 740/1302/205 758/1303/205 759/1305/205
f 742/1306/206 741/1304/206 759/1305/206 760/1307/206
f 743/1154/207 742/1306/207 760/1307/207 761/1308/207
f 744/1148/1 743/1154/1 761/1308/1 762/1309/1
f 728/1149/1 744/1148/1 762/1309/1 746/1286/1
f 694/1247/151 709/1243/151 763/1310/151 768/1311/151
f 708/1157/151 694/1247/151 768/1311/151 770/1158/151
f 663/1105/208 664/1160/208 779/1163/208 777/1106/208
f 714/1170/209 703/1256/209 780/1312/209 766/1171/209
f 710/1242/152 658/1248/152 767/1313/152 764/1314/152
f 703/1256/210 704/1257/210 778/1315/210 780/1312/210
f 658/1248/152 659/1250/152 769/1316/152 767/1313/152
f 709/1243/211 710/1242/211 764/1314/211 763/1310/211
f 704/1257/212 705/1172/212 776/1173/212 778/1315/212
f 659/1250/152 660/1168/152 771/1169/152 769/1316/152
f 665/1275/213 730/1262/213 781/1317/213 797/1318/213
f 715/1266/1 732/1264/1 783/1319/1 786/1320/1
f 666/1277/214 665/1275/214 797/1318/214 795/1321/214
f 730/1262/215 729/1188/215 782/1189/215 781/1317/215
f 716/1268/1 715/1266/1 786/1320/1 788/1322/1
f 667/1279/216 666/1277/216 795/1321/216 793/1323/216
f 717/1270/1 716/1268/1 788/1322/1 790/1324/1
f 668/1186/217 667/1279/217 793/1323/217 791/1187/217
f 732/1264/218 731/1182/218 784/1183/218 783/1319/218
f 718/1184/1 717/1270/1 790/1324/1 792/1185/1
f 739/1137/219 740/1302/219 814/1325/219 816/1138/219
f 698/1293/220 695/1108/220 815/1111/220 813/1326/220
f 740/1302/221 741/1304/221 812/1327/221 814/1325/221
f 699/1295/222 698/1293/222 813/1326/222 811/1328/222
f 741/1304/223 742/1306/223 810/1329/223 812/1327/223
f 748/1109/224 750/1136/224 800/1139/224 799/1110/224
f 700/1297/225 699/1295/225 811/1328/225 809/1330/225
f 747/1141/151 692/1144/151 803/1147/151 802/1142/151
f 742/1306/152 743/1154/152 808/1155/152 810/1329/152
f 701/1152/151 700/1297/151 809/1330/151 807/1153/151
f 657/1220/3 691/1132/3 817/1135/3 822/1331/3
f 677/1240/1 676/1116/1 825/1119/1 823/1332/1
f 655/1113/3 656/1232/3 824/1333/3 826/1114/3
f 693/1133/1 678/1222/1 821/1334/1 818/1134/1
f 678/1222/1 677/1240/1 823/1332/1 821/1334/1
f 656/1232/3 657/1220/3 822/1331/3 824/1333/3
f 672/1234/226 696/1122/226 819/1125/226 833/1335/226
f 697/1123/227 651/1226/227 834/1336/227 820/1124/227
f 673/1130/228 672/1234/228 833/1335/228 831/1131/228
f 651/1226/229 652/1128/229 832/1129/229 834/1336/229
f 683/1337/230 684/1338/230 836/1339/230 835/1340/230
f 685/1198/231 683/1337/231 835/1340/231 837/1196/231
f 684/1338/232 686/1199/232 838/1205/232 836/1339/232
f 686/1199/233 685/1198/233 837/1196/233 838/1205/233
f 683/1337/234 685/1198/234 847/1201/234 843/1341/234
f 848/1342/1 849/1343/1 839/1344/1 840/1345/1
f 686/1199/235 684/1338/235 846/1346/235 850/1200/235
f 844/1347/236 845/1348/236 846/1346/236 843/1341/236
f 848/1342/237 844/1347/237 843/1341/237 847/1201/237
f 845/1348/238 849/1343/238 850/1200/238 846/1346/238
f 849/1343/239 848/1342/239 847/1201/239 850/1200/239
f 684/1338/240 683/1337/240 843/1341/240 846/1346/240
f 849/1343/151 845/1348/151 841/1349/151 839/1344/151
f 844/1347/152 848/1342/152 840/1345/152 842/1350/152
f 845/1348/3 844/1347/3 842/1350/3 841/1349/3
f 861/1351/1 859/1352/1 856/1353/1 857/1354/1
f 864/1355/3 866/1356/3 858/1357/3 855/1358/3
f 866/1356/152 861/1351/152 857/1354/152 858/1357/152
f 851/1359/125 854/1360/125 853/1361/125 852/1362/125
f 865/1363/125 863/1364/125 860/1365/125 862/1366/125
f 864/1355/241 859/1352/241 860/1365/241 863/1364/241
f 859/1352/242 861/1351/242 862/1366/242 860/1365/242
f 866/1356/243 864/1355/243 863/1364/243 865/1363/243
f 861/1351/244 866/1356/244 865/1363/244 862/1366/244
f 859/1352/151 864/1355/151 855/1358/151 856/1353/151
f 867/1367/126 869/1368/126 870/1369/126 868/1370/126
f 851/1359/152 852/1362/152 869/1368/152 867/1367/152
f 853/1361/151 854/1360/151 868/1370/151 870/1369/151
f 854/1360/3 851/1359/3 867/1367/3 868/1370/3
f 852/1362/1 853/1361/1 870/1369/1 869/1368/1
f 881/1371/1 885/1372/1 897/1373/1 892/1374/1
f 888/1375/3 883/1376/3 896/1377/3 900/1378/3
f 890/1379/125 886/1380/125 873/1209/125 874/1381/125
f 887/1382/152 889/1383/152 902/1384/152 898/1385/152
f 886/1380/125 880/1386/125 871/1215/125 873/1209/125
f 877/1210/125 878/1387/125 876/1388/125 875/1211/125
f 884/1389/125 890/1379/125 874/1381/125 872/1390/125
f 876/1388/245 878/1387/245 901/1391/245 895/1392/245
f 875/1211/246 876/1388/246 895/1392/246 893/1212/246
f 878/1387/247 877/1210/247 899/1213/247 901/1391/247
f 880/1386/125 884/1389/125 872/1390/125 871/1215/125
f 879/1393/248 880/1386/248 881/1371/248
f 882/1394/249 883/1376/249 884/1389/249
f 885/1372/250 886/1380/250 887/1382/250
f 888/1375/251 889/1383/251 890/1379/251
f 891/1395/252 892/1374/252 893/1212/252
f 894/1396/253 895/1392/253 896/1377/253
f 897/1373/254 898/1385/254 899/1213/254
f 900/1378/255 901/1391/255 902/1384/255
f 879/1393/256 882/1394/256 884/1389/256 880/1386/256
f 885/1372/257 881/1371/257 880/1386/257 886/1380/257
f 883/1376/258 888/1375/258 890/1379/258 884/1389/258
f 889/1383/259 887/1382/259 886/1380/259 890/1379/259
f 894/1396/260 891/1395/260 893/1212/260 895/1392/260
f 892/1374/261 897/1373/261 899/1213/261 893/1212/261
f 900/1378/262 896/1377/262 895/1392/262 901/1391/262
f 898/1385/263 902/1384/263 901/1391/263 899/1213/263
f 896/1377/264 883/1376/264 882/1394/264 894/1396/264
f 881/1371/265 892/1374/265 891/1395/265 879/1393/265
f 887/1382/266 898/1385/266 897/1373/266 885/1372/266
f 902/1384/267 889/1383/267 888/1375/267 900/1378/267
f 882/1394/151 879/1393/151 891/1395/151 894/1396/151
f 1126/1397/3 916/1398/3 1425/1399/3 1426/1400/3
f 1098/1401/3 932/1402/3 906/1403/3 933/1404/3
f 1089/1405/268 941/1406/268 908/1407/268 942/1408/268
f 1080/1409/1 950/1410/1 1451/1411/1 1448/1412/1 1445/1413/1
f 1071/1414/269 945/1415/269 1442/1416/269 1438/1417/269
f 1062/1418/270 930/1419/270 1453/1420/270 1450/1421/270
f 1053/1422/3 959/1423/3 1532/1424/3 1533/1425/3
f 1044/1426/271 965/1427/271 912/1428/271 966/1429/271
f 1035/1430/272 974/1431/272 910/1432/272 956/1433/272
f 1026/1434/273 960/1435/273 911/1436/273 971/1437/273
f 1017/1438/274 957/1439/274 910/1440/274 974/1441/274
f 1008/1442/275 979/1443/275 1507/1444/275 1509/1445/275
f 982/1446/276 985/1447/276 986/1448/276 983/1449/276
f 983/1449/277 986/1448/277 1375/1450/277 904/1451/277
f 985/1447/278 987/1452/278 988/1453/278 986/1448/278
f 986/1448/277 988/1453/277 1378/1454/277 1375/1450/277
f 987/1452/279 989/1455/279 990/1456/279 988/1453/279
f 988/1453/277 990/1456/277 1381/1457/277 1378/1454/277
f 989/1455/280 979/1458/280 978/1459/280 990/1456/280
f 990/1456/277 978/1459/277 1387/1460/277 1381/1457/277
f 975/1461/281 991/1462/281 992/1463/281 976/1464/281
f 976/1464/282 992/1463/282 1404/1465/282 1402/1466/282
f 991/1462/283 993/1467/283 994/1468/283 992/1463/283
f 992/1463/282 994/1468/282 1117/1469/282 1404/1465/282
f 993/1467/284 995/1470/284 996/1471/284 994/1468/284
f 994/1468/277 996/1471/277 1399/1472/277 1117/1469/277
f 995/1470/285 981/1473/285 980/1474/285 996/1471/285
f 996/1471/282 980/1474/282 1397/1475/282 1399/1472/282
f 981/1473/286 997/1476/286 998/1477/286 980/1474/286
f 980/1474/287 998/1477/287 917/1478/287 1397/1475/287
f 997/1476/288 999/1479/288 1000/1480/288 998/1477/288
f 998/1477/287 1000/1480/287 922/1481/287 917/1478/287
f 999/1479/289 1001/1482/289 1002/1483/289 1000/1480/289
f 1000/1480/287 1002/1483/287 921/1484/287 922/1481/287
f 1001/1482/290 982/1446/290 983/1449/290 1002/1483/290
f 1002/1483/287 983/1449/287 904/1451/287 921/1484/287
f 975/1485/275 1004/1486/275 1516/1487/275 1514/1488/275
f 1004/1486/275 1006/1489/275 1515/1490/275 1516/1487/275
f 1006/1489/275 1008/1442/275 1509/1445/275 1515/1490/275
f 976/1491/291 1003/1492/291 1004/1486/291 975/1485/291
f 1003/1492/292 1005/1493/292 1006/1489/292 1004/1486/292
f 1005/1493/293 1007/1494/293 1008/1442/293 1006/1489/293
f 1007/1494/294 978/1495/294 979/1443/294 1008/1442/294
f 965/1427/295 1011/1496/295 972/1497/295 912/1428/295
f 1011/1496/296 1014/1498/296 973/1499/296 972/1497/296
f 1014/1498/274 1017/1438/274 974/1441/274 973/1499/274
f 963/1500/270 1009/1501/270 1010/1502/270 964/1503/270
f 964/1503/297 1010/1502/297 1011/1496/297 965/1427/297
f 1009/1501/270 1012/1504/270 1013/1505/270 1010/1502/270
f 1010/1502/298 1013/1505/298 1014/1498/298 1011/1496/298
f 1012/1504/270 1015/1506/270 1016/1507/270 1013/1505/270
f 1013/1505/299 1016/1507/299 1017/1438/299 1014/1498/299
f 1015/1506/270 959/1508/270 958/1509/270 1016/1507/270
f 1016/1507/300 958/1509/300 957/1439/300 1017/1438/300
f 953/1510/273 1020/1511/273 969/1512/273 909/1513/273
f 1020/1511/301 1023/1514/301 970/1515/301 969/1512/301
f 1023/1514/274 1026/1434/274 971/1437/274 970/1515/274
f 951/1516/269 1018/1517/269 1019/1518/269 952/1519/269
f 952/1519/302 1019/1518/302 1020/1511/302 953/1510/302
f 1018/1517/269 1021/1520/269 1022/1521/269 1019/1518/269
f 1019/1518/303 1022/1521/303 1023/1514/303 1020/1511/303
f 1021/1520/270 1024/1522/270 1025/1523/270 1022/1521/270
f 1022/1521/304 1025/1523/304 1026/1434/304 1023/1514/304
f 1024/1522/269 962/1524/269 961/1525/269 1025/1523/269
f 1025/1523/305 961/1525/305 960/1435/305 1026/1434/305
f 969/1526/306 1029/1527/306 954/1528/306 909/1529/306
f 1029/1527/306 1032/1530/306 955/1531/306 954/1528/306
f 1032/1530/272 1035/1430/272 956/1433/272 955/1531/272
f 911/1436/272 968/1532/272 1027/1533/272 971/1534/272
f 971/1534/272 1027/1533/272 1028/1535/272 970/1536/272
f 970/1536/307 1028/1535/307 1029/1527/307 969/1526/307
f 968/1532/272 967/1537/272 1030/1538/272 1027/1533/272
f 1027/1533/272 1030/1538/272 1031/1539/272 1028/1535/272
f 1028/1535/272 1031/1539/272 1032/1530/272 1029/1527/272
f 967/1537/308 966/1429/308 1033/1540/308 1030/1538/308
f 1030/1538/309 1033/1540/309 1034/1541/309 1031/1539/309
f 1031/1539/307 1034/1541/307 1035/1430/307 1032/1530/307
f 966/1429/310 912/1428/310 972/1542/310 1033/1540/310
f 1033/1540/311 972/1542/311 973/1543/311 1034/1541/311
f 1034/1541/312 973/1543/312 974/1431/312 1035/1430/312
f 960/1435/313 1038/1544/313 968/1532/313 911/1436/313
f 1038/1544/313 1041/1545/313 967/1537/313 968/1532/313
f 1041/1545/314 1044/1426/314 966/1429/314 967/1537/314
f 962/1524/315 1036/1546/315 1037/1547/315 961/1525/315
f 961/1525/316 1037/1547/316 1038/1544/316 960/1435/316
f 1036/1546/315 1039/1548/315 1040/1549/315 1037/1547/315
f 1037/1547/317 1040/1549/317 1041/1545/317 1038/1544/317
f 1039/1548/315 1042/1550/315 1043/1551/315 1040/1549/315
f 1040/1549/318 1043/1551/318 1044/1426/318 1041/1545/318
f 1042/1550/315 963/1500/315 964/1503/315 1043/1551/315
f 1043/1551/319 964/1503/319 965/1427/319 1044/1426/319
f 951/1552/3 1047/1553/3 1540/1554/3 1541/1555/3
f 1047/1553/3 1050/1556/3 1536/1557/3 1537/1558/3 1540/1554/3
f 1050/1556/3 1053/1422/3 1533/1425/3 1536/1557/3
f 909/1559/320 954/1560/320 1045/1561/320 953/1562/320
f 953/1562/321 1045/1561/321 1046/1563/321 952/1564/321
f 952/1564/275 1046/1563/275 1047/1553/275 951/1552/275
f 954/1560/320 955/1565/320 1048/1566/320 1045/1561/320
f 1045/1561/322 1048/1566/322 1049/1567/322 1046/1563/322
f 1046/1563/275 1049/1567/275 1050/1556/275 1047/1553/275
f 955/1565/320 956/1568/320 1051/1569/320 1048/1566/320
f 1048/1566/323 1051/1569/323 1052/1570/323 1049/1567/323
f 1049/1567/275 1052/1570/275 1053/1422/275 1050/1556/275
f 956/1568/320 910/1571/320 957/1572/320 1051/1569/320
f 1051/1569/324 957/1572/324 958/1573/324 1052/1570/324
f 1052/1570/275 958/1573/275 959/1423/275 1053/1422/275
f 950/1410/270 1056/1574/270 1449/1575/270 1451/1411/270
f 1056/1574/270 1059/1576/270 1447/1577/270 1449/1575/270
f 1059/1576/270 1062/1418/270 1450/1421/270 1447/1577/270
f 908/1407/270 941/1578/270 1054/1579/270 948/1580/270
f 948/1580/270 1054/1579/270 1055/1581/270 949/1582/270
f 949/1582/270 1055/1581/270 1056/1574/270 950/1410/270
f 941/1578/270 940/1583/270 1057/1584/270 1054/1579/270
f 1054/1579/270 1057/1584/270 1058/1585/270 1055/1581/270
f 1055/1581/270 1058/1585/270 1059/1576/270 1056/1574/270
f 940/1583/270 939/1586/270 1060/1587/270 1057/1584/270
f 1057/1584/270 1060/1587/270 1061/1588/270 1058/1585/270
f 1058/1585/270 1061/1588/270 1062/1418/270 1059/1576/270
f 939/1586/270 906/1589/270 932/1590/270 1060/1587/270
f 1060/1587/270 932/1590/270 931/1591/270 1061/1588/270
f 1061/1588/270 931/1591/270 930/1419/270 1062/1418/270
f 929/1592/269 1065/1593/269 1436/1594/269 1439/1595/269
f 1065/1593/269 1068/1596/269 1437/1597/269 1436/1594/269
f 1068/1596/269 1071/1414/269 1438/1417/269 1437/1597/269
f 905/1598/269 938/1599/269 1063/1600/269 927/1601/269
f 927/1601/269 1063/1600/269 1064/1602/269 928/1603/269
f 928/1603/269 1064/1602/269 1065/1593/269 929/1592/269
f 938/1599/269 937/1604/269 1066/1605/269 1063/1600/269
f 1063/1600/269 1066/1605/269 1067/1606/269 1064/1602/269
f 1064/1602/269 1067/1606/269 1068/1596/269 1065/1593/269
f 937/1604/269 936/1607/269 1069/1608/269 1066/1605/269
f 1066/1605/269 1069/1608/269 1070/1609/269 1067/1606/269
f 1067/1606/269 1070/1609/269 1071/1414/269 1068/1596/269
f 936/1607/269 907/1610/269 947/1611/269 1069/1608/269
f 1069/1608/269 947/1611/269 946/1612/269 1070/1609/269
f 1070/1609/269 946/1612/269 945/1415/269 1071/1414/269
f 945/1415/1 1074/1613/1 1441/1614/1 1442/1416/1
f 1074/1613/1 1077/1615/1 1443/1616/1 1441/1614/1
f 1077/1615/1 1080/1409/1 1445/1413/1 1443/1616/1
f 907/1610/1 944/1617/1 1072/1618/1 947/1611/1
f 947/1611/1 1072/1618/1 1073/1619/1 946/1612/1
f 946/1612/325 1073/1619/325 1074/1613/325 945/1415/325
f 944/1617/1 943/1620/1 1075/1621/1 1072/1618/1
f 1072/1618/1 1075/1621/1 1076/1622/1 1073/1619/1
f 1073/1619/325 1076/1622/325 1077/1615/325 1074/1613/325
f 943/1620/1 942/1408/1 1078/1623/1 1075/1621/1
f 1075/1621/1 1078/1623/1 1079/1624/1 1076/1622/1
f 1076/1622/325 1079/1624/325 1080/1409/325 1077/1615/325
f 942/1408/1 908/1407/1 948/1580/1 1078/1623/1
f 1078/1623/1 948/1580/1 949/1582/1 1079/1624/1
f 1079/1624/325 949/1582/325 950/1410/325 1080/1409/325
f 936/1625/268 1083/1626/268 944/1617/268 907/1610/268
f 1083/1626/268 1086/1627/268 943/1620/268 944/1617/268
f 1086/1627/268 1089/1405/268 942/1408/268 943/1620/268
f 905/1628/268 935/1629/268 1081/1630/268 938/1631/268
f 938/1631/268 1081/1630/268 1082/1632/268 937/1633/268
f 937/1633/268 1082/1632/268 1083/1626/268 936/1625/268
f 935/1629/268 934/1634/268 1084/1635/268 1081/1630/268
f 1081/1630/268 1084/1635/268 1085/1636/268 1082/1632/268
f 1082/1632/268 1085/1636/268 1086/1627/268 1083/1626/268
f 934/1634/268 933/1404/268 1087/1637/268 1084/1635/268
f 1084/1635/268 1087/1637/268 1088/1638/268 1085/1636/268
f 1085/1636/268 1088/1638/268 1089/1405/268 1086/1627/268
f 933/1404/268 906/1403/268 939/1639/268 1087/1637/268
f 1087/1637/268 939/1639/268 940/1640/268 1088/1638/268
f 1088/1638/268 940/1640/268 941/1406/268 1089/1405/268
f 927/1641/3 1092/1642/3 935/1629/3 905/1628/3
f 1092/1642/3 1095/1643/3 934/1634/3 935/1629/3
f 1095/1643/3 1098/1401/3 933/1404/3 934/1634/3
f 929/1644/326 1090/1645/326 1091/1646/326 928/1647/326
f 928/1647/3 1091/1646/3 1092/1642/3 927/1641/3
f 1090/1645/327 1093/1648/327 1094/1649/327 1091/1646/327
f 1091/1646/3 1094/1649/3 1095/1643/3 1092/1642/3
f 1093/1648/326 1096/1650/326 1097/1651/326 1094/1649/326
f 1094/1649/3 1097/1651/3 1098/1401/3 1095/1643/3
f 1096/1650/326 930/1652/326 931/1653/326 1097/1651/326
f 1097/1651/3 931/1653/3 932/1402/3 1098/1401/3
f 925/1654/270 1099/1655/270 1100/1656/270 926/1657/270
f 926/1657/270 1100/1656/270 1133/1658/270 1159/1659/270
f 1099/1655/270 1101/1660/270 1102/1661/270 1100/1656/270
f 1100/1656/270 1102/1661/270 984/1662/270 1133/1658/270
f 1101/1660/270 1103/1663/270 1104/1664/270 1102/1661/270
f 1102/1661/270 1104/1664/270 920/1665/270 984/1662/270
f 1103/1663/270 916/1666/270 915/1667/270 1104/1664/270
f 1104/1664/270 915/1667/270 977/1668/270 920/1665/270
f 913/1669/269 1105/1670/269 1106/1671/269 914/1672/269
f 914/1672/269 1106/1671/269 1473/1673/269 1472/1674/269
f 1105/1670/269 1107/1675/269 1108/1676/269 1106/1671/269
f 1106/1671/269 1108/1676/269 1475/1677/269 1473/1673/269
f 1107/1675/269 1109/1678/269 1110/1679/269 1108/1676/269
f 1108/1676/269 1110/1679/269 1474/1680/269 1475/1677/269
f 1109/1678/269 924/1681/269 923/1682/269 1110/1679/269
f 1110/1679/269 923/1682/269 1469/1683/269 1474/1680/269
f 924/1681/1 1111/1684/1 1112/1685/1 923/1682/1
f 923/1682/1 1112/1685/1 1468/1686/1 1469/1683/1
f 1111/1684/1 1113/1687/1 1114/1688/1 1112/1685/1
f 1112/1685/1 1114/1688/1 1467/1689/1 1468/1686/1
f 1113/1687/1 1115/1690/1 1116/1691/1 1114/1688/1
f 1114/1688/1 1116/1691/1 1184/1692/1 1465/1693/1 1467/1689/1
f 1115/1690/1 925/1654/1 926/1657/1 1116/1691/1
f 1116/1691/1 926/1657/1 1159/1659/1 1184/1692/1
f 913/1694/3 1122/1695/3 1429/1696/3 1433/1697/3
f 1122/1695/3 1124/1698/3 1428/1699/3 1429/1696/3
f 1124/1698/3 1126/1397/3 1426/1400/3 1428/1699/3
f 914/1700/3 1121/1701/3 1122/1695/3 913/1694/3
f 1121/1701/3 1123/1702/3 1124/1698/3 1122/1695/3
f 1123/1702/3 1125/1703/3 1126/1397/3 1124/1698/3
f 1125/1703/3 915/1704/3 916/1398/3 1126/1397/3
f 1367/1705/3 1139/1706/3 1389/1707/3 1380/1708/3
f 1335/1709/3 1157/1710/3 1412/1711/3 1392/1712/3
f 1322/1713/328 1171/1714/328 1130/1715/328 1172/1716/328
f 1313/1717/329 1180/1718/329 1129/1719/329 1154/1720/329
f 1304/1721/330 1166/1722/330 1411/1723/330 1414/1724/330 1177/1725/330
f 1295/1726/331 1155/1727/331 1129/1728/331 1180/1729/331
f 1286/1730/3 1187/1731/3 1132/1732/3 1188/1733/3
f 1277/1734/269 1196/1735/269 1135/1736/269 1197/1737/269
f 1268/1738/287 1205/1739/287 1158/1740/287 903/1741/287
f 1258/1742/332 1200/1743/332 1369/1744/332 1368/1745/332
f 1249/1746/333 1185/1747/333 1356/1748/333 1358/1749/333 1142/1750/333
f 1234/1751/287 1214/1752/287 1144/1753/287 1127/1754/287
f 1227/1755/332 1211/1756/332 1325/1757/332 1324/1758/332
f 1221/1759/333 1209/1760/333 1119/1761/333 1165/1762/333
f 1214/1752/333 1217/1763/333 1323/1764/333 1144/1753/333
f 1217/1763/333 1219/1765/333 1161/1766/333 1323/1764/333
f 1219/1765/333 1221/1759/333 1165/1762/333 1161/1766/333
f 1213/1767/334 1216/1768/334 1217/1763/334 1214/1752/334
f 1216/1768/335 1218/1769/335 1219/1765/335 1217/1763/335
f 1218/1769/336 1220/1770/336 1221/1759/336 1219/1765/336
f 1220/1770/337 1210/1771/337 1209/1760/337 1221/1759/337
f 1208/1772/332 1223/1773/332 1164/1774/332 1120/1775/332
f 1223/1773/332 1225/1776/332 1160/1777/332 1164/1774/332
f 1225/1776/332 1227/1755/332 1324/1758/332 1160/1777/332
f 1207/1778/338 1222/1779/338 1223/1773/338 1208/1772/338
f 1222/1779/339 1224/1780/339 1225/1776/339 1223/1773/339
f 1224/1780/340 1226/1781/340 1227/1755/340 1225/1776/340
f 1226/1781/341 1212/1782/341 1211/1756/341 1227/1755/341
f 1211/1756/287 1230/1783/287 1326/1784/287 1162/1785/287 1325/1757/287
f 1230/1783/287 1232/1786/287 1163/1787/287 1326/1784/287
f 1232/1786/342 1234/1751/342 1127/1754/342 1163/1787/342
f 1212/1782/343 1229/1788/343 1230/1783/343 1211/1756/343
f 1229/1788/344 1231/1789/344 1232/1786/344 1230/1783/344
f 1231/1789/345 1233/1790/345 1234/1751/345 1232/1786/345
f 1233/1790/346 1213/1767/346 1214/1752/346 1234/1751/346
f 1208/1791/347 1235/1792/347 1236/1793/347 1207/1794/347
f 1207/1794/348 1236/1793/348 1215/1795/348 1259/1796/348
f 1235/1792/349 1237/1797/349 1238/1798/349 1236/1793/349
f 1236/1793/348 1238/1798/348 1206/1799/348 1215/1795/348
f 1237/1797/350 1239/1800/350 1240/1801/350 1238/1798/350
f 1238/1798/348 1240/1801/348 1457/1802/348 1206/1799/348
f 1239/1800/351 1209/1803/351 1210/1804/351 1240/1801/351
f 1240/1801/348 1210/1804/348 1455/1805/348 1457/1802/348
f 1205/1739/333 1243/1806/333 1371/1807/333 1158/1740/333
f 1243/1806/333 1246/1808/333 1360/1809/333 1371/1807/333
f 1246/1808/333 1249/1746/333 1142/1750/333 1360/1809/333
f 1135/1736/268 1196/1810/268 1241/1811/268 1203/1812/268
f 1203/1812/268 1241/1811/268 1242/1813/268 1204/1814/268
f 1204/1814/352 1242/1813/352 1243/1806/352 1205/1739/352
f 1196/1810/268 1195/1815/268 1244/1816/268 1241/1811/268
f 1241/1811/268 1244/1816/268 1245/1817/268 1242/1813/268
f 1242/1813/353 1245/1817/353 1246/1808/353 1243/1806/353
f 1195/1815/268 1194/1818/268 1247/1819/268 1244/1816/268
f 1244/1816/268 1247/1819/268 1248/1820/268 1245/1817/268
f 1245/1817/354 1248/1820/354 1249/1746/354 1246/1808/354
f 1194/1818/268 1132/1821/268 1187/1822/268 1247/1819/268
f 1247/1819/268 1187/1822/268 1186/1823/268 1248/1820/268
f 1248/1820/355 1186/1823/355 1185/1747/355 1249/1746/355
f 1183/1824/332 1252/1825/332 1359/1826/332 1357/1827/332
f 1252/1825/332 1255/1828/332 1361/1829/332 1359/1826/332
f 1255/1828/332 1258/1742/332 1368/1745/332 1361/1829/332
f 1131/1830/356 1193/1831/356 1250/1832/356 1181/1833/356
f 1181/1833/356 1250/1832/356 1251/1834/356 1182/1835/356
f 1182/1835/357 1251/1834/357 1252/1825/357 1183/1824/357
f 1193/1831/356 1192/1836/356 1253/1837/356 1250/1832/356
f 1250/1832/356 1253/1837/356 1254/1838/356 1251/1834/356
f 1251/1834/358 1254/1838/358 1255/1828/358 1252/1825/358
f 1192/1836/356 1191/1839/356 1256/1840/356 1253/1837/356
f 1253/1837/356 1256/1840/356 1257/1841/356 1254/1838/356
f 1254/1838/359 1257/1841/359 1258/1742/359 1255/1828/359
f 1191/1839/356 1134/1842/356 1202/1843/356 1256/1840/356
f 1256/1840/356 1202/1843/356 1201/1844/356 1257/1841/356
f 1257/1841/360 1201/1844/360 1200/1743/360 1258/1742/360
f 1200/1743/287 1262/1845/287 1370/1846/287 1369/1744/287
f 1262/1845/287 1265/1847/287 1140/1848/287 1370/1846/287
f 1265/1847/342 1268/1738/342 903/1741/342 1140/1848/342
f 1134/1842/1 1199/1849/1 1260/1850/1 1202/1843/1
f 1202/1843/1 1260/1850/1 1261/1851/1 1201/1844/1
f 1201/1844/361 1261/1851/361 1262/1845/361 1200/1743/361
f 1199/1849/1 1198/1852/1 1263/1853/1 1260/1850/1
f 1260/1850/1 1263/1853/1 1264/1854/1 1261/1851/1
f 1261/1851/362 1264/1854/362 1265/1847/362 1262/1845/362
f 1198/1852/1 1197/1737/1 1266/1855/1 1263/1853/1
f 1263/1853/1 1266/1855/1 1267/1856/1 1264/1854/1
f 1264/1854/363 1267/1856/363 1268/1738/363 1265/1847/363
f 1197/1737/1 1135/1736/1 1203/1812/1 1266/1855/1
f 1266/1855/1 1203/1812/1 1204/1814/1 1267/1856/1
f 1267/1856/364 1204/1814/364 1205/1739/364 1268/1738/364
f 1191/1857/269 1271/1858/269 1199/1849/269 1134/1842/269
f 1271/1858/269 1274/1859/269 1198/1852/269 1199/1849/269
f 1274/1859/269 1277/1734/269 1197/1737/269 1198/1852/269
f 1131/1860/269 1190/1861/269 1269/1862/269 1193/1863/269
f 1193/1863/269 1269/1862/269 1270/1864/269 1192/1865/269
f 1192/1865/269 1270/1864/269 1271/1858/269 1191/1857/269
f 1190/1861/269 1189/1866/269 1272/1867/269 1269/1862/269
f 1269/1862/269 1272/1867/269 1273/1868/269 1270/1864/269
f 1270/1864/269 1273/1868/269 1274/1859/269 1271/1858/269
f 1189/1866/269 1188/1733/269 1275/1869/269 1272/1867/269
f 1272/1867/269 1275/1869/269 1276/1870/269 1273/1868/269
f 1273/1868/269 1276/1870/269 1277/1734/269 1274/1859/269
f 1188/1733/269 1132/1732/269 1194/1871/269 1275/1869/269
f 1275/1869/269 1194/1871/269 1195/1872/269 1276/1870/269
f 1276/1870/269 1195/1872/269 1196/1735/269 1277/1734/269
f 1181/1873/3 1280/1874/3 1190/1861/3 1131/1860/3
f 1280/1874/3 1283/1875/3 1189/1866/3 1190/1861/3
f 1283/1875/3 1286/1730/3 1188/1733/3 1189/1866/3
f 1183/1876/365 1278/1877/365 1279/1878/365 1182/1879/365
f 1182/1879/3 1279/1878/3 1280/1874/3 1181/1873/3
f 1278/1877/366 1281/1880/366 1282/1881/366 1279/1878/366
f 1279/1878/3 1282/1881/3 1283/1875/3 1280/1874/3
f 1281/1880/367 1284/1882/367 1285/1883/367 1282/1881/367
f 1282/1881/3 1285/1883/3 1286/1730/3 1283/1875/3
f 1284/1882/368 1185/1884/368 1186/1885/368 1285/1883/368
f 1285/1883/3 1186/1885/3 1187/1731/3 1286/1730/3
f 1171/1714/331 1289/1886/331 1178/1887/331 1130/1715/331
f 1289/1886/331 1292/1888/331 1179/1889/331 1178/1887/331
f 1292/1888/331 1295/1726/331 1180/1729/331 1179/1889/331
f 1169/1890/268 1287/1891/268 1288/1892/268 1170/1893/268
f 1170/1893/369 1288/1892/369 1289/1886/369 1171/1714/369
f 1287/1891/268 1290/1894/268 1291/1895/268 1288/1892/268
f 1288/1892/370 1291/1895/370 1292/1888/370 1289/1886/370
f 1290/1894/268 1293/1896/268 1294/1897/268 1291/1895/268
f 1291/1895/371 1294/1897/371 1295/1726/371 1292/1888/371
f 1293/1896/268 1157/1898/268 1156/1899/268 1294/1897/268
f 1294/1897/372 1156/1899/372 1155/1727/372 1295/1726/372
f 1151/1900/330 1298/1901/330 1175/1902/330 1128/1903/330
f 1298/1901/330 1301/1904/330 1176/1905/330 1175/1902/330
f 1301/1904/330 1304/1721/330 1177/1725/330 1176/1905/330
f 1149/1906/356 1296/1907/356 1297/1908/356 1150/1909/356
f 1150/1909/373 1297/1908/373 1298/1901/373 1151/1900/373
f 1296/1907/356 1299/1910/356 1300/1911/356 1297/1908/356
f 1297/1908/374 1300/1911/374 1301/1904/374 1298/1901/374
f 1299/1910/356 1302/1912/356 1303/1913/356 1300/1911/356
f 1300/1911/375 1303/1913/375 1304/1721/375 1301/1904/375
f 1302/1912/356 1168/1914/356 1167/1915/356 1303/1913/356
f 1303/1913/376 1167/1915/376 1166/1722/376 1304/1721/376
f 1175/1916/329 1307/1917/329 1152/1918/329 1128/1919/329
f 1307/1917/329 1310/1920/329 1153/1921/329 1152/1918/329
f 1310/1920/329 1313/1717/329 1154/1720/329 1153/1921/329
f 1177/1922/329 1305/1923/329 1306/1924/329 1176/1925/329
f 1176/1925/329 1306/1924/329 1307/1917/329 1175/1916/329
f 1174/1926/329 1173/1927/329 1308/1928/329 1305/1923/329
f 1305/1923/329 1308/1928/329 1309/1929/329 1306/1924/329
f 1306/1924/329 1309/1929/329 1310/1920/329 1307/1917/329
f 1173/1927/329 1172/1716/329 1311/1930/329 1308/1928/329
f 1308/1928/329 1311/1930/329 1312/1931/329 1309/1929/329
f 1309/1929/329 1312/1931/329 1313/1717/329 1310/1920/329
f 1172/1716/329 1130/1715/329 1178/1932/329 1311/1930/329
f 1311/1930/329 1178/1932/329 1179/1933/329 1312/1931/329
f 1312/1931/329 1179/1933/329 1180/1718/329 1313/1717/329
f 1166/1722/328 1316/1934/328 1174/1926/328 1408/1935/328 1411/1723/328
f 1316/1934/328 1319/1936/328 1173/1927/328 1174/1926/328
f 1319/1936/377 1322/1713/377 1172/1716/377 1173/1927/377
f 1168/1914/1 1314/1937/1 1315/1938/1 1167/1915/1
f 1167/1915/378 1315/1938/378 1316/1934/378 1166/1722/378
f 1314/1937/1 1317/1939/1 1318/1940/1 1315/1938/1
f 1315/1938/379 1318/1940/379 1319/1936/379 1316/1934/379
f 1317/1939/1 1320/1941/1 1321/1942/1 1318/1940/1
f 1318/1940/380 1321/1942/380 1322/1713/380 1319/1936/380
f 1395/1943/381 1387/1944/381 978/1495/381 1007/1494/381
f 1320/1941/1 1169/1890/1 1170/1893/1 1321/1942/1
f 1321/1942/382 1170/1893/382 1171/1714/382 1322/1713/382
f 1385/1945/381 1393/1946/381 1005/1493/381 1003/1492/381
f 1357/1947/383 1143/1948/383 1278/1877/383 1183/1876/383
f 919/1949/383 1119/1950/383 1209/1803/383 1239/1800/383
f 1149/1951/3 1329/1952/3 1391/1953/3 1400/1954/3
f 1329/1952/3 1332/1955/3 1416/1956/3 1391/1953/3
f 1332/1955/3 1335/1709/3 1392/1712/3 1416/1956/3
f 1128/1957/384 1152/1958/384 1327/1959/384 1151/1960/384
f 1151/1960/385 1327/1959/385 1328/1961/385 1150/1962/385
f 1150/1962/3 1328/1961/3 1329/1952/3 1149/1951/3
f 1152/1958/384 1153/1963/384 1330/1964/384 1327/1959/384
f 1327/1959/386 1330/1964/386 1331/1965/386 1328/1961/386
f 1328/1961/3 1331/1965/3 1332/1955/3 1329/1952/3
f 1153/1963/384 1154/1966/384 1333/1967/384 1330/1964/384
f 1330/1964/387 1333/1967/387 1334/1968/387 1331/1965/387
f 1331/1965/3 1334/1968/3 1335/1709/3 1332/1955/3
f 1154/1966/384 1129/1969/384 1155/1970/384 1333/1967/384
f 1333/1967/388 1155/1970/388 1156/1971/388 1334/1968/388
f 1334/1968/3 1156/1971/3 1157/1710/3 1335/1709/3
f 1147/1972/268 1336/1973/268 1337/1974/268 1148/1975/268
f 1148/1975/268 1337/1974/268 1524/1976/268 1480/1977/268 1479/1978/268
f 1336/1973/268 1338/1979/268 1339/1980/268 1337/1974/268
f 1337/1974/268 1339/1980/268 1525/1981/268 1524/1976/268
f 1338/1979/268 1340/1982/268 1341/1983/268 1339/1980/268
f 1339/1980/268 1341/1983/268 1523/1984/268 1525/1981/268
f 1355/1985/383 1356/1986/383 1185/1884/383 1284/1882/383
f 1340/1982/268 1139/1987/268 1138/1988/268 1341/1983/268
f 1341/1983/268 1138/1988/268 1521/1989/268 1523/1984/268
f 1136/1990/356 1342/1991/356 1343/1992/356 1137/1993/356
f 1137/1993/356 1343/1992/356 1517/1994/356 1518/1995/356
f 1342/1991/356 1344/1996/356 1345/1997/356 1343/1992/356
f 1343/1992/356 1345/1997/356 1483/1998/356 1482/1999/356 1517/1994/356
f 1344/1996/356 1346/2000/356 1347/2001/356 1345/1997/356
f 1345/1997/356 1347/2001/356 1485/2002/356 1483/1998/356
f 1346/2000/356 1146/2003/356 1145/2004/356 1347/2001/356
f 1347/2001/356 1145/2004/356 1486/2005/356 1485/2002/356
f 1497/2006/270 1496/2007/270 1504/2008/270 987/1452/270 985/1447/270
f 1499/2009/270 1497/2006/270 985/1447/270 982/1446/270
f 1503/2010/270 1502/2011/270 1507/2012/270 1506/2013/270
f 1146/2003/1 1348/2014/1 1349/2015/1 1145/2004/1
f 1145/2004/1 1349/2015/1 1477/2016/1 1484/2017/1 1486/2005/1
f 1411/2018/389 1408/2019/389 1414/2020/389
f 1348/2014/1 1351/2021/1 1352/2022/1 1349/2015/1
f 1349/2015/1 1352/2022/1 1476/2023/1 1477/2016/1
f 1351/2021/1 1353/2024/1 1354/2025/1 1352/2022/1
f 1352/2022/1 1354/2025/1 1350/2026/1 1476/2023/1
f 1117/2027/125 1399/2028/125 1397/2029/125 917/2030/125 922/2031/125 921/2032/125 904/2033/125 1375/2034/125 1378/2035/125 1381/2036/125 1387/2037/125 1395/2038/125 1393/2039/125 1385/2040/125 1402/2041/125 1404/2042/125
f 1353/2024/1 1147/1972/1 1148/1975/1 1354/2025/1
f 1354/2025/1 1148/1975/1 1479/1978/1 1350/2026/1
f 919/2043/125 918/2044/125 1118/2045/125 1120/2046/125 1164/2047/125 1160/2048/125 1324/2049/125 1325/2050/125 1162/2051/125 1326/2052/125 1163/2053/125 1127/2054/125 1144/2055/125 1323/2056/125 1161/2057/125 1165/2058/125 1119/2059/125
f 1141/2060/125 1143/2061/125 1357/2062/125 1359/2063/125 1361/2064/125 1368/2065/125 1369/2066/125 1370/2067/125 1140/2068/125 903/2069/125 1158/2070/125 1371/2071/125 1360/2072/125 1142/2073/125 1358/2074/125 1356/2075/125 1355/2076/125
f 1141/2077/381 1355/1985/381 1284/1882/381 1281/1880/381
f 1402/2078/383 1385/1945/383 1003/1492/383 976/1491/383
f 1143/1948/381 1141/2077/381 1281/1880/381 1278/1877/381
f 1136/2079/3 1363/2080/3 1384/2081/3 1386/2082/3
f 1363/2080/3 1365/2083/3 1382/2084/3 1384/2081/3
f 1365/2083/3 1367/1705/3 1380/1708/3 1382/2084/3
f 1491/2085/269 1487/2086/269 981/1473/269 995/1470/269
f 1137/2087/3 1362/2088/3 1363/2080/3 1136/2079/3
f 1505/2089/270 1503/2010/270 1506/2013/270 1504/2008/270
f 1362/2088/3 1364/2090/3 1365/2083/3 1363/2080/3
f 1364/2090/3 1366/2091/3 1367/1705/3 1365/2083/3
f 1488/2092/269 1489/2093/269 1513/2094/269 1514/2095/269
f 1366/2091/3 1138/2096/3 1139/1706/3 1367/1705/3
f 1118/2097/381 918/2098/381 1237/1797/381 1235/1792/381
f 918/2098/381 919/1949/381 1239/1800/381 1237/1797/381
f 1120/2099/381 1118/2097/381 1235/1792/381 1208/1791/381
f 1414/2100/329 1408/1935/329 1174/1926/329 1305/1923/329 1177/1922/329
f 1377/2101/356 1396/2102/356 1146/2003/356 1346/2000/356
f 1421/2103/270 1420/2104/270 1099/1655/270 925/1654/270
f 1393/1946/383 1395/1943/383 1007/1494/383 1005/1493/383
f 1417/2105/126 1400/2106/126 1391/2107/126 1416/2108/126 1392/2109/126 1412/2110/126 1418/2111/126 1410/2112/126 1409/2113/126 1407/2114/126 1405/2115/126 1413/2116/126 1415/2117/126 1406/2118/126 1401/2119/126 1403/2120/126
f 1433/2121/126 1429/2122/126 1428/2123/126 1426/2124/126 1425/2125/126 1424/2126/126 1422/2127/126 1420/2128/126 1421/2129/126 1419/2130/126 1427/2131/126 1430/2132/126 1434/2133/126 1435/2134/126 1431/2135/126 1432/2136/126
f 1374/2137/126 1376/2138/126 1383/2139/126 1398/2140/126 1394/2141/126 1396/2142/126 1377/2143/126 1373/2144/126 1372/2145/126 1386/2146/126 1384/2147/126 1382/2148/126 1380/2149/126 1389/2150/126 1388/2151/126 1379/2152/126
f 1415/2153/1 1413/2154/1 1317/1939/1 1314/1937/1
f 1403/2155/356 1401/2156/356 1302/1912/356 1299/1910/356
f 1427/2157/1 1419/2158/1 1115/1690/1 1113/1687/1
f 1434/2159/1 1430/2160/1 1111/1684/1 924/1681/1
f 1420/2104/270 1422/2161/270 1101/1660/270 1099/1655/270
f 1419/2158/1 1421/2103/1 925/1654/1 1115/1690/1
f 1372/2162/356 1373/2163/356 1344/1996/356 1342/1991/356
f 1396/2102/1 1394/2164/1 1348/2014/1 1146/2003/1
f 1418/2165/268 1412/2166/268 1157/1898/268 1293/1896/268
f 1379/2167/268 1388/2168/268 1340/1982/268 1338/1979/268
f 1417/2169/356 1403/2155/356 1299/1910/356 1296/1907/356
f 1400/2170/356 1417/2169/356 1296/1907/356 1149/1906/356
f 1394/2164/1 1398/2171/1 1351/2021/1 1348/2014/1
f 1407/2172/268 1409/2173/268 1287/1891/268 1169/1890/268
f 1430/2160/1 1427/2157/1 1113/1687/1 1111/1684/1
f 1376/2174/268 1374/2175/268 1336/1973/268 1147/1972/268
f 1374/2175/268 1379/2167/268 1338/1979/268 1336/1973/268
f 1424/2176/270 1425/2177/270 916/1666/270 1103/1663/270
f 1373/2163/356 1377/2101/356 1346/2000/356 1344/1996/356
f 1409/2173/268 1410/2178/268 1290/1894/268 1287/1891/268
f 1383/2179/1 1376/2174/1 1147/1972/1 1353/2024/1
f 1422/2161/270 1424/2176/270 1103/1663/270 1101/1660/270
f 1435/2180/269 1434/2159/269 924/1681/269 1109/1678/269
f 1401/2156/356 1406/2181/356 1168/1914/356 1302/1912/356
f 1398/2171/1 1383/2179/1 1353/2024/1 1351/2021/1
f 1431/2182/269 1435/2180/269 1109/1678/269 1107/1675/269
f 1410/2178/268 1418/2165/268 1293/1896/268 1290/1894/268
f 1413/2154/1 1405/2183/1 1320/1941/1 1317/1939/1
f 1386/2184/356 1372/2162/356 1342/1991/356 1136/1990/356
f 1432/2185/269 1431/2182/269 1107/1675/269 1105/1670/269
f 1433/2186/269 1432/2185/269 1105/1670/269 913/1669/269
f 1388/2168/268 1389/2187/268 1139/1987/268 1340/1982/268
f 1405/2183/1 1407/2172/1 1169/1890/1 1320/1941/1
f 1406/2181/1 1415/2153/1 1314/1937/1 1168/1914/1
f 1466/2188/390 1465/2189/390 1184/2190/390 1159/2191/390 1133/2192/390 984/2193/390 920/2194/390 977/2195/390 1464/2196/390
f 1464/2197/3 977/2198/3 915/1704/3 1125/1703/3
f 1439/2199/3 1440/2200/3 1090/1645/3 929/1644/3
f 1390/2201/356 1423/2202/356 1224/1780/356 1222/1779/356
f 1461/2203/268 1459/2204/268 1216/1768/268 1213/1767/268
f 1454/2205/268 1455/2206/268 1210/1771/268 1220/1770/268
f 1460/2207/391 1461/2203/391 1213/1767/391 1233/1790/391
f 1452/2208/392 1448/2209/392 1451/2210/392 1449/2211/392 1447/2212/392 1450/2213/392 1453/2214/392
f 1228/2215/356 1458/2216/356 1212/1782/356 1226/1781/356
f 1259/2217/356 1390/2201/356 1222/1779/356 1207/1778/356
f 1465/2189/393 1466/2188/393 1470/2218/393 1471/2219/393 1472/2220/393 1473/2221/393 1475/2222/393 1474/2223/393 1469/2224/393 1468/2225/393 1467/2226/393
f 1259/2227/394 1215/2228/394 1206/2229/394 1457/2230/394 1455/2231/394 1454/2232/394 1456/2233/394 1459/2234/394 1461/2235/394 1460/2236/394 1462/2237/394 1463/2238/394 1458/2239/394 1228/2240/394 1423/2241/394 1390/2242/394
f 1463/2243/391 1462/2244/391 1231/1789/391 1229/1788/391
f 1458/2216/391 1463/2243/391 1229/1788/391 1212/1782/391
f 1448/2209/395 1452/2208/395 1446/2245/395 1444/2246/395 1440/2247/395 1439/2248/395 1436/2249/395 1437/2250/395 1438/2251/395 1442/2252/395 1441/2253/395 1443/2254/395 1445/2255/395
f 1423/2202/356 1228/2215/356 1226/1781/356 1224/1780/356
f 1472/2256/3 1471/2257/3 1121/1701/3 914/1700/3
f 1462/2244/391 1460/2207/391 1233/1790/391 1231/1789/391
f 1471/2257/3 1470/2258/3 1123/1702/3 1121/1701/3
f 1456/2259/268 1454/2205/268 1220/1770/268 1218/1769/268
f 1444/2260/3 1446/2261/3 1096/1650/3 1093/1648/3
f 1470/2258/3 1466/2262/3 1464/2197/3 1125/1703/3 1123/1702/3
f 1440/2200/3 1444/2260/3 1093/1648/3 1090/1645/3
f 1459/2204/268 1456/2259/268 1218/1769/268 1216/1768/268
f 1446/2261/3 1452/2263/3 1453/2264/3 930/1652/3 1096/1650/3
f 1489/2093/269 1490/2265/269 1513/2094/269
f 1482/2266/396 1481/2267/396 1478/2268/396 1519/2269/396 1520/2270/396 1518/2271/396 1517/2272/396
f 1510/2273/270 1511/2274/270 1491/2085/270 995/1470/270 993/1467/270
f 1487/2086/315 1493/2275/315 997/1476/315 981/1473/315
f 1481/2276/397 1484/2277/397 1477/2278/397 1476/2279/397 1350/2280/397 1479/2281/397 1480/2282/397 1478/2283/397
f 1496/2007/398 1505/2089/398 1504/2008/398
f 1498/2284/315 1499/2009/315 982/1446/315 1001/1482/315
f 1493/2275/315 1492/2285/315 999/1479/315 997/1476/315
f 1492/2285/315 1498/2284/315 1001/1482/315 999/1479/315
f 1484/2277/399 1481/2276/399 1482/2286/399 1483/2287/399 1485/2288/399 1486/2289/399
f 1538/2290/1 1535/2291/1 1534/2292/1 1039/1548/1 1036/1546/1
f 1513/2094/269 1490/2265/269 1508/2293/269 1510/2273/269 993/1467/269 991/1462/269
f 1527/2294/270 1529/2295/270 1009/1501/270 963/1500/270
f 1526/2296/3 1521/2297/3 1138/2096/3 1366/2091/3
f 1504/2008/270 1506/2013/270 989/1455/270 987/1452/270
f 1522/2298/3 1526/2296/3 1366/2091/3 1364/2090/3
f 1528/2299/1 1527/2294/1 963/1500/1 1042/1550/1
f 1543/2300/269 1539/2301/269 962/1524/269 1024/1522/269
f 1520/2302/3 1519/2303/3 1522/2298/3 1364/2090/3 1362/2088/3
f 1529/2295/270 1530/2304/270 1012/1504/270 1009/1501/270
f 1535/2305/400 1537/2306/400 1536/2307/400 1533/2308/400 1532/2309/400 1531/2310/400 1530/2311/400 1529/2312/400 1527/2313/400 1528/2314/400 1534/2315/400
f 1519/2269/401 1478/2268/401 1480/2316/401 1524/2317/401 1525/2318/401 1523/2319/401 1521/2320/401 1526/2321/401 1522/2322/401
f 1544/2323/269 1543/2300/269 1024/1522/269 1021/1520/269
f 1534/2292/1 1528/2299/1 1042/1550/1 1039/1548/1
f 1518/2324/3 1520/2302/3 1362/2088/3 1137/2087/3
f 1530/2304/270 1531/2325/270 1015/1506/270 1012/1504/270
f 1515/1490/275 1509/1445/275 1501/2326/275 1494/2327/275
f 1509/1445/275 1507/1444/275 1502/2328/275 1501/2326/275
f 1514/1488/275 1516/1487/275 1495/2329/275 1488/2330/275
f 1537/2306/402 1535/2305/402 1538/2331/402 1539/2332/402 1543/2333/402 1544/2334/402 1542/2335/402 1541/2336/402 1540/2337/402
f 1542/2338/269 1544/2323/269 1021/1520/269 1018/1517/269
f 1539/2301/1 1538/2290/1 1036/1546/1 962/1524/1
f 1514/2095/269 1513/2094/269 991/1462/269 975/1461/269
f 1516/1487/275 1515/1490/275 1494/2327/275 1495/2329/275
f 1506/2013/270 1507/2012/270 979/1458/270 989/1455/270
f 1541/2339/269 1542/2338/269 1018/1517/269 951/1516/269
f 1531/2325/270 1532/2340/270 959/1508/270 1015/1506/270
f 1768/2341/152 1558/2342/152 2067/2343/152 2068/2344/152
f 1740/2345/152 1574/2346/152 1548/2347/152 1575/2348/152
f 1731/2349/403 1583/2350/403 1550/2351/403 1584/2352/403
f 1722/2353/151 1592/2354/151 2093/2355/151 2090/2356/151 2087/2357/151
f 1713/2358/404 1587/2359/404 2084/2360/404 2080/2361/404
f 1704/2362/405 1572/2363/405 2095/2364/405 2092/2365/405
f 1695/2366/152 1601/2367/152 2174/2368/152 2175/2369/152
f 1686/2370/406 1607/2371/406 1554/2372/406 1608/2373/406
f 1677/2374/407 1616/2375/407 1552/2376/407 1598/2377/407
f 1668/2378/408 1602/2379/408 1553/2380/408 1613/2381/408
f 1659/2382/409 1599/2383/409 1552/2384/409 1616/2385/409
f 1650/2386/410 1621/2387/410 2149/2388/410 2151/2389/410
f 1624/2390/411 1627/2391/411 1628/2392/411 1625/2393/411
f 1625/2393/412 1628/2392/412 2017/2394/412 1546/2395/412
f 1627/2391/413 1629/2396/413 1630/2397/413 1628/2392/413
f 1628/2392/414 1630/2397/414 2020/2398/414 2017/2394/414
f 1629/2396/415 1631/2399/415 1632/2400/415 1630/2397/415
f 1630/2397/414 1632/2400/414 2023/2401/414 2020/2398/414
f 1631/2399/416 1621/2402/416 1620/2403/416 1632/2400/416
f 1632/2400/412 1620/2403/412 2029/2404/412 2023/2401/412
f 1617/2405/417 1633/2406/417 1634/2407/417 1618/2408/417
f 1618/2408/418 1634/2407/418 2046/2409/418 2044/2410/418
f 1633/2406/419 1635/2411/419 1636/2412/419 1634/2407/419
f 1634/2407/418 1636/2412/418 1759/2413/418 2046/2409/418
f 1635/2411/420 1637/2414/420 1638/2415/420 1636/2412/420
f 1636/2412/412 1638/2415/412 2041/2416/412 1759/2413/412
f 1637/2414/421 1623/2417/421 1622/2418/421 1638/2415/421
f 1638/2415/418 1622/2418/418 2039/2419/418 2041/2416/418
f 1623/2417/422 1639/2420/422 1640/2421/422 1622/2418/422
f 1622/2418/423 1640/2421/423 1559/2422/423 2039/2419/423
f 1639/2420/424 1641/2423/424 1642/2424/424 1640/2421/424
f 1640/2421/423 1642/2424/423 1564/2425/423 1559/2422/423
f 1641/2423/425 1643/2426/425 1644/2427/425 1642/2424/425
f 1642/2424/426 1644/2427/426 1563/2428/426 1564/2425/426
f 1643/2426/427 1624/2390/427 1625/2393/427 1644/2427/427
f 1644/2427/423 1625/2393/423 1546/2395/423 1563/2428/423
f 1617/2429/410 1646/2430/410 2158/2431/410 2156/2432/410
f 1646/2430/410 1648/2433/410 2157/2434/410 2158/2431/410
f 1648/2433/410 1650/2386/410 2151/2389/410 2157/2434/410
f 1618/2435/428 1645/2436/428 1646/2430/428 1617/2429/428
f 1645/2436/429 1647/2437/429 1648/2433/429 1646/2430/429
f 1647/2437/430 1649/2438/430 1650/2386/430 1648/2433/430
f 1649/2438/431 1620/2439/431 1621/2387/431 1650/2386/431
f 1607/2371/432 1653/2440/432 1614/2441/432 1554/2372/432
f 1653/2440/433 1656/2442/433 1615/2443/433 1614/2441/433
f 1656/2442/409 1659/2382/409 1616/2385/409 1615/2443/409
f 1605/2444/405 1651/2445/405 1652/2446/405 1606/2447/405
f 1606/2447/434 1652/2446/434 1653/2440/434 1607/2371/434
f 1651/2445/405 1654/2448/405 1655/2449/405 1652/2446/405
f 1652/2446/435 1655/2449/435 1656/2442/435 1653/2440/435
f 1654/2448/405 1657/2450/405 1658/2451/405 1655/2449/405
f 1655/2449/436 1658/2451/436 1659/2382/436 1656/2442/436
f 1657/2450/405 1601/2452/405 1600/2453/405 1658/2451/405
f 1658/2451/437 1600/2453/437 1599/2383/437 1659/2382/437
f 1595/2454/408 1662/2455/408 1611/2456/408 1551/2457/408
f 1662/2455/408 1665/2458/408 1612/2459/408 1611/2456/408
f 1665/2458/409 1668/2378/409 1613/2381/409 1612/2459/409
f 1593/2460/404 1660/2461/404 1661/2462/404 1594/2463/404
f 1594/2463/438 1661/2462/438 1662/2455/438 1595/2454/438
f 1660/2461/404 1663/2464/404 1664/2465/404 1661/2462/404
f 1661/2462/439 1664/2465/439 1665/2458/439 1662/2455/439
f 1663/2464/405 1666/2466/405 1667/2467/405 1664/2465/405
f 1664/2465/440 1667/2467/440 1668/2378/440 1665/2458/440
f 1666/2466/404 1604/2468/404 1603/2469/404 1667/2467/404
f 1667/2467/441 1603/2469/441 1602/2379/441 1668/2378/441
f 1611/2470/407 1671/2471/407 1596/2472/407 1551/2473/407
f 1671/2471/442 1674/2474/442 1597/2475/442 1596/2472/442
f 1674/2474/443 1677/2374/443 1598/2377/443 1597/2475/443
f 1553/2380/407 1610/2476/407 1669/2477/407 1613/2478/407
f 1613/2478/442 1669/2477/442 1670/2479/442 1612/2480/442
f 1612/2480/442 1670/2479/442 1671/2471/442 1611/2470/442
f 1610/2476/443 1609/2481/443 1672/2482/443 1669/2477/443
f 1669/2477/407 1672/2482/407 1673/2483/407 1670/2479/407
f 1670/2479/443 1673/2483/443 1674/2474/443 1671/2471/443
f 1609/2481/444 1608/2373/444 1675/2484/444 1672/2482/444
f 1672/2482/445 1675/2484/445 1676/2485/445 1673/2483/445
f 1673/2483/407 1676/2485/407 1677/2374/407 1674/2474/407
f 1608/2373/446 1554/2372/446 1614/2486/446 1675/2484/446
f 1675/2484/447 1614/2486/447 1615/2487/447 1676/2485/447
f 1676/2485/442 1615/2487/442 1616/2375/442 1677/2374/442
f 1602/2379/448 1680/2488/448 1610/2476/448 1553/2380/448
f 1680/2488/449 1683/2489/449 1609/2481/449 1610/2476/449
f 1683/2489/450 1686/2370/450 1608/2373/450 1609/2481/450
f 1604/2468/451 1678/2490/451 1679/2491/451 1603/2469/451
f 1603/2469/452 1679/2491/452 1680/2488/452 1602/2379/452
f 1678/2490/451 1681/2492/451 1682/2493/451 1679/2491/451
f 1679/2491/453 1682/2493/453 1683/2489/453 1680/2488/453
f 1681/2492/451 1684/2494/451 1685/2495/451 1682/2493/451
f 1682/2493/454 1685/2495/454 1686/2370/454 1683/2489/454
f 1684/2494/451 1605/2444/451 1606/2447/451 1685/2495/451
f 1685/2495/455 1606/2447/455 1607/2371/455 1686/2370/455
f 1593/2496/152 1689/2497/152 2182/2498/152 2183/2499/152
f 1689/2497/152 1692/2500/152 2178/2501/152 2179/2502/152 2182/2498/152
f 1692/2500/152 1695/2366/152 2175/2369/152 2178/2501/152
f 1551/2503/456 1596/2504/456 1687/2505/456 1595/2506/456
f 1595/2506/457 1687/2505/457 1688/2507/457 1594/2508/457
f 1594/2508/410 1688/2507/410 1689/2497/410 1593/2496/410
f 1596/2504/456 1597/2509/456 1690/2510/456 1687/2505/456
f 1687/2505/458 1690/2510/458 1691/2511/458 1688/2507/458
f 1688/2507/410 1691/2511/410 1692/2500/410 1689/2497/410
f 1597/2509/456 1598/2512/456 1693/2513/456 1690/2510/456
f 1690/2510/459 1693/2513/459 1694/2514/459 1691/2511/459
f 1691/2511/410 1694/2514/410 1695/2366/410 1692/2500/410
f 1598/2512/456 1552/2515/456 1599/2516/456 1693/2513/456
f 1693/2513/460 1599/2516/460 1600/2517/460 1694/2514/460
f 1694/2514/410 1600/2517/410 1601/2367/410 1695/2366/410
f 1592/2354/405 1698/2518/405 2091/2519/405 2093/2355/405
f 1698/2518/405 1701/2520/405 2089/2521/405 2091/2519/405
f 1701/2520/405 1704/2362/405 2092/2365/405 2089/2521/405
f 1550/2351/405 1583/2522/405 1696/2523/405 1590/2524/405
f 1590/2524/405 1696/2523/405 1697/2525/405 1591/2526/405
f 1591/2526/405 1697/2525/405 1698/2518/405 1592/2354/405
f 1583/2522/405 1582/2527/405 1699/2528/405 1696/2523/405
f 1696/2523/405 1699/2528/405 1700/2529/405 1697/2525/405
f 1697/2525/405 1700/2529/405 1701/2520/405 1698/2518/405
f 1582/2527/405 1581/2530/405 1702/2531/405 1699/2528/405
f 1699/2528/405 1702/2531/405 1703/2532/405 1700/2529/405
f 1700/2529/405 1703/2532/405 1704/2362/405 1701/2520/405
f 1581/2530/405 1548/2533/405 1574/2534/405 1702/2531/405
f 1702/2531/405 1574/2534/405 1573/2535/405 1703/2532/405
f 1703/2532/405 1573/2535/405 1572/2363/405 1704/2362/405
f 1571/2536/404 1707/2537/404 2078/2538/404 2081/2539/404
f 1707/2537/404 1710/2540/404 2079/2541/404 2078/2538/404
f 1710/2540/404 1713/2358/404 2080/2361/404 2079/2541/404
f 1547/2542/404 1580/2543/404 1705/2544/404 1569/2545/404
f 1569/2545/404 1705/2544/404 1706/2546/404 1570/2547/404
f 1570/2547/404 1706/2546/404 1707/2537/404 1571/2536/404
f 1580/2543/404 1579/2548/404 1708/2549/404 1705/2544/404
f 1705/2544/404 1708/2549/404 1709/2550/404 1706/2546/404
f 1706/2546/404 1709/2550/404 1710/2540/404 1707/2537/404
f 1579/2548/404 1578/2551/404 1711/2552/404 1708/2549/404
f 1708/2549/404 1711/2552/404 1712/2553/404 1709/2550/404
f 1709/2550/404 1712/2553/404 1713/2358/404 1710/2540/404
f 1578/2551/404 1549/2554/404 1589/2555/404 1711/2552/404
f 1711/2552/404 1589/2555/404 1588/2556/404 1712/2553/404
f 1712/2553/404 1588/2556/404 1587/2359/404 1713/2358/404
f 1587/2359/151 1716/2557/151 2083/2558/151 2084/2360/151
f 1716/2557/151 1719/2559/151 2085/2560/151 2083/2558/151
f 1719/2559/151 1722/2353/151 2087/2357/151 2085/2560/151
f 1549/2554/151 1586/2561/151 1714/2562/151 1589/2555/151
f 1589/2555/151 1714/2562/151 1715/2563/151 1588/2556/151
f 1588/2556/461 1715/2563/461 1716/2557/461 1587/2359/461
f 1586/2561/151 1585/2564/151 1717/2565/151 1714/2562/151
f 1714/2562/151 1717/2565/151 1718/2566/151 1715/2563/151
f 1715/2563/462 1718/2566/462 1719/2559/462 1716/2557/462
f 1585/2564/151 1584/2352/151 1720/2567/151 1717/2565/151
f 1717/2565/151 1720/2567/151 1721/2568/151 1718/2566/151
f 1718/2566/462 1721/2568/462 1722/2353/462 1719/2559/462
f 1584/2352/151 1550/2351/151 1590/2524/151 1720/2567/151
f 1720/2567/151 1590/2524/151 1591/2526/151 1721/2568/151
f 1721/2568/462 1591/2526/462 1592/2354/462 1722/2353/462
f 1578/2569/403 1725/2570/403 1586/2561/403 1549/2554/403
f 1725/2570/403 1728/2571/403 1585/2564/403 1586/2561/403
f 1728/2571/403 1731/2349/403 1584/2352/403 1585/2564/403
f 1547/2572/403 1577/2573/403 1723/2574/403 1580/2575/403
f 1580/2575/403 1723/2574/403 1724/2576/403 1579/2577/403
f 1579/2577/403 1724/2576/403 1725/2570/403 1578/2569/403
f 1577/2573/403 1576/2578/403 1726/2579/403 1723/2574/403
f 1723/2574/403 1726/2579/403 1727/2580/403 1724/2576/403
f 1724/2576/403 1727/2580/403 1728/2571/403 1725/2570/403
f 1576/2578/403 1575/2348/403 1729/2581/403 1726/2579/403
f 1726/2579/403 1729/2581/403 1730/2582/403 1727/2580/403
f 1727/2580/403 1730/2582/403 1731/2349/403 1728/2571/403
f 1575/2348/403 1548/2347/403 1581/2583/403 1729/2581/403
f 1729/2581/403 1581/2583/403 1582/2584/403 1730/2582/403
f 1730/2582/403 1582/2584/403 1583/2350/403 1731/2349/403
f 1569/2585/152 1734/2586/152 1577/2573/152 1547/2572/152
f 1734/2586/152 1737/2587/152 1576/2578/152 1577/2573/152
f 1737/2587/152 1740/2345/152 1575/2348/152 1576/2578/152
f 1571/2588/463 1732/2589/463 1733/2590/463 1570/2591/463
f 1570/2591/152 1733/2590/152 1734/2586/152 1569/2585/152
f 1732/2589/463 1735/2592/463 1736/2593/463 1733/2590/463
f 1733/2590/152 1736/2593/152 1737/2587/152 1734/2586/152
f 1735/2592/463 1738/2594/463 1739/2595/463 1736/2593/463
f 1736/2593/152 1739/2595/152 1740/2345/152 1737/2587/152
f 1738/2594/463 1572/2596/463 1573/2597/463 1739/2595/463
f 1739/2595/152 1573/2597/152 1574/2346/152 1740/2345/152
f 1567/2598/405 1741/2599/405 1742/2600/405 1568/2601/405
f 1568/2601/405 1742/2600/405 1775/2602/405 1801/2603/405
f 1741/2599/405 1743/2604/405 1744/2605/405 1742/2600/405
f 1742/2600/405 1744/2605/405 1626/2606/405 1775/2602/405
f 1743/2604/405 1745/2607/405 1746/2608/405 1744/2605/405
f 1744/2605/405 1746/2608/405 1562/2609/405 1626/2606/405
f 1745/2607/405 1558/2610/405 1557/2611/405 1746/2608/405
f 1746/2608/405 1557/2611/405 1619/2612/405 1562/2609/405
f 1555/2613/404 1747/2614/404 1748/2615/404 1556/2616/404
f 1556/2616/404 1748/2615/404 2115/2617/404 2114/2618/404
f 1747/2614/404 1749/2619/404 1750/2620/404 1748/2615/404
f 1748/2615/404 1750/2620/404 2117/2621/404 2115/2617/404
f 1749/2619/404 1751/2622/404 1752/2623/404 1750/2620/404
f 1750/2620/404 1752/2623/404 2116/2624/404 2117/2621/404
f 1751/2622/404 1566/2625/404 1565/2626/404 1752/2623/404
f 1752/2623/404 1565/2626/404 2111/2627/404 2116/2624/404
f 1566/2625/151 1753/2628/151 1754/2629/151 1565/2626/151
f 1565/2626/151 1754/2629/151 2110/2630/151 2111/2627/151
f 1753/2628/151 1755/2631/151 1756/2632/151 1754/2629/151
f 1754/2629/151 1756/2632/151 2109/2633/151 2110/2630/151
f 1755/2631/151 1757/2634/151 1758/2635/151 1756/2632/151
f 1756/2632/151 1758/2635/151 1826/2636/151 2107/2637/151 2109/2633/151
f 1757/2634/151 1567/2598/151 1568/2601/151 1758/2635/151
f 1758/2635/151 1568/2601/151 1801/2603/151 1826/2636/151
f 1555/2638/152 1764/2639/152 2071/2640/152 2075/2641/152
f 1764/2639/152 1766/2642/152 2070/2643/152 2071/2640/152
f 1766/2642/152 1768/2341/152 2068/2344/152 2070/2643/152
f 1556/2644/152 1763/2645/152 1764/2639/152 1555/2638/152
f 1763/2645/152 1765/2646/152 1766/2642/152 1764/2639/152
f 1765/2646/152 1767/2647/152 1768/2341/152 1766/2642/152
f 1767/2647/152 1557/2648/152 1558/2342/152 1768/2341/152
f 2009/2649/152 1781/2650/152 2031/2651/152 2022/2652/152
f 1977/2653/152 1799/2654/152 2054/2655/152 2034/2656/152
f 1964/2657/464 1813/2658/464 1772/2659/464 1814/2660/464
f 1955/2661/465 1822/2662/465 1771/2663/465 1796/2664/465
f 1946/2665/466 1808/2666/466 2053/2667/466 2056/2668/466 1819/2669/466
f 1937/2670/467 1797/2671/467 1771/2672/467 1822/2673/467
f 1928/2674/152 1829/2675/152 1774/2676/152 1830/2677/152
f 1919/2678/404 1838/2679/404 1777/2680/404 1839/2681/404
f 1910/2682/423 1847/2683/423 1800/2684/423 1545/2685/423
f 1900/2686/468 1842/2687/468 2011/2688/468 2010/2689/468
f 1891/2690/469 1827/2691/469 1998/2692/469 2000/2693/469 1784/2694/469
f 1876/2695/423 1856/2696/423 1786/2697/423 1769/2698/423
f 1869/2699/468 1853/2700/468 1967/2701/468 1966/2702/468
f 1863/2703/469 1851/2704/469 1761/2705/469 1807/2706/469
f 1856/2696/469 1859/2707/469 1965/2708/469 1786/2697/469
f 1859/2707/469 1861/2709/469 1803/2710/469 1965/2708/469
f 1861/2709/469 1863/2703/469 1807/2706/469 1803/2710/469
f 1855/2711/470 1858/2712/470 1859/2707/470 1856/2696/470
f 1858/2712/471 1860/2713/471 1861/2709/471 1859/2707/471
f 1860/2713/472 1862/2714/472 1863/2703/472 1861/2709/472
f 1862/2714/473 1852/2715/473 1851/2704/473 1863/2703/473
f 1850/2716/468 1865/2717/468 1806/2718/468 1762/2719/468
f 1865/2717/468 1867/2720/468 1802/2721/468 1806/2718/468
f 1867/2720/468 1869/2699/468 1966/2702/468 1802/2721/468
f 1849/2722/474 1864/2723/474 1865/2717/474 1850/2716/474
f 1864/2723/475 1866/2724/475 1867/2720/475 1865/2717/475
f 1866/2724/476 1868/2725/476 1869/2699/476 1867/2720/476
f 1868/2725/477 1854/2726/477 1853/2700/477 1869/2699/477
f 1853/2700/478 1872/2727/478 1968/2728/478 1804/2729/478 1967/2701/478
f 1872/2727/423 1874/2730/423 1805/2731/423 1968/2728/423
f 1874/2730/423 1876/2695/423 1769/2698/423 1805/2731/423
f 1854/2726/479 1871/2732/479 1872/2727/479 1853/2700/479
f 1871/2732/480 1873/2733/480 1874/2730/480 1872/2727/480
f 1873/2733/481 1875/2734/481 1876/2695/481 1874/2730/481
f 1875/2734/482 1855/2711/482 1856/2696/482 1876/2695/482
f 1850/2735/483 1877/2736/483 1878/2737/483 1849/2738/483
f 1849/2738/484 1878/2737/484 1857/2739/484 1901/2740/484
f 1877/2736/485 1879/2741/485 1880/2742/485 1878/2737/485
f 1878/2737/484 1880/2742/484 1848/2743/484 1857/2739/484
f 1879/2741/486 1881/2744/486 1882/2745/486 1880/2742/486
f 1880/2742/484 1882/2745/484 2099/2746/484 1848/2743/484
f 1881/2744/487 1851/2747/487 1852/2748/487 1882/2745/487
f 1882/2745/484 1852/2748/484 2097/2749/484 2099/2746/484
f 1847/2683/469 1885/2750/469 2013/2751/469 1800/2684/469
f 1885/2750/469 1888/2752/469 2002/2753/469 2013/2751/469
f 1888/2752/469 1891/2690/469 1784/2694/469 2002/2753/469
f 1777/2680/403 1838/2754/403 1883/2755/403 1845/2756/403
f 1845/2756/403 1883/2755/403 1884/2757/403 1846/2758/403
f 1846/2758/488 1884/2757/488 1885/2750/488 1847/2683/488
f 1838/2754/403 1837/2759/403 1886/2760/403 1883/2755/403
f 1883/2755/403 1886/2760/403 1887/2761/403 1884/2757/403
f 1884/2757/489 1887/2761/489 1888/2752/489 1885/2750/489
f 1837/2759/403 1836/2762/403 1889/2763/403 1886/2760/403
f 1886/2760/403 1889/2763/403 1890/2764/403 1887/2761/403
f 1887/2761/490 1890/2764/490 1891/2690/490 1888/2752/490
f 1836/2762/403 1774/2765/403 1829/2766/403 1889/2763/403
f 1889/2763/403 1829/2766/403 1828/2767/403 1890/2764/403
f 1890/2764/491 1828/2767/491 1827/2691/491 1891/2690/491
f 1825/2768/468 1894/2769/468 2001/2770/468 1999/2771/468
f 1894/2769/468 1897/2772/468 2003/2773/468 2001/2770/468
f 1897/2772/468 1900/2686/468 2010/2689/468 2003/2773/468
f 1773/2774/492 1835/2775/492 1892/2776/492 1823/2777/492
f 1823/2777/492 1892/2776/492 1893/2778/492 1824/2779/492
f 1824/2779/493 1893/2778/493 1894/2769/493 1825/2768/493
f 1835/2775/492 1834/2780/492 1895/2781/492 1892/2776/492
f 1892/2776/492 1895/2781/492 1896/2782/492 1893/2778/492
f 1893/2778/494 1896/2782/494 1897/2772/494 1894/2769/494
f 1834/2780/492 1833/2783/492 1898/2784/492 1895/2781/492
f 1895/2781/492 1898/2784/492 1899/2785/492 1896/2782/492
f 1896/2782/495 1899/2785/495 1900/2686/495 1897/2772/495
f 1833/2783/492 1776/2786/492 1844/2787/492 1898/2784/492
f 1898/2784/492 1844/2787/492 1843/2788/492 1899/2785/492
f 1899/2785/496 1843/2788/496 1842/2687/496 1900/2686/496
f 1842/2687/478 1904/2789/478 2012/2790/478 2011/2688/478
f 1904/2789/423 1907/2791/423 1782/2792/423 2012/2790/423
f 1907/2791/478 1910/2682/478 1545/2685/478 1782/2792/478
f 1776/2786/151 1841/2793/151 1902/2794/151 1844/2787/151
f 1844/2787/497 1902/2794/497 1903/2795/497 1843/2788/497
f 1843/2788/498 1903/2795/498 1904/2789/498 1842/2687/498
f 1841/2793/151 1840/2796/151 1905/2797/151 1902/2794/151
f 1902/2794/497 1905/2797/497 1906/2798/497 1903/2795/497
f 1903/2795/499 1906/2798/499 1907/2791/499 1904/2789/499
f 1840/2796/151 1839/2681/151 1908/2799/151 1905/2797/151
f 1905/2797/497 1908/2799/497 1909/2800/497 1906/2798/497
f 1906/2798/500 1909/2800/500 1910/2682/500 1907/2791/500
f 1839/2681/151 1777/2680/151 1845/2756/151 1908/2799/151
f 1908/2799/497 1845/2756/497 1846/2758/497 1909/2800/497
f 1909/2800/501 1846/2758/501 1847/2683/501 1910/2682/501
f 1833/2801/404 1913/2802/404 1841/2793/404 1776/2786/404
f 1913/2802/404 1916/2803/404 1840/2796/404 1841/2793/404
f 1916/2803/404 1919/2678/404 1839/2681/404 1840/2796/404
f 1773/2804/404 1832/2805/404 1911/2806/404 1835/2807/404
f 1835/2807/404 1911/2806/404 1912/2808/404 1834/2809/404
f 1834/2809/404 1912/2808/404 1913/2802/404 1833/2801/404
f 1832/2805/404 1831/2810/404 1914/2811/404 1911/2806/404
f 1911/2806/404 1914/2811/404 1915/2812/404 1912/2808/404
f 1912/2808/404 1915/2812/404 1916/2803/404 1913/2802/404
f 1831/2810/404 1830/2677/404 1917/2813/404 1914/2811/404
f 1914/2811/404 1917/2813/404 1918/2814/404 1915/2812/404
f 1915/2812/404 1918/2814/404 1919/2678/404 1916/2803/404
f 1830/2677/404 1774/2676/404 1836/2815/404 1917/2813/404
f 1917/2813/404 1836/2815/404 1837/2816/404 1918/2814/404
f 1918/2814/404 1837/2816/404 1838/2679/404 1919/2678/404
f 1823/2817/152 1922/2818/152 1832/2805/152 1773/2804/152
f 1922/2818/152 1925/2819/152 1831/2810/152 1832/2805/152
f 1925/2819/152 1928/2674/152 1830/2677/152 1831/2810/152
f 1825/2820/502 1920/2821/502 1921/2822/502 1824/2823/502
f 1824/2823/503 1921/2822/503 1922/2818/503 1823/2817/503
f 1920/2821/504 1923/2824/504 1924/2825/504 1921/2822/504
f 1921/2822/503 1924/2825/503 1925/2819/503 1922/2818/503
f 1923/2824/505 1926/2826/505 1927/2827/505 1924/2825/505
f 1924/2825/503 1927/2827/503 1928/2674/503 1925/2819/503
f 1926/2826/506 1827/2828/506 1828/2829/506 1927/2827/506
f 1927/2827/503 1828/2829/503 1829/2675/503 1928/2674/503
f 1813/2658/467 1931/2830/467 1820/2831/467 1772/2659/467
f 1931/2830/467 1934/2832/467 1821/2833/467 1820/2831/467
f 1934/2832/467 1937/2670/467 1822/2673/467 1821/2833/467
f 1811/2834/403 1929/2835/403 1930/2836/403 1812/2837/403
f 1812/2837/507 1930/2836/507 1931/2830/507 1813/2658/507
f 1929/2835/403 1932/2838/403 1933/2839/403 1930/2836/403
f 1930/2836/508 1933/2839/508 1934/2832/508 1931/2830/508
f 1932/2838/403 1935/2840/403 1936/2841/403 1933/2839/403
f 1933/2839/509 1936/2841/509 1937/2670/509 1934/2832/509
f 1935/2840/403 1799/2842/403 1798/2843/403 1936/2841/403
f 1936/2841/510 1798/2843/510 1797/2671/510 1937/2670/510
f 1793/2844/466 1940/2845/466 1817/2846/466 1770/2847/466
f 1940/2845/466 1943/2848/466 1818/2849/466 1817/2846/466
f 1943/2848/466 1946/2665/466 1819/2669/466 1818/2849/466
f 1791/2850/492 1938/2851/492 1939/2852/492 1792/2853/492
f 1792/2853/511 1939/2852/511 1940/2845/511 1793/2844/511
f 1938/2851/492 1941/2854/492 1942/2855/492 1939/2852/492
f 1939/2852/512 1942/2855/512 1943/2848/512 1940/2845/512
f 1941/2854/492 1944/2856/492 1945/2857/492 1942/2855/492
f 1942/2855/513 1945/2857/513 1946/2665/513 1943/2848/513
f 1944/2856/492 1810/2858/492 1809/2859/492 1945/2857/492
f 1945/2857/514 1809/2859/514 1808/2666/514 1946/2665/514
f 1817/2860/465 1949/2861/465 1794/2862/465 1770/2863/465
f 1949/2861/465 1952/2864/465 1795/2865/465 1794/2862/465
f 1952/2864/465 1955/2661/465 1796/2664/465 1795/2865/465
f 1819/2866/465 1947/2867/465 1948/2868/465 1818/2869/465
f 1818/2869/465 1948/2868/465 1949/2861/465 1817/2860/465
f 1816/2870/465 1815/2871/465 1950/2872/465 1947/2867/465
f 1947/2867/465 1950/2872/465 1951/2873/465 1948/2868/465
f 1948/2868/465 1951/2873/465 1952/2864/465 1949/2861/465
f 1815/2871/465 1814/2660/465 1953/2874/465 1950/2872/465
f 1950/2872/465 1953/2874/465 1954/2875/465 1951/2873/465
f 1951/2873/465 1954/2875/465 1955/2661/465 1952/2864/465
f 1814/2660/465 1772/2659/465 1820/2876/465 1953/2874/465
f 1953/2874/465 1820/2876/465 1821/2877/465 1954/2875/465
f 1954/2875/465 1821/2877/465 1822/2662/465 1955/2661/465
f 1808/2666/464 1958/2878/464 1816/2870/464 2050/2879/464 2053/2667/464
f 1958/2878/464 1961/2880/464 1815/2871/464 1816/2870/464
f 1961/2880/464 1964/2657/464 1814/2660/464 1815/2871/464
f 1810/2858/515 1956/2881/515 1957/2882/515 1809/2859/515
f 1809/2859/516 1957/2882/516 1958/2878/516 1808/2666/516
f 1956/2881/515 1959/2883/515 1960/2884/515 1957/2882/515
f 1957/2882/517 1960/2884/517 1961/2880/517 1958/2878/517
f 1959/2883/515 1962/2885/515 1963/2886/515 1960/2884/515
f 1960/2884/518 1963/2886/518 1964/2657/518 1961/2880/518
f 2037/2887/519 2029/2888/519 1620/2439/519 1649/2438/519
f 1962/2885/515 1811/2834/515 1812/2837/515 1963/2886/515
f 1963/2886/520 1812/2837/520 1813/2658/520 1964/2657/520
f 2027/2889/519 2035/2890/519 1647/2437/519 1645/2436/519
f 1999/2891/521 1785/2892/521 1920/2821/521 1825/2820/521
f 1561/2893/521 1761/2894/521 1851/2747/521 1881/2744/521
f 1791/2895/152 1971/2896/152 2033/2897/152 2042/2898/152
f 1971/2896/152 1974/2899/152 2058/2900/152 2033/2897/152
f 1974/2899/152 1977/2653/152 2034/2656/152 2058/2900/152
f 1770/2901/522 1794/2902/522 1969/2903/522 1793/2904/522
f 1793/2904/523 1969/2903/523 1970/2905/523 1792/2906/523
f 1792/2906/524 1970/2905/524 1971/2896/524 1791/2895/524
f 1794/2902/525 1795/2907/525 1972/2908/525 1969/2903/525
f 1969/2903/526 1972/2908/526 1973/2909/526 1970/2905/526
f 1970/2905/524 1973/2909/524 1974/2899/524 1971/2896/524
f 1795/2907/522 1796/2910/522 1975/2911/522 1972/2908/522
f 1972/2908/527 1975/2911/527 1976/2912/527 1973/2909/527
f 1973/2909/524 1976/2912/524 1977/2653/524 1974/2899/524
f 1796/2910/522 1771/2913/522 1797/2914/522 1975/2911/522
f 1975/2911/528 1797/2914/528 1798/2915/528 1976/2912/528
f 1976/2912/524 1798/2915/524 1799/2654/524 1977/2653/524
f 1789/2916/403 1978/2917/403 1979/2918/403 1790/2919/403
f 1790/2919/403 1979/2918/403 2166/2920/403 2122/2921/403 2121/2922/403
f 1978/2917/403 1980/2923/403 1981/2924/403 1979/2918/403
f 1979/2918/403 1981/2924/403 2167/2925/403 2166/2920/403
f 1980/2923/403 1982/2926/403 1983/2927/403 1981/2924/403
f 1981/2924/403 1983/2927/403 2165/2928/403 2167/2925/403
f 1997/2929/519 1998/2930/519 1827/2828/519 1926/2826/519
f 1982/2926/403 1781/2931/403 1780/2932/403 1983/2927/403
f 1983/2927/403 1780/2932/403 2163/2933/403 2165/2928/403
f 1778/2934/492 1984/2935/492 1985/2936/492 1779/2937/492
f 1779/2937/492 1985/2936/492 2159/2938/492 2160/2939/492
f 1984/2935/492 1986/2940/492 1987/2941/492 1985/2936/492
f 1985/2936/492 1987/2941/492 2125/2942/492 2124/2943/492 2159/2938/492
f 1986/2940/492 1988/2944/492 1989/2945/492 1987/2941/492
f 1987/2941/492 1989/2945/492 2127/2946/492 2125/2942/492
f 1988/2944/492 1788/2947/492 1787/2948/492 1989/2945/492
f 1989/2945/492 1787/2948/492 2128/2949/492 2127/2946/492
f 2139/2950/405 2138/2951/405 2146/2952/405 1629/2396/405 1627/2391/405
f 2141/2953/405 2139/2950/405 1627/2391/405 1624/2390/405
f 2145/2954/405 2144/2955/405 2149/2956/405 2148/2957/405
f 1788/2947/151 1990/2958/151 1991/2959/151 1787/2948/151
f 1787/2948/151 1991/2959/151 2119/2960/151 2126/2961/151 2128/2949/151
f 2053/2962/529 2050/2963/529 2056/2964/529
f 1990/2958/151 1993/2965/151 1994/2966/151 1991/2959/151
f 1991/2959/151 1994/2966/151 2118/2967/151 2119/2960/151
f 1993/2965/151 1995/2968/151 1996/2969/151 1994/2966/151
f 1994/2966/151 1996/2969/151 1992/2970/151 2118/2967/151
f 1759/2971/125 2041/2972/125 2039/2973/125 1559/2974/125 1564/2975/125 1563/2976/125 1546/2977/125 2017/2978/125 2020/2979/125 2023/2980/125 2029/2981/125 2037/2982/125 2035/2983/125 2027/2984/125 2044/2985/125 2046/2986/125
f 1995/2968/151 1789/2916/151 1790/2919/151 1996/2969/151
f 1996/2969/151 1790/2919/151 2121/2922/151 1992/2970/151
f 1561/2987/125 1560/2988/125 1760/2989/125 1762/2990/125 1806/2991/125 1802/2992/125 1966/2993/125 1967/2994/125 1804/2995/125 1968/2996/125 1805/2997/125 1769/2998/125 1786/2999/125 1965/3000/125 1803/3001/125 1807/3002/125 1761/3003/125
f 1783/3004/125 1785/3005/125 1999/3006/125 2001/3007/125 2003/3008/125 2010/3009/125 2011/3010/125 2012/3011/125 1782/3012/125 1545/3013/125 1800/3014/125 2013/3015/125 2002/3016/125 1784/3017/125 2000/3018/125 1998/3019/125 1997/3020/125
f 1783/3021/521 1997/2929/521 1926/2826/521 1923/2824/521
f 2044/3022/521 2027/2889/521 1645/2436/521 1618/2435/521
f 1785/2892/521 1783/3021/521 1923/2824/521 1920/2821/521
f 1778/3023/152 2005/3024/152 2026/3025/152 2028/3026/152
f 2005/3024/152 2007/3027/152 2024/3028/152 2026/3025/152
f 2007/3027/152 2009/2649/152 2022/2652/152 2024/3028/152
f 2133/3029/404 2129/3030/404 1623/2417/404 1637/2414/404
f 1779/3031/152 2004/3032/152 2005/3024/152 1778/3023/152
f 2147/3033/405 2145/2954/405 2148/2957/405 2146/2952/405
f 2004/3032/152 2006/3034/152 2007/3027/152 2005/3024/152
f 2006/3034/152 2008/3035/152 2009/2649/152 2007/3027/152
f 2130/3036/404 2131/3037/404 2155/3038/404 2156/3039/404
f 2008/3035/152 1780/3040/152 1781/2650/152 2009/2649/152
f 1760/3041/519 1560/3042/519 1879/2741/519 1877/2736/519
f 1560/3042/519 1561/2893/519 1881/2744/519 1879/2741/519
f 1762/3043/519 1760/3041/519 1877/2736/519 1850/2735/519
f 2056/3044/465 2050/2879/465 1816/2870/465 1947/2867/465 1819/2866/465
f 2019/3045/492 2038/3046/492 1788/2947/492 1988/2944/492
f 2063/3047/405 2062/3048/405 1741/2599/405 1567/2598/405
f 2035/2890/521 2037/2887/521 1649/2438/521 1647/2437/521
f 2059/3049/126 2042/3050/126 2033/3051/126 2058/3052/126 2034/3053/126 2054/3054/126 2060/3055/126 2052/3056/126 2051/3057/126 2049/3058/126 2047/3059/126 2055/3060/126 2057/3061/126 2048/3062/126 2043/3063/126 2045/3064/126
f 2075/3065/126 2071/3066/126 2070/3067/126 2068/3068/126 2067/3069/126 2066/3070/126 2064/3071/126 2062/3072/126 2063/3073/126 2061/3074/126 2069/3075/126 2072/3076/126 2076/3077/126 2077/3078/126 2073/3079/126 2074/3080/126
f 2016/3081/126 2018/3082/126 2025/3083/126 2040/3084/126 2036/3085/126 2038/3086/126 2019/3087/126 2015/3088/126 2014/3089/126 2028/3090/126 2026/3091/126 2024/3092/126 2022/3093/126 2031/3094/126 2030/3095/126 2021/3096/126
f 2057/3097/151 2055/3098/151 1959/2883/151 1956/2881/151
f 2045/3099/492 2043/3100/492 1944/2856/492 1941/2854/492
f 2069/3101/151 2061/3102/151 1757/2634/151 1755/2631/151
f 2076/3103/151 2072/3104/151 1753/2628/151 1566/2625/151
f 2062/3048/405 2064/3105/405 1743/2604/405 1741/2599/405
f 2061/3102/151 2063/3047/151 1567/2598/151 1757/2634/151
f 2014/3106/492 2015/3107/492 1986/2940/492 1984/2935/492
f 2038/3046/151 2036/3108/151 1990/2958/151 1788/2947/151
f 2060/3109/403 2054/3110/403 1799/2842/403 1935/2840/403
f 2021/3111/403 2030/3112/403 1982/2926/403 1980/2923/403
f 2059/3113/492 2045/3099/492 1941/2854/492 1938/2851/492
f 2042/3114/492 2059/3113/492 1938/2851/492 1791/2850/492
f 2036/3108/151 2040/3115/151 1993/2965/151 1990/2958/151
f 2049/3116/403 2051/3117/403 1929/2835/403 1811/2834/403
f 2072/3104/151 2069/3101/151 1755/2631/151 1753/2628/151
f 2018/3118/403 2016/3119/403 1978/2917/403 1789/2916/403
f 2016/3119/403 2021/3111/403 1980/2923/403 1978/2917/403
f 2066/3120/405 2067/3121/405 1558/2610/405 1745/2607/405
f 2015/3107/492 2019/3045/492 1988/2944/492 1986/2940/492
f 2051/3117/403 2052/3122/403 1932/2838/403 1929/2835/403
f 2025/3123/151 2018/3118/151 1789/2916/151 1995/2968/151
f 2064/3105/405 2066/3120/405 1745/2607/405 1743/2604/405
f 2077/3124/404 2076/3103/404 1566/2625/404 1751/2622/404
f 2043/3100/492 2048/3125/492 1810/2858/492 1944/2856/492
f 2040/3115/151 2025/3123/151 1995/2968/151 1993/2965/151
f 2073/3126/404 2077/3124/404 1751/2622/404 1749/2619/404
f 2052/3122/403 2060/3109/403 1935/2840/403 1932/2838/403
f 2055/3098/151 2047/3127/151 1962/2885/151 1959/2883/151
f 2028/3128/492 2014/3106/492 1984/2935/492 1778/2934/492
f 2074/3129/404 2073/3126/404 1749/2619/404 1747/2614/404
f 2075/3130/404 2074/3129/404 1747/2614/404 1555/2613/404
f 2030/3112/403 2031/3131/403 1781/2931/403 1982/2926/403
f 2047/3127/151 2049/3116/151 1811/2834/151 1962/2885/151
f 2048/3125/151 2057/3097/151 1956/2881/151 1810/2858/151
f 2108/3132/530 2107/3133/530 1826/3134/530 1801/3135/530 1775/3136/530 1626/3137/530 1562/3138/530 1619/3139/530 2106/3140/530
f 2106/3141/152 1619/3142/152 1557/2648/152 1767/2647/152
f 2081/3143/152 2082/3144/152 1732/2589/152 1571/2588/152
f 2032/3145/492 2065/3146/492 1866/2724/492 1864/2723/492
f 2103/3147/403 2101/3148/403 1858/2712/403 1855/2711/403
f 2096/3149/403 2097/3150/403 1852/2715/403 1862/2714/403
f 2102/3151/531 2103/3147/531 1855/2711/531 1875/2734/531
f 2094/3152/532 2090/3153/532 2093/3154/532 2091/3155/532 2089/3156/532 2092/3157/532 2095/3158/532
f 1870/3159/492 2100/3160/492 1854/2726/492 1868/2725/492
f 1901/3161/492 2032/3145/492 1864/2723/492 1849/2722/492
f 2107/3133/533 2108/3132/533 2112/3162/533 2113/3163/533 2114/3164/533 2115/3165/533 2117/3166/533 2116/3167/533 2111/3168/533 2110/3169/533 2109/3170/533
f 1901/3171/534 1857/3172/534 1848/3173/534 2099/3174/534 2097/3175/534 2096/3176/534 2098/3177/534 2101/3178/534 2103/3179/534 2102/3180/534 2104/3181/534 2105/3182/534 2100/3183/534 1870/3184/534 2065/3185/534 2032/3186/534
f 2105/3187/531 2104/3188/531 1873/2733/531 1871/2732/531
f 2100/3160/531 2105/3187/531 1871/2732/531 1854/2726/531
f 2090/3153/535 2094/3152/535 2088/3189/535 2086/3190/535 2082/3191/535 2081/3192/535 2078/3193/535 2079/3194/535 2080/3195/535 2084/3196/535 2083/3197/535 2085/3198/535 2087/3199/535
f 2065/3146/492 1870/3159/492 1868/2725/492 1866/2724/492
f 2114/3200/152 2113/3201/152 1763/2645/152 1556/2644/152
f 2104/3188/531 2102/3151/531 1875/2734/531 1873/2733/531
f 2113/3201/152 2112/3202/152 1765/2646/152 1763/2645/152
f 2098/3203/403 2096/3149/403 1862/2714/403 1860/2713/403
f 2086/3204/152 2088/3205/152 1738/2594/152 1735/2592/152
f 2112/3202/152 2108/3206/152 2106/3141/152 1767/2647/152 1765/2646/152
f 2082/3144/152 2086/3204/152 1735/2592/152 1732/2589/152
f 2101/3148/403 2098/3203/403 1860/2713/403 1858/2712/403
f 2088/3205/152 2094/3207/152 2095/3208/152 1572/2596/152 1738/2594/152
f 2131/3037/404 2132/3209/404 2155/3038/404
f 2124/3210/536 2123/3211/536 2120/3212/536 2161/3213/536 2162/3214/536 2160/3215/536 2159/3216/536
f 2152/3217/405 2153/3218/405 2133/3029/405 1637/2414/405 1635/2411/405
f 2129/3030/451 2135/3219/451 1639/2420/451 1623/2417/451
f 2123/3220/537 2126/3221/537 2119/3222/537 2118/3223/537 1992/3224/537 2121/3225/537 2122/3226/537 2120/3227/537
f 2138/2951/538 2147/3033/538 2146/2952/538
f 2140/3228/451 2141/2953/451 1624/2390/451 1643/2426/451
f 2135/3219/451 2134/3229/451 1641/2423/451 1639/2420/451
f 2134/3229/451 2140/3228/451 1643/2426/451 1641/2423/451
f 2126/3221/539 2123/3220/539 2124/3230/539 2125/3231/539 2127/3232/539 2128/3233/539
f 2180/3234/151 2177/3235/151 2176/3236/151 1681/2492/151 1678/2490/151
f 2155/3038/404 2132/3209/404 2150/3237/404 2152/3217/404 1635/2411/404 1633/2406/404
f 2169/3238/405 2171/3239/405 1651/2445/405 1605/2444/405
f 2168/3240/152 2163/3241/152 1780/3040/152 2008/3035/152
f 2146/2952/405 2148/2957/405 1631/2399/405 1629/2396/405
f 2164/3242/152 2168/3240/152 2008/3035/152 2006/3034/152
f 2170/3243/151 2169/3238/151 1605/2444/151 1684/2494/151
f 2185/3244/404 2181/3245/404 1604/2468/404 1666/2466/404
f 2162/3246/152 2161/3247/152 2164/3242/152 2006/3034/152 2004/3032/152
f 2171/3239/405 2172/3248/405 1654/2448/405 1651/2445/405
f 2177/3249/540 2179/3250/540 2178/3251/540 2175/3252/540 2174/3253/540 2173/3254/540 2172/3255/540 2171/3256/540 2169/3257/540 2170/3258/540 2176/3259/540
f 2161/3213/541 2120/3212/541 2122/3260/541 2166/3261/541 2167/3262/541 2165/3263/541 2163/3264/541 2168/3265/541 2164/3266/541
f 2186/3267/404 2185/3244/404 1666/2466/404 1663/2464/404
f 2176/3236/151 2170/3243/151 1684/2494/151 1681/2492/151
f 2160/3268/152 2162/3246/152 2004/3032/152 1779/3031/152
f 2172/3248/405 2173/3269/405 1657/2450/405 1654/2448/405
f 2157/2434/410 2151/2389/410 2143/3270/410 2136/3271/410
f 2151/2389/410 2149/2388/410 2144/3272/410 2143/3270/410
f 2156/2432/410 2158/2431/410 2137/3273/410 2130/3274/410
f 2179/3250/542 2177/3249/542 2180/3275/542 2181/3276/542 2185/3277/542 2186/3278/542 2184/3279/542 2183/3280/542 2182/3281/542
f 2184/3282/404 2186/3267/404 1663/2464/404 1660/2461/404
f 2181/3245/151 2180/3234/151 1678/2490/151 1604/2468/151
f 2156/3039/404 2155/3038/404 1633/2406/404 1617/2405/404
f 2158/2431/410 2157/2434/410 2136/3271/410 2137/3273/410
f 2148/2957/405 2149/2956/405 1621/2402/405 1631/2399/405
f 2183/3283/404 2184/3282/404 1660/2461/404 1593/2460/404
f 2173/3269/405 2174/3284/405 1601/2452/405 1657/2450/405
f 2410/3285/151 2200/3286/151 2709/3287/151 2710/3288/151
f 2382/3289/151 2216/3290/151 2190/3291/151 2217/3292/151
f 2373/3293/543 2225/3294/543 2192/3295/543 2226/3296/543
f 2364/3297/152 2234/3298/152 2735/3299/152 2732/3300/152 2729/3301/152
f 2355/3302/544 2229/3303/544 2726/3304/544 2722/3305/544
f 2346/3306/545 2214/3307/545 2737/3308/545 2734/3309/545
f 2337/3310/151 2243/3311/151 2816/3312/151 2817/3313/151
f 2328/3314/546 2249/3315/546 2196/3316/546 2250/3317/546
f 2319/3318/547 2258/3319/547 2194/3320/547 2240/3321/547
f 2310/3322/548 2244/3323/548 2195/3324/548 2255/3325/548
f 2301/3326/549 2241/3327/549 2194/3328/549 2258/3329/549
f 2292/3330/550 2263/3331/550 2791/3332/550 2793/3333/550
f 2266/3334/551 2269/3335/551 2270/3336/551 2267/3337/551
f 2267/3337/552 2270/3336/552 2659/3338/552 2188/3339/552
f 2269/3335/553 2271/3340/553 2272/3341/553 2270/3336/553
f 2270/3336/552 2272/3341/552 2662/3342/552 2659/3338/552
f 2271/3340/554 2273/3343/554 2274/3344/554 2272/3341/554
f 2272/3341/555 2274/3344/555 2665/3345/555 2662/3342/555
f 2273/3343/556 2263/3346/556 2262/3347/556 2274/3344/556
f 2274/3344/552 2262/3347/552 2671/3348/552 2665/3345/552
f 2259/3349/557 2275/3350/557 2276/3351/557 2260/3352/557
f 2260/3352/558 2276/3351/558 2688/3353/558 2686/3354/558
f 2275/3350/559 2277/3355/559 2278/3356/559 2276/3351/559
f 2276/3351/558 2278/3356/558 2401/3357/558 2688/3353/558
f 2277/3355/560 2279/3358/560 2280/3359/560 2278/3356/560
f 2278/3356/552 2280/3359/552 2683/3360/552 2401/3357/552
f 2279/3358/561 2265/3361/561 2264/3362/561 2280/3359/561
f 2280/3359/562 2264/3362/562 2681/3363/562 2683/3360/562
f 2265/3361/563 2281/3364/563 2282/3365/563 2264/3362/563
f 2264/3362/564 2282/3365/564 2201/3366/564 2681/3363/564
f 2281/3364/565 2283/3367/565 2284/3368/565 2282/3365/565
f 2282/3365/564 2284/3368/564 2206/3369/564 2201/3366/564
f 2283/3367/566 2285/3370/566 2286/3371/566 2284/3368/566
f 2284/3368/567 2286/3371/567 2205/3372/567 2206/3369/567
f 2285/3370/568 2266/3334/568 2267/3337/568 2286/3371/568
f 2286/3371/569 2267/3337/569 2188/3339/569 2205/3372/569
f 2259/3373/550 2288/3374/550 2800/3375/550 2798/3376/550
f 2288/3374/550 2290/3377/550 2799/3378/550 2800/3375/550
f 2290/3377/550 2292/3330/550 2793/3333/550 2799/3378/550
f 2260/3379/570 2287/3380/570 2288/3374/570 2259/3373/570
f 2287/3380/571 2289/3381/571 2290/3377/571 2288/3374/571
f 2289/3381/572 2291/3382/572 2292/3330/572 2290/3377/572
f 2291/3382/573 2262/3383/573 2263/3331/573 2292/3330/573
f 2249/3315/574 2295/3384/574 2256/3385/574 2196/3316/574
f 2295/3384/575 2298/3386/575 2257/3387/575 2256/3385/575
f 2298/3386/549 2301/3326/549 2258/3329/549 2257/3387/549
f 2247/3388/545 2293/3389/545 2294/3390/545 2248/3391/545
f 2248/3391/576 2294/3390/576 2295/3384/576 2249/3315/576
f 2293/3389/545 2296/3392/545 2297/3393/545 2294/3390/545
f 2294/3390/577 2297/3393/577 2298/3386/577 2295/3384/577
f 2296/3392/545 2299/3394/545 2300/3395/545 2297/3393/545
f 2297/3393/578 2300/3395/578 2301/3326/578 2298/3386/578
f 2299/3394/545 2243/3396/545 2242/3397/545 2300/3395/545
f 2300/3395/579 2242/3397/579 2241/3327/579 2301/3326/579
f 2237/3398/548 2304/3399/548 2253/3400/548 2193/3401/548
f 2304/3399/548 2307/3402/548 2254/3403/548 2253/3400/548
f 2307/3402/549 2310/3322/549 2255/3325/549 2254/3403/549
f 2235/3404/544 2302/3405/544 2303/3406/544 2236/3407/544
f 2236/3407/580 2303/3406/580 2304/3399/580 2237/3398/580
f 2302/3405/544 2305/3408/544 2306/3409/544 2303/3406/544
f 2303/3406/581 2306/3409/581 2307/3402/581 2304/3399/581
f 2305/3408/545 2308/3410/545 2309/3411/545 2306/3409/545
f 2306/3409/582 2309/3411/582 2310/3322/582 2307/3402/582
f 2308/3410/544 2246/3412/544 2245/3413/544 2309/3411/544
f 2309/3411/583 2245/3413/583 2244/3323/583 2310/3322/583
f 2253/3414/584 2313/3415/584 2238/3416/584 2193/3417/584
f 2313/3415/547 2316/3418/547 2239/3419/547 2238/3416/547
f 2316/3418/585 2319/3318/585 2240/3321/585 2239/3419/585
f 2195/3324/586 2252/3420/586 2311/3421/586 2255/3422/586
f 2255/3422/585 2311/3421/585 2312/3423/585 2254/3424/585
f 2254/3424/585 2312/3423/585 2313/3415/585 2253/3414/585
f 2252/3420/585 2251/3425/585 2314/3426/585 2311/3421/585
f 2311/3421/586 2314/3426/586 2315/3427/586 2312/3423/586
f 2312/3423/585 2315/3427/585 2316/3418/585 2313/3415/585
f 2251/3425/587 2250/3317/587 2317/3428/587 2314/3426/587
f 2314/3426/588 2317/3428/588 2318/3429/588 2315/3427/588
f 2315/3427/584 2318/3429/584 2319/3318/584 2316/3418/584
f 2250/3317/589 2196/3316/589 2256/3430/589 2317/3428/589
f 2317/3428/590 2256/3430/590 2257/3431/590 2318/3429/590
f 2318/3429/584 2257/3431/584 2258/3319/584 2319/3318/584
f 2244/3323/591 2322/3432/591 2252/3420/591 2195/3324/591
f 2322/3432/592 2325/3433/592 2251/3425/592 2252/3420/592
f 2325/3433/593 2328/3314/593 2250/3317/593 2251/3425/593
f 2246/3412/594 2320/3434/594 2321/3435/594 2245/3413/594
f 2245/3413/595 2321/3435/595 2322/3432/595 2244/3323/595
f 2320/3434/594 2323/3436/594 2324/3437/594 2321/3435/594
f 2321/3435/596 2324/3437/596 2325/3433/596 2322/3432/596
f 2323/3436/594 2326/3438/594 2327/3439/594 2324/3437/594
f 2324/3437/597 2327/3439/597 2328/3314/597 2325/3433/597
f 2326/3438/594 2247/3388/594 2248/3391/594 2327/3439/594
f 2327/3439/598 2248/3391/598 2249/3315/598 2328/3314/598
f 2235/3440/151 2331/3441/151 2824/3442/151 2825/3443/151
f 2331/3441/151 2334/3444/151 2820/3445/151 2821/3446/151 2824/3442/151
f 2334/3444/151 2337/3310/151 2817/3313/151 2820/3445/151
f 2193/3447/599 2238/3448/599 2329/3449/599 2237/3450/599
f 2237/3450/600 2329/3449/600 2330/3451/600 2236/3452/600
f 2236/3452/550 2330/3451/550 2331/3441/550 2235/3440/550
f 2238/3448/601 2239/3453/601 2332/3454/601 2329/3449/601
f 2329/3449/602 2332/3454/602 2333/3455/602 2330/3451/602
f 2330/3451/550 2333/3455/550 2334/3444/550 2331/3441/550
f 2239/3453/599 2240/3456/599 2335/3457/599 2332/3454/599
f 2332/3454/603 2335/3457/603 2336/3458/603 2333/3455/603
f 2333/3455/550 2336/3458/550 2337/3310/550 2334/3444/550
f 2240/3456/599 2194/3459/599 2241/3460/599 2335/3457/599
f 2335/3457/604 2241/3460/604 2242/3461/604 2336/3458/604
f 2336/3458/550 2242/3461/550 2243/3311/550 2337/3310/550
f 2234/3298/605 2340/3462/605 2733/3463/605 2735/3299/605
f 2340/3462/545 2343/3464/545 2731/3465/545 2733/3463/545
f 2343/3464/545 2346/3306/545 2734/3309/545 2731/3465/545
f 2192/3295/545 2225/3466/545 2338/3467/545 2232/3468/545
f 2232/3468/545 2338/3467/545 2339/3469/545 2233/3470/545
f 2233/3470/545 2339/3469/545 2340/3462/545 2234/3298/545
f 2225/3466/545 2224/3471/545 2341/3472/545 2338/3467/545
f 2338/3467/545 2341/3472/545 2342/3473/545 2339/3469/545
f 2339/3469/545 2342/3473/545 2343/3464/545 2340/3462/545
f 2224/3471/545 2223/3474/545 2344/3475/545 2341/3472/545
f 2341/3472/545 2344/3475/545 2345/3476/545 2342/3473/545
f 2342/3473/545 2345/3476/545 2346/3306/545 2343/3464/545
f 2223/3474/545 2190/3477/545 2216/3478/545 2344/3475/545
f 2344/3475/545 2216/3478/545 2215/3479/545 2345/3476/545
f 2345/3476/545 2215/3479/545 2214/3307/545 2346/3306/545
f 2213/3480/544 2349/3481/544 2720/3482/544 2723/3483/544
f 2349/3481/544 2352/3484/544 2721/3485/544 2720/3482/544
f 2352/3484/544 2355/3302/544 2722/3305/544 2721/3485/544
f 2189/3486/544 2222/3487/544 2347/3488/544 2211/3489/544
f 2211/3489/544 2347/3488/544 2348/3490/544 2212/3491/544
f 2212/3491/544 2348/3490/544 2349/3481/544 2213/3480/544
f 2222/3487/544 2221/3492/544 2350/3493/544 2347/3488/544
f 2347/3488/544 2350/3493/544 2351/3494/544 2348/3490/544
f 2348/3490/544 2351/3494/544 2352/3484/544 2349/3481/544
f 2221/3492/544 2220/3495/544 2353/3496/544 2350/3493/544
f 2350/3493/544 2353/3496/544 2354/3497/544 2351/3494/544
f 2351/3494/544 2354/3497/544 2355/3302/544 2352/3484/544
f 2220/3495/544 2191/3498/544 2231/3499/544 2353/3496/544
f 2353/3496/544 2231/3499/544 2230/3500/544 2354/3497/544
f 2354/3497/544 2230/3500/544 2229/3303/544 2355/3302/544
f 2229/3303/152 2358/3501/152 2725/3502/152 2726/3304/152
f 2358/3501/152 2361/3503/152 2727/3504/152 2725/3502/152
f 2361/3503/152 2364/3297/152 2729/3301/152 2727/3504/152
f 2191/3498/152 2228/3505/152 2356/3506/152 2231/3499/152
f 2231/3499/152 2356/3506/152 2357/3507/152 2230/3500/152
f 2230/3500/606 2357/3507/606 2358/3501/606 2229/3303/606
f 2228/3505/152 2227/3508/152 2359/3509/152 2356/3506/152
f 2356/3506/152 2359/3509/152 2360/3510/152 2357/3507/152
f 2357/3507/606 2360/3510/606 2361/3503/606 2358/3501/606
f 2227/3508/152 2226/3296/152 2362/3511/152 2359/3509/152
f 2359/3509/152 2362/3511/152 2363/3512/152 2360/3510/152
f 2360/3510/606 2363/3512/606 2364/3297/606 2361/3503/606
f 2226/3296/152 2192/3295/152 2232/3468/152 2362/3511/152
f 2362/3511/152 2232/3468/152 2233/3470/152 2363/3512/152
f 2363/3512/606 2233/3470/606 2234/3298/606 2364/3297/606
f 2220/3513/543 2367/3514/543 2228/3505/543 2191/3498/543
f 2367/3514/543 2370/3515/543 2227/3508/543 2228/3505/543
f 2370/3515/543 2373/3293/543 2226/3296/543 2227/3508/543
f 2189/3516/543 2219/3517/543 2365/3518/543 2222/3519/543
f 2222/3519/543 2365/3518/543 2366/3520/543 2221/3521/543
f 2221/3521/543 2366/3520/543 2367/3514/543 2220/3513/543
f 2219/3517/543 2218/3522/543 2368/3523/543 2365/3518/543
f 2365/3518/543 2368/3523/543 2369/3524/543 2366/3520/543
f 2366/3520/543 2369/3524/543 2370/3515/543 2367/3514/543
f 2218/3522/543 2217/3292/543 2371/3525/543 2368/3523/543
f 2368/3523/543 2371/3525/543 2372/3526/543 2369/3524/543
f 2369/3524/543 2372/3526/543 2373/3293/543 2370/3515/543
f 2217/3292/543 2190/3291/543 2223/3527/543 2371/3525/543
f 2371/3525/543 2223/3527/543 2224/3528/543 2372/3526/543
f 2372/3526/543 2224/3528/543 2225/3294/543 2373/3293/543
f 2211/3529/151 2376/3530/151 2219/3517/151 2189/3516/151
f 2376/3530/151 2379/3531/151 2218/3522/151 2219/3517/151
f 2379/3531/151 2382/3289/151 2217/3292/151 2218/3522/151
f 2213/3532/607 2374/3533/607 2375/3534/607 2212/3535/607
f 2212/3535/151 2375/3534/151 2376/3530/151 2211/3529/151
f 2374/3533/607 2377/3536/607 2378/3537/607 2375/3534/607
f 2375/3534/151 2378/3537/151 2379/3531/151 2376/3530/151
f 2377/3536/607 2380/3538/607 2381/3539/607 2378/3537/607
f 2378/3537/151 2381/3539/151 2382/3289/151 2379/3531/151
f 2380/3538/607 2214/3540/607 2215/3541/607 2381/3539/607
f 2381/3539/151 2215/3541/151 2216/3290/151 2382/3289/151
f 2209/3542/545 2383/3543/545 2384/3544/545 2210/3545/545
f 2210/3545/545 2384/3544/545 2417/3546/545 2443/3547/545
f 2383/3543/545 2385/3548/545 2386/3549/545 2384/3544/545
f 2384/3544/545 2386/3549/545 2268/3550/545 2417/3546/545
f 2385/3548/545 2387/3551/545 2388/3552/545 2386/3549/545
f 2386/3549/545 2388/3552/545 2204/3553/545 2268/3550/545
f 2387/3551/545 2200/3554/545 2199/3555/545 2388/3552/545
f 2388/3552/545 2199/3555/545 2261/3556/545 2204/3553/545
f 2197/3557/544 2389/3558/544 2390/3559/544 2198/3560/544
f 2198/3560/544 2390/3559/544 2757/3561/544 2756/3562/544
f 2389/3558/544 2391/3563/544 2392/3564/544 2390/3559/544
f 2390/3559/544 2392/3564/544 2759/3565/544 2757/3561/544
f 2391/3563/544 2393/3566/544 2394/3567/544 2392/3564/544
f 2392/3564/544 2394/3567/544 2758/3568/544 2759/3565/544
f 2393/3566/544 2208/3569/544 2207/3570/544 2394/3567/544
f 2394/3567/544 2207/3570/544 2753/3571/544 2758/3568/544
f 2208/3569/152 2395/3572/152 2396/3573/152 2207/3570/152
f 2207/3570/152 2396/3573/152 2752/3574/152 2753/3571/152
f 2395/3572/152 2397/3575/152 2398/3576/152 2396/3573/152
f 2396/3573/152 2398/3576/152 2751/3577/152 2752/3574/152
f 2397/3575/152 2399/3578/152 2400/3579/152 2398/3576/152
f 2398/3576/152 2400/3579/152 2468/3580/152 2749/3581/152 2751/3577/152
f 2399/3578/152 2209/3542/152 2210/3545/152 2400/3579/152
f 2400/3579/152 2210/3545/152 2443/3547/152 2468/3580/152
f 2197/3582/151 2406/3583/151 2713/3584/151 2717/3585/151
f 2406/3583/151 2408/3586/151 2712/3587/151 2713/3584/151
f 2408/3586/151 2410/3285/151 2710/3288/151 2712/3587/151
f 2198/3588/151 2405/3589/151 2406/3583/151 2197/3582/151
f 2405/3589/151 2407/3590/151 2408/3586/151 2406/3583/151
f 2407/3590/151 2409/3591/151 2410/3285/151 2408/3586/151
f 2409/3591/151 2199/3592/151 2200/3286/151 2410/3285/151
f 2651/3593/151 2423/3594/151 2673/3595/151 2664/3596/151
f 2619/3597/151 2441/3598/151 2696/3599/151 2676/3600/151
f 2606/3601/608 2455/3602/608 2414/3603/608 2456/3604/608
f 2597/3605/609 2464/3606/609 2413/3607/609 2438/3608/609
f 2588/3609/610 2450/3610/610 2695/3611/610 2698/3612/610 2461/3613/610
f 2579/3614/611 2439/3615/611 2413/3616/611 2464/3617/611
f 2570/3618/151 2471/3619/151 2416/3620/151 2472/3621/151
f 2561/3622/544 2480/3623/544 2419/3624/544 2481/3625/544
f 2552/3626/564 2489/3627/564 2442/3628/564 2187/3629/564
f 2542/3630/612 2484/3631/612 2653/3632/612 2652/3633/612
f 2533/3634/613 2469/3635/613 2640/3636/613 2642/3637/613 2426/3638/613
f 2518/3639/567 2498/3640/567 2428/3641/567 2411/3642/567
f 2511/3643/612 2495/3644/612 2609/3645/612 2608/3646/612
f 2505/3647/613 2493/3648/613 2403/3649/613 2449/3650/613
f 2498/3640/613 2501/3651/613 2607/3652/613 2428/3641/613
f 2501/3651/613 2503/3653/613 2445/3654/613 2607/3652/613
f 2503/3653/613 2505/3647/613 2449/3650/613 2445/3654/613
f 2497/3655/614 2500/3656/614 2501/3651/614 2498/3640/614
f 2500/3656/615 2502/3657/615 2503/3653/615 2501/3651/615
f 2502/3657/616 2504/3658/616 2505/3647/616 2503/3653/616
f 2504/3658/617 2494/3659/617 2493/3648/617 2505/3647/617
f 2492/3660/612 2507/3661/612 2448/3662/612 2404/3663/612
f 2507/3661/612 2509/3664/612 2444/3665/612 2448/3662/612
f 2509/3664/612 2511/3643/612 2608/3646/612 2444/3665/612
f 2491/3666/618 2506/3667/618 2507/3661/618 2492/3660/618
f 2506/3667/619 2508/3668/619 2509/3664/619 2507/3661/619
f 2508/3668/620 2510/3669/620 2511/3643/620 2509/3664/620
f 2510/3669/621 2496/3670/621 2495/3644/621 2511/3643/621
f 2495/3644/564 2514/3671/564 2610/3672/564 2446/3673/564 2609/3645/564
f 2514/3671/564 2516/3674/564 2447/3675/564 2610/3672/564
f 2516/3674/564 2518/3639/564 2411/3642/564 2447/3675/564
f 2496/3670/622 2513/3676/622 2514/3671/622 2495/3644/622
f 2513/3676/623 2515/3677/623 2516/3674/623 2514/3671/623
f 2515/3677/624 2517/3678/624 2518/3639/624 2516/3674/624
f 2517/3678/625 2497/3655/625 2498/3640/625 2518/3639/625
f 2492/3679/626 2519/3680/626 2520/3681/626 2491/3682/626
f 2491/3682/627 2520/3681/627 2499/3683/627 2543/3684/627
f 2519/3680/628 2521/3685/628 2522/3686/628 2520/3681/628
f 2520/3681/627 2522/3686/627 2490/3687/627 2499/3683/627
f 2521/3685/629 2523/3688/629 2524/3689/629 2522/3686/629
f 2522/3686/627 2524/3689/627 2741/3690/627 2490/3687/627
f 2523/3688/630 2493/3691/630 2494/3692/630 2524/3689/630
f 2524/3689/627 2494/3692/627 2739/3693/627 2741/3690/627
f 2489/3627/613 2527/3694/613 2655/3695/613 2442/3628/613
f 2527/3694/613 2530/3696/613 2644/3697/613 2655/3695/613
f 2530/3696/613 2533/3634/613 2426/3638/613 2644/3697/613
f 2419/3624/543 2480/3698/543 2525/3699/543 2487/3700/543
f 2487/3700/543 2525/3699/543 2526/3701/543 2488/3702/543
f 2488/3702/631 2526/3701/631 2527/3694/631 2489/3627/631
f 2480/3698/543 2479/3703/543 2528/3704/543 2525/3699/543
f 2525/3699/543 2528/3704/543 2529/3705/543 2526/3701/543
f 2526/3701/632 2529/3705/632 2530/3696/632 2527/3694/632
f 2479/3703/543 2478/3706/543 2531/3707/543 2528/3704/543
f 2528/3704/543 2531/3707/543 2532/3708/543 2529/3705/543
f 2529/3705/633 2532/3708/633 2533/3634/633 2530/3696/633
f 2478/3706/543 2416/3709/543 2471/3710/543 2531/3707/543
f 2531/3707/543 2471/3710/543 2470/3711/543 2532/3708/543
f 2532/3708/634 2470/3711/634 2469/3635/634 2533/3634/634
f 2467/3712/612 2536/3713/612 2643/3714/612 2641/3715/612
f 2536/3713/612 2539/3716/612 2645/3717/612 2643/3714/612
f 2539/3716/612 2542/3630/612 2652/3633/612 2645/3717/612
f 2415/3718/635 2477/3719/635 2534/3720/635 2465/3721/635
f 2465/3721/635 2534/3720/635 2535/3722/635 2466/3723/635
f 2466/3723/636 2535/3722/636 2536/3713/636 2467/3712/636
f 2477/3719/635 2476/3724/635 2537/3725/635 2534/3720/635
f 2534/3720/635 2537/3725/635 2538/3726/635 2535/3722/635
f 2535/3722/637 2538/3726/637 2539/3716/637 2536/3713/637
f 2476/3724/635 2475/3727/635 2540/3728/635 2537/3725/635
f 2537/3725/635 2540/3728/635 2541/3729/635 2538/3726/635
f 2538/3726/638 2541/3729/638 2542/3630/638 2539/3716/638
f 2475/3727/635 2418/3730/635 2486/3731/635 2540/3728/635
f 2540/3728/635 2486/3731/635 2485/3732/635 2541/3729/635
f 2541/3729/639 2485/3732/639 2484/3631/639 2542/3630/639
f 2484/3631/564 2546/3733/564 2654/3734/564 2653/3632/564
f 2546/3733/564 2549/3735/564 2424/3736/564 2654/3734/564
f 2549/3735/567 2552/3626/567 2187/3629/567 2424/3736/567
f 2418/3730/152 2483/3737/152 2544/3738/152 2486/3731/152
f 2486/3731/640 2544/3738/640 2545/3739/640 2485/3732/640
f 2485/3732/641 2545/3739/641 2546/3733/641 2484/3631/641
f 2483/3737/152 2482/3740/152 2547/3741/152 2544/3738/152
f 2544/3738/640 2547/3741/640 2548/3742/640 2545/3739/640
f 2545/3739/642 2548/3742/642 2549/3735/642 2546/3733/642
f 2482/3740/152 2481/3625/152 2550/3743/152 2547/3741/152
f 2547/3741/640 2550/3743/640 2551/3744/640 2548/3742/640
f 2548/3742/643 2551/3744/643 2552/3626/643 2549/3735/643
f 2481/3625/152 2419/3624/152 2487/3700/152 2550/3743/152
f 2550/3743/640 2487/3700/640 2488/3702/640 2551/3744/640
f 2551/3744/644 2488/3702/644 2489/3627/644 2552/3626/644
f 2475/3745/544 2555/3746/544 2483/3737/544 2418/3730/544
f 2555/3746/544 2558/3747/544 2482/3740/544 2483/3737/544
f 2558/3747/544 2561/3622/544 2481/3625/544 2482/3740/544
f 2415/3748/544 2474/3749/544 2553/3750/544 2477/3751/544
f 2477/3751/544 2553/3750/544 2554/3752/544 2476/3753/544
f 2476/3753/544 2554/3752/544 2555/3746/544 2475/3745/544
f 2474/3749/544 2473/3754/544 2556/3755/544 2553/3750/544
f 2553/3750/544 2556/3755/544 2557/3756/544 2554/3752/544
f 2554/3752/544 2557/3756/544 2558/3747/544 2555/3746/544
f 2473/3754/544 2472/3621/544 2559/3757/544 2556/3755/544
f 2556/3755/544 2559/3757/544 2560/3758/544 2557/3756/544
f 2557/3756/544 2560/3758/544 2561/3622/544 2558/3747/544
f 2472/3621/544 2416/3620/544 2478/3759/544 2559/3757/544
f 2559/3757/544 2478/3759/544 2479/3760/544 2560/3758/544
f 2560/3758/544 2479/3760/544 2480/3623/544 2561/3622/544
f 2465/3761/151 2564/3762/151 2474/3749/151 2415/3748/151
f 2564/3762/151 2567/3763/151 2473/3754/151 2474/3749/151
f 2567/3763/151 2570/3618/151 2472/3621/151 2473/3754/151
f 2467/3764/645 2562/3765/645 2563/3766/645 2466/3767/645
f 2466/3767/646 2563/3766/646 2564/3762/646 2465/3761/646
f 2562/3765/647 2565/3768/647 2566/3769/647 2563/3766/647
f 2563/3766/646 2566/3769/646 2567/3763/646 2564/3762/646
f 2565/3768/648 2568/3770/648 2569/3771/648 2566/3769/648
f 2566/3769/646 2569/3771/646 2570/3618/646 2567/3763/646
f 2568/3770/649 2469/3772/649 2470/3773/649 2569/3771/649
f 2569/3771/646 2470/3773/646 2471/3619/646 2570/3618/646
f 2455/3602/611 2573/3774/611 2462/3775/611 2414/3603/611
f 2573/3774/611 2576/3776/611 2463/3777/611 2462/3775/611
f 2576/3776/611 2579/3614/611 2464/3617/611 2463/3777/611
f 2453/3778/543 2571/3779/543 2572/3780/543 2454/3781/543
f 2454/3781/650 2572/3780/650 2573/3774/650 2455/3602/650
f 2571/3779/543 2574/3782/543 2575/3783/543 2572/3780/543
f 2572/3780/651 2575/3783/651 2576/3776/651 2573/3774/651
f 2574/3782/543 2577/3784/543 2578/3785/543 2575/3783/543
f 2575/3783/652 2578/3785/652 2579/3614/652 2576/3776/652
f 2577/3784/543 2441/3786/543 2440/3787/543 2578/3785/543
f 2578/3785/653 2440/3787/653 2439/3615/653 2579/3614/653
f 2435/3788/610 2582/3789/610 2459/3790/610 2412/3791/610
f 2582/3789/610 2585/3792/610 2460/3793/610 2459/3790/610
f 2585/3792/610 2588/3609/610 2461/3613/610 2460/3793/610
f 2433/3794/635 2580/3795/635 2581/3796/635 2434/3797/635
f 2434/3797/654 2581/3796/654 2582/3789/654 2435/3788/654
f 2580/3795/635 2583/3798/635 2584/3799/635 2581/3796/635
f 2581/3796/655 2584/3799/655 2585/3792/655 2582/3789/655
f 2583/3798/635 2586/3800/635 2587/3801/635 2584/3799/635
f 2584/3799/656 2587/3801/656 2588/3609/656 2585/3792/656
f 2586/3800/635 2452/3802/635 2451/3803/635 2587/3801/635
f 2587/3801/657 2451/3803/657 2450/3610/657 2588/3609/657
f 2459/3804/609 2591/3805/609 2436/3806/609 2412/3807/609
f 2591/3805/609 2594/3808/609 2437/3809/609 2436/3806/609
f 2594/3808/609 2597/3605/609 2438/3608/609 2437/3809/609
f 2461/3810/609 2589/3811/609 2590/3812/609 2460/3813/609
f 2460/3813/609 2590/3812/609 2591/3805/609 2459/3804/609
f 2458/3814/609 2457/3815/609 2592/3816/609 2589/3811/609
f 2589/3811/609 2592/3816/609 2593/3817/609 2590/3812/609
f 2590/3812/609 2593/3817/609 2594/3808/609 2591/3805/609
f 2457/3815/609 2456/3604/609 2595/3818/609 2592/3816/609
f 2592/3816/609 2595/3818/609 2596/3819/609 2593/3817/609
f 2593/3817/609 2596/3819/609 2597/3605/609 2594/3808/609
f 2456/3604/609 2414/3603/609 2462/3820/609 2595/3818/609
f 2595/3818/609 2462/3820/609 2463/3821/609 2596/3819/609
f 2596/3819/609 2463/3821/609 2464/3606/609 2597/3605/609
f 2450/3610/608 2600/3822/608 2458/3814/608 2692/3823/608 2695/3611/608
f 2600/3822/608 2603/3824/608 2457/3815/608 2458/3814/608
f 2603/3824/608 2606/3601/608 2456/3604/608 2457/3815/608
f 2452/3802/658 2598/3825/658 2599/3826/658 2451/3803/658
f 2451/3803/659 2599/3826/659 2600/3822/659 2450/3610/659
f 2598/3825/658 2601/3827/658 2602/3828/658 2599/3826/658
f 2599/3826/660 2602/3828/660 2603/3824/660 2600/3822/660
f 2601/3827/658 2604/3829/658 2605/3830/658 2602/3828/658
f 2602/3828/661 2605/3830/661 2606/3601/661 2603/3824/661
f 2679/3831/662 2671/3832/662 2262/3383/662 2291/3382/662
f 2604/3829/658 2453/3778/658 2454/3781/658 2605/3830/658
f 2605/3830/663 2454/3781/663 2455/3602/663 2606/3601/663
f 2669/3833/664 2677/3834/664 2289/3381/664 2287/3380/664
f 2641/3835/662 2427/3836/662 2562/3765/662 2467/3764/662
f 2203/3837/662 2403/3838/662 2493/3691/662 2523/3688/662
f 2433/3839/151 2613/3840/151 2675/3841/151 2684/3842/151
f 2613/3840/151 2616/3843/151 2700/3844/151 2675/3841/151
f 2616/3843/151 2619/3597/151 2676/3600/151 2700/3844/151
f 2412/3845/665 2436/3846/665 2611/3847/665 2435/3848/665
f 2435/3848/666 2611/3847/666 2612/3849/666 2434/3850/666
f 2434/3850/667 2612/3849/667 2613/3840/667 2433/3839/667
f 2436/3846/668 2437/3851/668 2614/3852/668 2611/3847/668
f 2611/3847/669 2614/3852/669 2615/3853/669 2612/3849/669
f 2612/3849/667 2615/3853/667 2616/3843/667 2613/3840/667
f 2437/3851/668 2438/3854/668 2617/3855/668 2614/3852/668
f 2614/3852/670 2617/3855/670 2618/3856/670 2615/3853/670
f 2615/3853/667 2618/3856/667 2619/3597/667 2616/3843/667
f 2438/3854/665 2413/3857/665 2439/3858/665 2617/3855/665
f 2617/3855/671 2439/3858/671 2440/3859/671 2618/3856/671
f 2618/3856/667 2440/3859/667 2441/3598/667 2619/3597/667
f 2431/3860/543 2620/3861/543 2621/3862/543 2432/3863/543
f 2432/3863/543 2621/3862/543 2808/3864/543 2764/3865/543 2763/3866/543
f 2620/3861/543 2622/3867/543 2623/3868/543 2621/3862/543
f 2621/3862/543 2623/3868/543 2809/3869/543 2808/3864/543
f 2622/3867/543 2624/3870/543 2625/3871/543 2623/3868/543
f 2623/3868/543 2625/3871/543 2807/3872/543 2809/3869/543
f 2639/3873/664 2640/3874/664 2469/3772/664 2568/3770/664
f 2624/3870/543 2423/3875/543 2422/3876/543 2625/3871/543
f 2625/3871/543 2422/3876/543 2805/3877/543 2807/3872/543
f 2420/3878/635 2626/3879/635 2627/3880/635 2421/3881/635
f 2421/3881/635 2627/3880/635 2801/3882/635 2802/3883/635
f 2626/3879/635 2628/3884/635 2629/3885/635 2627/3880/635
f 2627/3880/635 2629/3885/635 2767/3886/635 2766/3887/635 2801/3882/635
f 2628/3884/635 2630/3888/635 2631/3889/635 2629/3885/635
f 2629/3885/635 2631/3889/635 2769/3890/635 2767/3886/635
f 2630/3888/635 2430/3891/635 2429/3892/635 2631/3889/635
f 2631/3889/635 2429/3892/635 2770/3893/635 2769/3890/635
f 2781/3894/545 2780/3895/545 2788/3896/545 2271/3340/545 2269/3335/545
f 2783/3897/545 2781/3894/545 2269/3335/545 2266/3334/545
f 2787/3898/545 2786/3899/545 2791/3900/545 2790/3901/545
f 2430/3891/152 2632/3902/152 2633/3903/152 2429/3892/152
f 2429/3892/152 2633/3903/152 2761/3904/152 2768/3905/152 2770/3893/152
f 2695/3906/672 2692/3907/672 2698/3908/672
f 2632/3902/152 2635/3909/152 2636/3910/152 2633/3903/152
f 2633/3903/152 2636/3910/152 2760/3911/152 2761/3904/152
f 2635/3909/152 2637/3912/152 2638/3913/152 2636/3910/152
f 2636/3910/152 2638/3913/152 2634/3914/152 2760/3911/152
f 2401/3915/125 2683/3916/125 2681/3917/125 2201/3918/125 2206/3919/125 2205/3920/125 2188/3921/125 2659/3922/125 2662/3923/125 2665/3924/125 2671/3925/125 2679/3926/125 2677/3927/125 2669/3928/125 2686/3929/125 2688/3930/125
f 2637/3912/152 2431/3860/152 2432/3863/152 2638/3913/152
f 2638/3913/152 2432/3863/152 2763/3866/152 2634/3914/152
f 2203/3931/125 2202/3932/125 2402/3933/125 2404/3934/125 2448/3935/125 2444/3936/125 2608/3937/125 2609/3938/125 2446/3939/125 2610/3940/125 2447/3941/125 2411/3942/125 2428/3943/125 2607/3944/125 2445/3945/125 2449/3946/125 2403/3947/125
f 2425/3948/125 2427/3949/125 2641/3950/125 2643/3951/125 2645/3952/125 2652/3953/125 2653/3954/125 2654/3955/125 2424/3956/125 2187/3957/125 2442/3958/125 2655/3959/125 2644/3960/125 2426/3961/125 2642/3962/125 2640/3963/125 2639/3964/125
f 2425/3965/664 2639/3873/664 2568/3770/664 2565/3768/664
f 2686/3966/662 2669/3833/662 2287/3380/662 2260/3379/662
f 2427/3836/664 2425/3965/664 2565/3768/664 2562/3765/664
f 2420/3967/151 2647/3968/151 2668/3969/151 2670/3970/151
f 2647/3968/151 2649/3971/151 2666/3972/151 2668/3969/151
f 2649/3971/151 2651/3593/151 2664/3596/151 2666/3972/151
f 2775/3973/544 2771/3974/544 2265/3361/544 2279/3358/544
f 2421/3975/151 2646/3976/151 2647/3968/151 2420/3967/151
f 2789/3977/545 2787/3898/545 2790/3901/545 2788/3896/545
f 2646/3976/151 2648/3978/151 2649/3971/151 2647/3968/151
f 2648/3978/151 2650/3979/151 2651/3593/151 2649/3971/151
f 2772/3980/544 2773/3981/544 2797/3982/544 2798/3983/544
f 2650/3979/151 2422/3984/151 2423/3594/151 2651/3593/151
f 2402/3985/664 2202/3986/664 2521/3685/664 2519/3680/664
f 2202/3986/662 2203/3837/662 2523/3688/662 2521/3685/662
f 2404/3987/664 2402/3985/664 2519/3680/664 2492/3679/664
f 2698/3988/609 2692/3823/609 2458/3814/609 2589/3811/609 2461/3810/609
f 2661/3989/635 2680/3990/635 2430/3891/635 2630/3888/635
f 2705/3991/545 2704/3992/545 2383/3543/545 2209/3542/545
f 2677/3834/664 2679/3831/664 2291/3382/664 2289/3381/664
f 2701/3993/126 2684/3994/126 2675/3995/126 2700/3996/126 2676/3997/126 2696/3998/126 2702/3999/126 2694/4000/126 2693/4001/126 2691/4002/126 2689/4003/126 2697/4004/126 2699/4005/126 2690/4006/126 2685/4007/126 2687/4008/126
f 2717/4009/126 2713/4010/126 2712/4011/126 2710/4012/126 2709/4013/126 2708/4014/126 2706/4015/126 2704/4016/126 2705/4017/126 2703/4018/126 2711/4019/126 2714/4020/126 2718/4021/126 2719/4022/126 2715/4023/126 2716/4024/126
f 2658/4025/126 2660/4026/126 2667/4027/126 2682/4028/126 2678/4029/126 2680/4030/126 2661/4031/126 2657/4032/126 2656/4033/126 2670/4034/126 2668/4035/126 2666/4036/126 2664/4037/126 2673/4038/126 2672/4039/126 2663/4040/126
f 2699/4041/152 2697/4042/152 2601/3827/152 2598/3825/152
f 2687/4043/635 2685/4044/635 2586/3800/635 2583/3798/635
f 2711/4045/152 2703/4046/152 2399/3578/152 2397/3575/152
f 2718/4047/152 2714/4048/152 2395/3572/152 2208/3569/152
f 2704/3992/545 2706/4049/545 2385/3548/545 2383/3543/545
f 2703/4046/152 2705/3991/152 2209/3542/152 2399/3578/152
f 2656/4050/635 2657/4051/635 2628/3884/635 2626/3879/635
f 2680/3990/152 2678/4052/152 2632/3902/152 2430/3891/152
f 2702/4053/543 2696/4054/543 2441/3786/543 2577/3784/543
f 2663/4055/543 2672/4056/543 2624/3870/543 2622/3867/543
f 2701/4057/635 2687/4043/635 2583/3798/635 2580/3795/635
f 2684/4058/635 2701/4057/635 2580/3795/635 2433/3794/635
f 2678/4052/152 2682/4059/152 2635/3909/152 2632/3902/152
f 2691/4060/543 2693/4061/543 2571/3779/543 2453/3778/543
f 2714/4048/152 2711/4045/152 2397/3575/152 2395/3572/152
f 2660/4062/543 2658/4063/543 2620/3861/543 2431/3860/543
f 2658/4063/543 2663/4055/543 2622/3867/543 2620/3861/543
f 2708/4064/545 2709/4065/545 2200/3554/545 2387/3551/545
f 2657/4051/635 2661/3989/635 2630/3888/635 2628/3884/635
f 2693/4061/543 2694/4066/543 2574/3782/543 2571/3779/543
f 2667/4067/152 2660/4062/152 2431/3860/152 2637/3912/152
f 2706/4049/545 2708/4064/545 2387/3551/545 2385/3548/545
f 2719/4068/544 2718/4047/544 2208/3569/544 2393/3566/544
f 2685/4044/635 2690/4069/635 2452/3802/635 2586/3800/635
f 2682/4059/152 2667/4067/152 2637/3912/152 2635/3909/152
f 2715/4070/544 2719/4068/544 2393/3566/544 2391/3563/544
f 2694/4066/543 2702/4053/543 2577/3784/543 2574/3782/543
f 2697/4042/152 2689/4071/152 2604/3829/152 2601/3827/152
f 2670/4072/635 2656/4050/635 2626/3879/635 2420/3878/635
f 2716/4073/544 2715/4070/544 2391/3563/544 2389/3558/544
f 2717/4074/544 2716/4073/544 2389/3558/544 2197/3557/544
f 2672/4056/543 2673/4075/543 2423/3875/543 2624/3870/543
f 2689/4071/152 2691/4060/152 2453/3778/152 2604/3829/152
f 2690/4069/152 2699/4041/152 2598/3825/152 2452/3802/152
f 2750/4076/673 2749/4077/673 2468/4078/673 2443/4079/673 2417/4080/673 2268/4081/673 2204/4082/673 2261/4083/673 2748/4084/673
f 2748/4085/151 2261/4086/151 2199/3592/151 2409/3591/151
f 2723/4087/151 2724/4088/151 2374/3533/151 2213/3532/151
f 2674/4089/635 2707/4090/635 2508/3668/635 2506/3667/635
f 2745/4091/543 2743/4092/543 2500/3656/543 2497/3655/543
f 2738/4093/543 2739/4094/543 2494/3659/543 2504/3658/543
f 2744/4095/674 2745/4091/674 2497/3655/674 2517/3678/674
f 2736/4096/675 2732/4097/675 2735/4098/675 2733/4099/675 2731/4100/675 2734/4101/675 2737/4102/675
f 2512/4103/635 2742/4104/635 2496/3670/635 2510/3669/635
f 2543/4105/635 2674/4089/635 2506/3667/635 2491/3666/635
f 2749/4077/676 2750/4076/676 2754/4106/676 2755/4107/676 2756/4108/676 2757/4109/676 2759/4110/676 2758/4111/676 2753/4112/676 2752/4113/676 2751/4114/676
f 2543/4115/677 2499/4116/677 2490/4117/677 2741/4118/677 2739/4119/677 2738/4120/677 2740/4121/677 2743/4122/677 2745/4123/677 2744/4124/677 2746/4125/677 2747/4126/677 2742/4127/677 2512/4128/677 2707/4129/677 2674/4130/677
f 2747/4131/674 2746/4132/674 2515/3677/674 2513/3676/674
f 2742/4104/674 2747/4131/674 2513/3676/674 2496/3670/674
f 2732/4097/678 2736/4096/678 2730/4133/678 2728/4134/678 2724/4135/678 2723/4136/678 2720/4137/678 2721/4138/678 2722/4139/678 2726/4140/678 2725/4141/678 2727/4142/678 2729/4143/678
f 2707/4090/635 2512/4103/635 2510/3669/635 2508/3668/635
f 2756/4144/151 2755/4145/151 2405/3589/151 2198/3588/151
f 2746/4132/674 2744/4095/674 2517/3678/674 2515/3677/674
f 2755/4145/151 2754/4146/151 2407/3590/151 2405/3589/151
f 2740/4147/543 2738/4093/543 2504/3658/543 2502/3657/543
f 2728/4148/151 2730/4149/151 2380/3538/151 2377/3536/151
f 2754/4146/151 2750/4150/151 2748/4085/151 2409/3591/151 2407/3590/151
f 2724/4088/151 2728/4148/151 2377/3536/151 2374/3533/151
f 2743/4092/543 2740/4147/543 2502/3657/543 2500/3656/543
f 2730/4149/151 2736/4151/151 2737/4152/151 2214/3540/151 2380/3538/151
f 2773/3981/544 2774/4153/544 2797/3982/544
f 2766/4154/679 2765/4155/679 2762/4156/679 2803/4157/679 2804/4158/679 2802/4159/679 2801/4160/679
f 2794/4161/545 2795/4162/545 2775/3973/545 2279/3358/545 2277/3355/545
f 2771/3974/594 2777/4163/594 2281/3364/594 2265/3361/594
f 2765/4164/680 2768/4165/680 2761/4166/680 2760/4167/680 2634/4168/680 2763/4169/680 2764/4170/680 2762/4171/680
f 2780/3895/681 2789/3977/681 2788/3896/681
f 2782/4172/594 2783/3897/594 2266/3334/594 2285/3370/594
f 2777/4163/594 2776/4173/594 2283/3367/594 2281/3364/594
f 2776/4173/594 2782/4172/594 2285/3370/594 2283/3367/594
f 2768/4165/682 2765/4164/682 2766/4174/682 2767/4175/682 2769/4176/682 2770/4177/682
f 2822/4178/152 2819/4179/152 2818/4180/152 2323/3436/152 2320/3434/152
f 2797/3982/544 2774/4153/544 2792/4181/544 2794/4161/544 2277/3355/544 2275/3350/544
f 2811/4182/545 2813/4183/545 2293/3389/545 2247/3388/545
f 2810/4184/151 2805/4185/151 2422/3984/151 2650/3979/151
f 2788/3896/545 2790/3901/545 2273/3343/545 2271/3340/545
f 2806/4186/151 2810/4184/151 2650/3979/151 2648/3978/151
f 2812/4187/152 2811/4182/152 2247/3388/152 2326/3438/152
f 2827/4188/544 2823/4189/544 2246/3412/544 2308/3410/544
f 2804/4190/151 2803/4191/151 2806/4186/151 2648/3978/151 2646/3976/151
f 2813/4183/545 2814/4192/545 2296/3392/545 2293/3389/545
f 2819/4193/683 2821/4194/683 2820/4195/683 2817/4196/683 2816/4197/683 2815/4198/683 2814/4199/683 2813/4200/683 2811/4201/683 2812/4202/683 2818/4203/683
f 2803/4157/684 2762/4156/684 2764/4204/684 2808/4205/684 2809/4206/684 2807/4207/684 2805/4208/684 2810/4209/684 2806/4210/684
f 2828/4211/544 2827/4188/544 2308/3410/544 2305/3408/544
f 2818/4180/152 2812/4187/152 2326/3438/152 2323/3436/152
f 2802/4212/151 2804/4190/151 2646/3976/151 2421/3975/151
f 2814/4192/545 2815/4213/545 2299/3394/545 2296/3392/545
f 2799/3378/550 2793/3333/550 2785/4214/550 2778/4215/550
f 2793/3333/550 2791/3332/550 2786/4216/550 2785/4214/550
f 2798/3376/550 2800/3375/550 2779/4217/550 2772/4218/550
f 2821/4194/685 2819/4193/685 2822/4219/685 2823/4220/685 2827/4221/685 2828/4222/685 2826/4223/685 2825/4224/685 2824/4225/685
f 2826/4226/544 2828/4211/544 2305/3408/544 2302/3405/544
f 2823/4189/152 2822/4178/152 2320/3434/152 2246/3412/152
f 2798/3983/544 2797/3982/544 2275/3350/544 2259/3349/544
f 2800/3375/550 2799/3378/550 2778/4215/550 2779/4217/550
f 2790/3901/545 2791/3900/545 2263/3346/545 2273/3343/545
f 2825/4227/544 2826/4226/544 2302/3405/544 2235/3404/544
f 2815/4213/545 2816/4228/545 2243/3396/545 2299/3394/545
usemtl Material.001
f 779/1163/686 765/1162/686 766/1171/686 780/1312/686
f 764/1314/3 767/1313/3 768/1311/3 763/1310/3
f 767/1313/3 769/1316/3 770/1158/3 768/1311/3
f 769/1316/3 771/1169/3 772/1159/3 770/1158/3
f 771/1169/687 773/1165/687 774/1167/687 772/1159/687
f 773/1165/688 775/1107/688 776/1173/688 774/1167/688
f 775/1107/689 777/1106/689 778/1315/689 776/1173/689
f 777/1106/690 779/1163/690 780/1312/690 778/1315/690
f 797/1318/691 781/1317/691 782/1189/691 798/1103/691
f 784/1183/151 785/1177/151 786/1320/151 783/1319/151
f 785/1177/151 787/1176/151 788/1322/151 786/1320/151
f 787/1176/151 789/1181/151 790/1324/151 788/1322/151
f 789/1181/692 791/1187/692 792/1185/692 790/1324/692
f 791/1187/693 793/1323/693 794/1179/693 792/1185/693
f 793/1323/694 795/1321/694 796/1102/694 794/1179/694
f 795/1321/695 797/1318/695 798/1103/695 796/1102/695
f 815/1111/696 799/1110/696 800/1139/696 816/1138/696
f 802/1142/1 803/1147/1 804/1150/1 801/1143/1
f 803/1147/1 805/1146/1 806/1151/1 804/1150/1
f 805/1146/1 807/1153/1 808/1155/1 806/1151/1
f 807/1153/697 809/1330/697 810/1329/697 808/1155/697
f 809/1330/698 811/1328/698 812/1327/698 810/1329/698
f 811/1328/699 813/1326/699 814/1325/699 812/1327/699
f 813/1326/700 815/1111/700 816/1138/700 814/1325/700
f 833/1335/701 819/1125/701 820/1124/701 834/1336/701
f 818/1134/152 821/1334/152 822/1331/152 817/1135/152
f 821/1334/152 823/1332/152 824/1333/152 822/1331/152
f 823/1332/152 825/1119/152 826/1114/152 824/1333/152
f 825/1119/702 827/1118/702 828/1115/702 826/1114/702
f 827/1118/703 829/1127/703 830/1121/703 828/1115/703
f 829/1127/704 831/1131/704 832/1129/704 830/1121/704
f 831/1131/705 833/1335/705 834/1336/705 832/1129/705
l 598 610
l 1500 1512
l 2142 2154
l 2784 2796
